Save state for this run: user://headless_scratch.pid40128.save (C:\Users\gotmi\AppData\Roaming\Godot\app_userdata\plant-tower-defense\headless_scratch.pid40128.save) -- kept after the run, not deleted
Godot Engine v4.7.1.stable.official.a13da4feb - https://godotengine.org

WARNING: Sfx: no audio stream for 'no_such_cue' () — that cue will be silent.
   at: push_warning (core/variant/variant_utility.cpp:1033)
   GDScript backtrace (most recent call first):
       [0] stream_for (res://game/sfx.gd:977)
       [1] test_playing_an_unknown_event_is_a_silent_no_op (res://test/unit/test_combat.gd:922)
       [2] _run_single_test (res://tools/run_tests.gd:557)
       [3] _run_all_tests (res://tools/run_tests.gd:451)
       [4] _run_single_test (res://tools/run_tests.gd:583)
       [5] test_the_bed_counts_walkers_not_corpses (res://test/unit/test_combat.gd:909)
       [6] instantiate_scene (res://tools/run_tests.gd:893)
ERROR: Attempted to set an invalid (previously freed?) object instance into a 'TypedArray'.
   at: _internal_validate_object (./core/variant/container_type_validate.h:97)
   GDScript backtrace (most recent call first):
       [0] test_a_dandelion_skips_a_pest_freed_under_it (res://test/unit/test_combat.gd:8318)
       [1] _run_single_test (res://tools/run_tests.gd:557)
       [2] _run_all_tests (res://tools/run_tests.gd:451)
       [3] _run_single_test (res://tools/run_tests.gd:583)
       [4] test_a_locusts_effective_speed_climbs_with_its_own_kind_and_ignores_everyone_else (res://test/unit/test_combat.gd:8064)
       [5] instantiate_scene (res://tools/run_tests.gd:893)
ERROR: Condition "!_p->typed.validate(value, "set")" is true.
   at: set (core/variant/array.cpp:520)
   GDScript backtrace (most recent call first):
       [0] test_a_dandelion_skips_a_pest_freed_under_it (res://test/unit/test_combat.gd:8318)
       [1] _run_single_test (res://tools/run_tests.gd:557)
       [2] _run_all_tests (res://tools/run_tests.gd:451)
       [3] _run_single_test (res://tools/run_tests.gd:583)
       [4] test_a_locusts_effective_speed_climbs_with_its_own_kind_and_ignores_everyone_else (res://test/unit/test_combat.gd:8064)
       [5] instantiate_scene (res://tools/run_tests.gd:893)
WARNING: RunConfig: refusing user://test_economy_highscore.save because its campaign score  is not a number. High scores left as they are (campaign 4321, endless 8765).
   at: push_warning (core/variant/variant_utility.cpp:1033)
   GDScript backtrace (most recent call first):
       [0] _load (res://game/run_config.gd:1752)
       [1] _assert_refused (res://test/unit/test_economy.gd:972)
       [2] <anonymous lambda> (res://test/unit/test_economy.gd:1081)
       [3] _with_scratch_save (res://test/unit/test_economy.gd:827)
       [4] test_a_truncated_save_leaves_the_records_alone (res://test/unit/test_economy.gd:1080)
       [5] _run_single_test (res://tools/run_tests.gd:557)
       [6] _run_all_tests (res://tools/run_tests.gd:451)
       [7] _run_single_test (res://tools/run_tests.gd:583)
       [8] test_a_refund_still_pays_the_player_exactly_what_it_promised (res://test/unit/test_economy.gd:727)
       [9] instantiate_scene (res://tools/run_tests.gd:893)
WARNING: RunConfig: refusing user://test_economy_highscore.save because its endless score  is not a number. High scores left as they are (campaign 4321, endless 8765).
   at: push_warning (core/variant/variant_utility.cpp:1033)
   GDScript backtrace (most recent call first):
       [0] _load (res://game/run_config.gd:1752)
       [1] _assert_refused (res://test/unit/test_economy.gd:972)
       [2] <anonymous lambda> (res://test/unit/test_economy.gd:1081)
       [3] _with_scratch_save (res://test/unit/test_economy.gd:827)
       [4] test_a_truncated_save_leaves_the_records_alone (res://test/unit/test_economy.gd:1080)
       [5] _run_single_test (res://tools/run_tests.gd:557)
       [6] _run_all_tests (res://tools/run_tests.gd:451)
       [7] _run_single_test (res://tools/run_tests.gd:583)
       [8] test_a_refund_still_pays_the_player_exactly_what_it_promised (res://test/unit/test_economy.gd:727)
       [9] instantiate_scene (res://tools/run_tests.gd:893)
WARNING: RunConfig: refusing user://test_economy_highscore.save because its endless score  is not a number. High scores left as they are (campaign 4321, endless 8765).
   at: push_warning (core/variant/variant_utility.cpp:1033)
   GDScript backtrace (most recent call first):
       [0] _load (res://game/run_config.gd:1752)
       [1] _assert_refused (res://test/unit/test_economy.gd:972)
       [2] <anonymous lambda> (res://test/unit/test_economy.gd:1081)
       [3] _with_scratch_save (res://test/unit/test_economy.gd:827)
       [4] test_a_truncated_save_leaves_the_records_alone (res://test/unit/test_economy.gd:1080)
       [5] _run_single_test (res://tools/run_tests.gd:557)
       [6] _run_all_tests (res://tools/run_tests.gd:451)
       [7] _run_single_test (res://tools/run_tests.gd:583)
       [8] test_a_refund_still_pays_the_player_exactly_what_it_promised (res://test/unit/test_economy.gd:727)
       [9] instantiate_scene (res://tools/run_tests.gd:893)
WARNING: RunConfig: refusing user://test_economy_highscore.save because its endless score  is not a number. High scores left as they are (campaign 4321, endless 8765).
   at: push_warning (core/variant/variant_utility.cpp:1033)
   GDScript backtrace (most recent call first):
       [0] _load (res://game/run_config.gd:1752)
       [1] _assert_refused (res://test/unit/test_economy.gd:972)
       [2] <anonymous lambda> (res://test/unit/test_economy.gd:1081)
       [3] _with_scratch_save (res://test/unit/test_economy.gd:827)
       [4] test_a_truncated_save_leaves_the_records_alone (res://test/unit/test_economy.gd:1080)
       [5] _run_single_test (res://tools/run_tests.gd:557)
       [6] _run_all_tests (res://tools/run_tests.gd:451)
       [7] _run_single_test (res://tools/run_tests.gd:583)
       [8] test_a_refund_still_pays_the_player_exactly_what_it_promised (res://test/unit/test_economy.gd:727)
       [9] instantiate_scene (res://tools/run_tests.gd:893)
WARNING: RunConfig: refusing user://test_economy_highscore.save because it is empty. High scores left as they are (campaign 4321, endless 8765).
   at: push_warning (core/variant/variant_utility.cpp:1033)
   GDScript backtrace (most recent call first):
       [0] _load (res://game/run_config.gd:1752)
       [1] _assert_refused (res://test/unit/test_economy.gd:972)
       [2] <anonymous lambda> (res://test/unit/test_economy.gd:1100)
       [3] _with_scratch_save (res://test/unit/test_economy.gd:827)
       [4] test_a_garbage_save_leaves_the_records_alone (res://test/unit/test_economy.gd:1099)
       [5] _run_single_test (res://tools/run_tests.gd:557)
       [6] _run_all_tests (res://tools/run_tests.gd:451)
       [7] _run_single_test (res://tools/run_tests.gd:583)
       [8] test_a_refund_still_pays_the_player_exactly_what_it_promised (res://test/unit/test_economy.gd:727)
       [9] instantiate_scene (res://tools/run_tests.gd:893)
WARNING: RunConfig: refusing user://test_economy_highscore.save because its first line hello there is neither a version nor a score. High scores left as they are (campaign 4321, endless 8765).
   at: push_warning (core/variant/variant_utility.cpp:1033)
   GDScript backtrace (most recent call first):
       [0] _load (res://game/run_config.gd:1752)
       [1] _assert_refused (res://test/unit/test_economy.gd:972)
       [2] <anonymous lambda> (res://test/unit/test_economy.gd:1100)
       [3] _with_scratch_save (res://test/unit/test_economy.gd:827)
       [4] test_a_garbage_save_leaves_the_records_alone (res://test/unit/test_economy.gd:1099)
       [5] _run_single_test (res://tools/run_tests.gd:557)
       [6] _run_all_tests (res://tools/run_tests.gd:451)
       [7] _run_single_test (res://tools/run_tests.gd:583)
       [8] test_a_refund_still_pays_the_player_exactly_what_it_promised (res://test/unit/test_economy.gd:727)
       [9] instantiate_scene (res://tools/run_tests.gd:893)
WARNING: RunConfig: refusing user://test_economy_highscore.save because its version header vX is not a number. High scores left as they are (campaign 4321, endless 8765).
   at: push_warning (core/variant/variant_utility.cpp:1033)
   GDScript backtrace (most recent call first):
       [0] _load (res://game/run_config.gd:1752)
       [1] _assert_refused (res://test/unit/test_economy.gd:972)
       [2] <anonymous lambda> (res://test/unit/test_economy.gd:1100)
       [3] _with_scratch_save (res://test/unit/test_economy.gd:827)
       [4] test_a_garbage_save_leaves_the_records_alone (res://test/unit/test_economy.gd:1099)
       [5] _run_single_test (res://tools/run_tests.gd:557)
       [6] _run_all_tests (res://tools/run_tests.gd:451)
       [7] _run_single_test (res://tools/run_tests.gd:583)
       [8] test_a_refund_still_pays_the_player_exactly_what_it_promised (res://test/unit/test_economy.gd:727)
       [9] instantiate_scene (res://tools/run_tests.gd:893)
WARNING: RunConfig: refusing user://test_economy_highscore.save because its campaign score lots is not a number. High scores left as they are (campaign 4321, endless 8765).
   at: push_warning (core/variant/variant_utility.cpp:1033)
   GDScript backtrace (most recent call first):
       [0] _load (res://game/run_config.gd:1752)
       [1] _assert_refused (res://test/unit/test_economy.gd:972)
       [2] <anonymous lambda> (res://test/unit/test_economy.gd:1100)
       [3] _with_scratch_save (res://test/unit/test_economy.gd:827)
       [4] test_a_garbage_save_leaves_the_records_alone (res://test/unit/test_economy.gd:1099)
       [5] _run_single_test (res://tools/run_tests.gd:557)
       [6] _run_all_tests (res://tools/run_tests.gd:451)
       [7] _run_single_test (res://tools/run_tests.gd:583)
       [8] test_a_refund_still_pays_the_player_exactly_what_it_promised (res://test/unit/test_economy.gd:727)
       [9] instantiate_scene (res://tools/run_tests.gd:893)
WARNING: RunConfig: refusing user://test_economy_highscore.save because its campaign score 12.5 is not a number. High scores left as they are (campaign 4321, endless 8765).
   at: push_warning (core/variant/variant_utility.cpp:1033)
   GDScript backtrace (most recent call first):
       [0] _load (res://game/run_config.gd:1752)
       [1] _assert_refused (res://test/unit/test_economy.gd:972)
       [2] <anonymous lambda> (res://test/unit/test_economy.gd:1100)
       [3] _with_scratch_save (res://test/unit/test_economy.gd:827)
       [4] test_a_garbage_save_leaves_the_records_alone (res://test/unit/test_economy.gd:1099)
       [5] _run_single_test (res://tools/run_tests.gd:557)
       [6] _run_all_tests (res://tools/run_tests.gd:451)
       [7] _run_single_test (res://tools/run_tests.gd:583)
       [8] test_a_refund_still_pays_the_player_exactly_what_it_promised (res://test/unit/test_economy.gd:727)
       [9] instantiate_scene (res://tools/run_tests.gd:893)
WARNING: RunConfig: refusing user://test_economy_highscore.save because its campaign score -40 is not a number. High scores left as they are (campaign 4321, endless 8765).
   at: push_warning (core/variant/variant_utility.cpp:1033)
   GDScript backtrace (most recent call first):
       [0] _load (res://game/run_config.gd:1752)
       [1] _assert_refused (res://test/unit/test_economy.gd:972)
       [2] <anonymous lambda> (res://test/unit/test_economy.gd:1100)
       [3] _with_scratch_save (res://test/unit/test_economy.gd:827)
       [4] test_a_garbage_save_leaves_the_records_alone (res://test/unit/test_economy.gd:1099)
       [5] _run_single_test (res://tools/run_tests.gd:557)
       [6] _run_all_tests (res://tools/run_tests.gd:451)
       [7] _run_single_test (res://tools/run_tests.gd:583)
       [8] test_a_refund_still_pays_the_player_exactly_what_it_promised (res://test/unit/test_economy.gd:727)
       [9] instantiate_scene (res://tools/run_tests.gd:893)
WARNING: RunConfig: refusing user://test_economy_highscore.save because it is version 11 and this build reads at most 10. High scores left as they are (campaign 4321, endless 8765).
   at: push_warning (core/variant/variant_utility.cpp:1033)
   GDScript backtrace (most recent call first):
       [0] _load (res://game/run_config.gd:1752)
       [1] _assert_refused (res://test/unit/test_economy.gd:972)
       [2] <anonymous lambda> (res://test/unit/test_economy.gd:1118)
       [3] _with_scratch_save (res://test/unit/test_economy.gd:827)
       [4] test_a_save_from_a_newer_build_is_refused_not_reinterpreted (res://test/unit/test_economy.gd:1117)
       [5] _run_single_test (res://tools/run_tests.gd:557)
       [6] _run_all_tests (res://tools/run_tests.gd:451)
       [7] _run_single_test (res://tools/run_tests.gd:583)
       [8] test_a_refund_still_pays_the_player_exactly_what_it_promised (res://test/unit/test_economy.gd:727)
       [9] instantiate_scene (res://tools/run_tests.gd:893)
WARNING: RunConfig: refusing user://test_economy_highscore.save because it is version 17 and this build reads at most 10. High scores left as they are (campaign 4321, endless 8765).
   at: push_warning (core/variant/variant_utility.cpp:1033)
   GDScript backtrace (most recent call first):
       [0] _load (res://game/run_config.gd:1752)
       [1] _assert_refused (res://test/unit/test_economy.gd:972)
       [2] <anonymous lambda> (res://test/unit/test_economy.gd:1118)
       [3] _with_scratch_save (res://test/unit/test_economy.gd:827)
       [4] test_a_save_from_a_newer_build_is_refused_not_reinterpreted (res://test/unit/test_economy.gd:1117)
       [5] _run_single_test (res://tools/run_tests.gd:557)
       [6] _run_all_tests (res://tools/run_tests.gd:451)
       [7] _run_single_test (res://tools/run_tests.gd:583)
       [8] test_a_refund_still_pays_the_player_exactly_what_it_promised (res://test/unit/test_economy.gd:727)
       [9] instantiate_scene (res://tools/run_tests.gd:893)
WARNING: RunConfig: refusing user://test_economy_highscore.save because its campaign score not-a-number is not a number. High scores left as they are (campaign 4321, endless 8765).
   at: push_warning (core/variant/variant_utility.cpp:1033)
   GDScript backtrace (most recent call first):
       [0] _load (res://game/run_config.gd:1752)
       [1] _assert_refused (res://test/unit/test_economy.gd:972)
       [2] <anonymous lambda> (res://test/unit/test_economy.gd:1302)
       [3] _with_scratch_save (res://test/unit/test_economy.gd:827)
       [4] test_a_refused_save_is_not_immediately_overwritten (res://test/unit/test_economy.gd:1301)
       [5] _run_single_test (res://tools/run_tests.gd:557)
       [6] _run_all_tests (res://tools/run_tests.gd:451)
       [7] _run_single_test (res://tools/run_tests.gd:583)
       [8] test_a_refund_still_pays_the_player_exactly_what_it_promised (res://test/unit/test_economy.gd:727)
       [9] instantiate_scene (res://tools/run_tests.gd:893)
WARNING: RunConfig: 'seen_move_tip' is a HINT, not an achievement — refusing to record it here. Use spend_hint(id, shown) so the record cannot outrun the sight of it.
   at: push_warning (core/variant/variant_utility.cpp:1033)
   GDScript backtrace (most recent call first):
       [0] record_milestones (res://game/run_config.gd:1009)
       [1] <anonymous lambda> (res://test/unit/test_economy.gd:1437)
       [2] _with_scratch_save (res://test/unit/test_economy.gd:827)
       [3] test_a_hint_cannot_be_recorded_through_the_achievement_door (res://test/unit/test_economy.gd:1436)
       [4] _run_single_test (res://tools/run_tests.gd:557)
       [5] _run_all_tests (res://tools/run_tests.gd:451)
       [6] _run_single_test (res://tools/run_tests.gd:583)
       [7] test_a_refund_still_pays_the_player_exactly_what_it_promised (res://test/unit/test_economy.gd:727)
       [8] instantiate_scene (res://tools/run_tests.gd:893)
WARNING: RunConfig: 'threat_peak' is not in HINTS — refusing to spend it as a hint. An achievement is earned by doing, so use record_milestones; a new hint needs adding to HINTS first.
   at: push_warning (core/variant/variant_utility.cpp:1033)
   GDScript backtrace (most recent call first):
       [0] spend_hint (res://game/run_config.gd:1107)
       [1] <anonymous lambda> (res://test/unit/test_economy.gd:1457)
       [2] _with_scratch_save (res://test/unit/test_economy.gd:827)
       [3] test_an_achievement_cannot_be_spent_as_a_hint (res://test/unit/test_economy.gd:1456)
       [4] _run_single_test (res://tools/run_tests.gd:557)
       [5] _run_all_tests (res://tools/run_tests.gd:451)
       [6] _run_single_test (res://tools/run_tests.gd:583)
       [7] test_a_refund_still_pays_the_player_exactly_what_it_promised (res://test/unit/test_economy.gd:727)
       [8] instantiate_scene (res://tools/run_tests.gd:893)
WARNING: RunConfig: 'not_an_id_at_all' is not in HINTS — refusing to spend it as a hint. An achievement is earned by doing, so use record_milestones; a new hint needs adding to HINTS first.
   at: push_warning (core/variant/variant_utility.cpp:1033)
   GDScript backtrace (most recent call first):
       [0] spend_hint (res://game/run_config.gd:1107)
       [1] <anonymous lambda> (res://test/unit/test_economy.gd:1463)
       [2] _with_scratch_save (res://test/unit/test_economy.gd:827)
       [3] test_an_achievement_cannot_be_spent_as_a_hint (res://test/unit/test_economy.gd:1456)
       [4] _run_single_test (res://tools/run_tests.gd:557)
       [5] _run_all_tests (res://tools/run_tests.gd:451)
       [6] _run_single_test (res://tools/run_tests.gd:583)
       [7] test_a_refund_still_pays_the_player_exactly_what_it_promised (res://test/unit/test_economy.gd:727)
       [8] instantiate_scene (res://tools/run_tests.gd:893)
WARNING: RunConfig: refusing user://test_economy_highscore.save because it is version 3, which two development builds each defined differently, so its fields cannot be identified. High scores left as they are (campaign 4321, endless 8765).
   at: push_warning (core/variant/variant_utility.cpp:1033)
   GDScript backtrace (most recent call first):
       [0] _load (res://game/run_config.gd:1752)
       [1] _assert_refused (res://test/unit/test_economy.gd:972)
       [2] <anonymous lambda> (res://test/unit/test_economy.gd:1594)
       [3] _with_scratch_save (res://test/unit/test_economy.gd:827)
       [4] test_a_v3_save_with_a_broken_milestone_line_is_refused_whole (res://test/unit/test_economy.gd:1593)
       [5] _run_single_test (res://tools/run_tests.gd:557)
       [6] _run_all_tests (res://tools/run_tests.gd:451)
       [7] _run_single_test (res://tools/run_tests.gd:583)
       [8] test_a_refund_still_pays_the_player_exactly_what_it_promised (res://test/unit/test_economy.gd:727)
       [9] instantiate_scene (res://tools/run_tests.gd:893)
WARNING: RunConfig: refusing user://test_economy_highscore.save because it is version 3, which two development builds each defined differently, so its fields cannot be identified. High scores left as they are (campaign 4321, endless 8765).
   at: push_warning (core/variant/variant_utility.cpp:1033)
   GDScript backtrace (most recent call first):
       [0] _load (res://game/run_config.gd:1752)
       [1] _assert_refused (res://test/unit/test_economy.gd:972)
       [2] <anonymous lambda> (res://test/unit/test_economy.gd:1594)
       [3] _with_scratch_save (res://test/unit/test_economy.gd:827)
       [4] test_a_v3_save_with_a_broken_milestone_line_is_refused_whole (res://test/unit/test_economy.gd:1593)
       [5] _run_single_test (res://tools/run_tests.gd:557)
       [6] _run_all_tests (res://tools/run_tests.gd:451)
       [7] _run_single_test (res://tools/run_tests.gd:583)
       [8] test_a_refund_still_pays_the_player_exactly_what_it_promised (res://test/unit/test_economy.gd:727)
       [9] instantiate_scene (res://tools/run_tests.gd:893)
WARNING: RunConfig: refusing user://test_economy_highscore.save because it is version 3, which two development builds each defined differently, so its fields cannot be identified. High scores left as they are (campaign 4321, endless 8765).
   at: push_warning (core/variant/variant_utility.cpp:1033)
   GDScript backtrace (most recent call first):
       [0] _load (res://game/run_config.gd:1752)
       [1] _assert_refused (res://test/unit/test_economy.gd:972)
       [2] <anonymous lambda> (res://test/unit/test_economy.gd:1594)
       [3] _with_scratch_save (res://test/unit/test_economy.gd:827)
       [4] test_a_v3_save_with_a_broken_milestone_line_is_refused_whole (res://test/unit/test_economy.gd:1593)
       [5] _run_single_test (res://tools/run_tests.gd:557)
       [6] _run_all_tests (res://tools/run_tests.gd:451)
       [7] _run_single_test (res://tools/run_tests.gd:583)
       [8] test_a_refund_still_pays_the_player_exactly_what_it_promised (res://test/unit/test_economy.gd:727)
       [9] instantiate_scene (res://tools/run_tests.gd:893)
WARNING: RunConfig: refusing user://test_economy_highscore.save because it is version 3, which two development builds each defined differently, so its fields cannot be identified. High scores left as they are (campaign 4321, endless 8765).
   at: push_warning (core/variant/variant_utility.cpp:1033)
   GDScript backtrace (most recent call first):
       [0] _load (res://game/run_config.gd:1752)
       [1] _assert_refused (res://test/unit/test_economy.gd:972)
       [2] <anonymous lambda> (res://test/unit/test_economy.gd:1594)
       [3] _with_scratch_save (res://test/unit/test_economy.gd:827)
       [4] test_a_v3_save_with_a_broken_milestone_line_is_refused_whole (res://test/unit/test_economy.gd:1593)
       [5] _run_single_test (res://tools/run_tests.gd:557)
       [6] _run_all_tests (res://tools/run_tests.gd:451)
       [7] _run_single_test (res://tools/run_tests.gd:583)
       [8] test_a_refund_still_pays_the_player_exactly_what_it_promised (res://test/unit/test_economy.gd:727)
       [9] instantiate_scene (res://tools/run_tests.gd:893)
WARNING: RunConfig: refusing user://test_economy_highscore.save because it is version 3, which two development builds each defined differently, so its fields cannot be identified. High scores left as they are (campaign 4321, endless 8765).
   at: push_warning (core/variant/variant_utility.cpp:1033)
   GDScript backtrace (most recent call first):
       [0] _load (res://game/run_config.gd:1752)
       [1] _assert_refused (res://test/unit/test_economy.gd:972)
       [2] <anonymous lambda> (res://test/unit/test_economy.gd:1594)
       [3] _with_scratch_save (res://test/unit/test_economy.gd:827)
       [4] test_a_v3_save_with_a_broken_milestone_line_is_refused_whole (res://test/unit/test_economy.gd:1593)
       [5] _run_single_test (res://tools/run_tests.gd:557)
       [6] _run_all_tests (res://tools/run_tests.gd:451)
       [7] _run_single_test (res://tools/run_tests.gd:583)
       [8] test_a_refund_still_pays_the_player_exactly_what_it_promised (res://test/unit/test_economy.gd:727)
       [9] instantiate_scene (res://tools/run_tests.gd:893)
WARNING: RunConfig: refusing user://test_economy_highscore.save because it is version 3, which two development builds each defined differently, so its fields cannot be identified. High scores left as they are (campaign 4321, endless 8765).
   at: push_warning (core/variant/variant_utility.cpp:1033)
   GDScript backtrace (most recent call first):
       [0] _load (res://game/run_config.gd:1752)
       [1] _assert_refused (res://test/unit/test_economy.gd:972)
       [2] <anonymous lambda> (res://test/unit/test_economy.gd:1594)
       [3] _with_scratch_save (res://test/unit/test_economy.gd:827)
       [4] test_a_v3_save_with_a_broken_milestone_line_is_refused_whole (res://test/unit/test_economy.gd:1593)
       [5] _run_single_test (res://tools/run_tests.gd:557)
       [6] _run_all_tests (res://tools/run_tests.gd:451)
       [7] _run_single_test (res://tools/run_tests.gd:583)
       [8] test_a_refund_still_pays_the_player_exactly_what_it_promised (res://test/unit/test_economy.gd:727)
       [9] instantiate_scene (res://tools/run_tests.gd:893)
WARNING: RunConfig: refusing user://test_economy_highscore.save because it is version 3, which two development builds each defined differently, so its fields cannot be identified. High scores left as they are (campaign 4321, endless 8765).
   at: push_warning (core/variant/variant_utility.cpp:1033)
   GDScript backtrace (most recent call first):
       [0] _load (res://game/run_config.gd:1752)
       [1] _assert_refused (res://test/unit/test_economy.gd:972)
       [2] <anonymous lambda> (res://test/unit/test_economy.gd:1594)
       [3] _with_scratch_save (res://test/unit/test_economy.gd:827)
       [4] test_a_v3_save_with_a_broken_milestone_line_is_refused_whole (res://test/unit/test_economy.gd:1593)
       [5] _run_single_test (res://tools/run_tests.gd:557)
       [6] _run_all_tests (res://tools/run_tests.gd:451)
       [7] _run_single_test (res://tools/run_tests.gd:583)
       [8] test_a_refund_still_pays_the_player_exactly_what_it_promised (res://test/unit/test_economy.gd:727)
       [9] instantiate_scene (res://tools/run_tests.gd:893)
WARNING: RunConfig: refusing user://test_economy_highscore.save because it is version 3, which two development builds each defined differently, so its fields cannot be identified. High scores left as they are (campaign 4321, endless 8765).
   at: push_warning (core/variant/variant_utility.cpp:1033)
   GDScript backtrace (most recent call first):
       [0] _load (res://game/run_config.gd:1752)
       [1] _assert_refused (res://test/unit/test_economy.gd:972)
       [2] <anonymous lambda> (res://test/unit/test_economy.gd:1594)
       [3] _with_scratch_save (res://test/unit/test_economy.gd:827)
       [4] test_a_v3_save_with_a_broken_milestone_line_is_refused_whole (res://test/unit/test_economy.gd:1593)
       [5] _run_single_test (res://tools/run_tests.gd:557)
       [6] _run_all_tests (res://tools/run_tests.gd:451)
       [7] _run_single_test (res://tools/run_tests.gd:583)
       [8] test_a_refund_still_pays_the_player_exactly_what_it_promised (res://test/unit/test_economy.gd:727)
       [9] instantiate_scene (res://tools/run_tests.gd:893)
WARNING: RunConfig: refusing user://test_economy_highscore.save because its preferences line is not a preferences line. High scores left as they are (campaign 4321, endless 8765).
   at: push_warning (core/variant/variant_utility.cpp:1033)
   GDScript backtrace (most recent call first):
       [0] _load (res://game/run_config.gd:1752)
       [1] _assert_refused (res://test/unit/test_economy.gd:972)
       [2] <anonymous lambda> (res://test/unit/test_economy.gd:1723)
       [3] _with_scratch_save (res://test/unit/test_economy.gd:827)
       [4] test_a_save_with_a_broken_options_line_is_refused_whole (res://test/unit/test_economy.gd:1722)
       [5] _run_single_test (res://tools/run_tests.gd:557)
       [6] _run_all_tests (res://tools/run_tests.gd:451)
       [7] _run_single_test (res://tools/run_tests.gd:583)
       [8] test_a_refund_still_pays_the_player_exactly_what_it_promised (res://test/unit/test_economy.gd:727)
       [9] instantiate_scene (res://tools/run_tests.gd:893)
WARNING: RunConfig: refusing user://test_economy_highscore.save because its preferences line is not a preferences line. High scores left as they are (campaign 4321, endless 8765).
   at: push_warning (core/variant/variant_utility.cpp:1033)
   GDScript backtrace (most recent call first):
       [0] _load (res://game/run_config.gd:1752)
       [1] _assert_refused (res://test/unit/test_economy.gd:972)
       [2] <anonymous lambda> (res://test/unit/test_economy.gd:1723)
       [3] _with_scratch_save (res://test/unit/test_economy.gd:827)
       [4] test_a_save_with_a_broken_options_line_is_refused_whole (res://test/unit/test_economy.gd:1722)
       [5] _run_single_test (res://tools/run_tests.gd:557)
       [6] _run_all_tests (res://tools/run_tests.gd:451)
       [7] _run_single_test (res://tools/run_tests.gd:583)
       [8] test_a_refund_still_pays_the_player_exactly_what_it_promised (res://test/unit/test_economy.gd:727)
       [9] instantiate_scene (res://tools/run_tests.gd:893)
WARNING: RunConfig: refusing user://test_economy_highscore.save because its preferences line is not a preferences line. High scores left as they are (campaign 4321, endless 8765).
   at: push_warning (core/variant/variant_utility.cpp:1033)
   GDScript backtrace (most recent call first):
       [0] _load (res://game/run_config.gd:1752)
       [1] _assert_refused (res://test/unit/test_economy.gd:972)
       [2] <anonymous lambda> (res://test/unit/test_economy.gd:1723)
       [3] _with_scratch_save (res://test/unit/test_economy.gd:827)
       [4] test_a_save_with_a_broken_options_line_is_refused_whole (res://test/unit/test_economy.gd:1722)
       [5] _run_single_test (res://tools/run_tests.gd:557)
       [6] _run_all_tests (res://tools/run_tests.gd:451)
       [7] _run_single_test (res://tools/run_tests.gd:583)
       [8] test_a_refund_still_pays_the_player_exactly_what_it_promised (res://test/unit/test_economy.gd:727)
       [9] instantiate_scene (res://tools/run_tests.gd:893)
WARNING: RunConfig: refusing user://test_economy_highscore.save because its preferences line is not a preferences line. High scores left as they are (campaign 4321, endless 8765).
   at: push_warning (core/variant/variant_utility.cpp:1033)
   GDScript backtrace (most recent call first):
       [0] _load (res://game/run_config.gd:1752)
       [1] _assert_refused (res://test/unit/test_economy.gd:972)
       [2] <anonymous lambda> (res://test/unit/test_economy.gd:1723)
       [3] _with_scratch_save (res://test/unit/test_economy.gd:827)
       [4] test_a_save_with_a_broken_options_line_is_refused_whole (res://test/unit/test_economy.gd:1722)
       [5] _run_single_test (res://tools/run_tests.gd:557)
       [6] _run_all_tests (res://tools/run_tests.gd:451)
       [7] _run_single_test (res://tools/run_tests.gd:583)
       [8] test_a_refund_still_pays_the_player_exactly_what_it_promised (res://test/unit/test_economy.gd:727)
       [9] instantiate_scene (res://tools/run_tests.gd:893)
WARNING: RunConfig: refusing user://test_economy_highscore.save because its preferences line is not a preferences line. High scores left as they are (campaign 4321, endless 8765).
   at: push_warning (core/variant/variant_utility.cpp:1033)
   GDScript backtrace (most recent call first):
       [0] _load (res://game/run_config.gd:1752)
       [1] _assert_refused (res://test/unit/test_economy.gd:972)
       [2] <anonymous lambda> (res://test/unit/test_economy.gd:1723)
       [3] _with_scratch_save (res://test/unit/test_economy.gd:827)
       [4] test_a_save_with_a_broken_options_line_is_refused_whole (res://test/unit/test_economy.gd:1722)
       [5] _run_single_test (res://tools/run_tests.gd:557)
       [6] _run_all_tests (res://tools/run_tests.gd:451)
       [7] _run_single_test (res://tools/run_tests.gd:583)
       [8] test_a_refund_still_pays_the_player_exactly_what_it_promised (res://test/unit/test_economy.gd:727)
       [9] instantiate_scene (res://tools/run_tests.gd:893)
WARNING: RunConfig: refusing user://test_economy_highscore.save because its preferences line is not a preferences line. High scores left as they are (campaign 4321, endless 8765).
   at: push_warning (core/variant/variant_utility.cpp:1033)
   GDScript backtrace (most recent call first):
       [0] _load (res://game/run_config.gd:1752)
       [1] _assert_refused (res://test/unit/test_economy.gd:972)
       [2] <anonymous lambda> (res://test/unit/test_economy.gd:1723)
       [3] _with_scratch_save (res://test/unit/test_economy.gd:827)
       [4] test_a_save_with_a_broken_options_line_is_refused_whole (res://test/unit/test_economy.gd:1722)
       [5] _run_single_test (res://tools/run_tests.gd:557)
       [6] _run_all_tests (res://tools/run_tests.gd:451)
       [7] _run_single_test (res://tools/run_tests.gd:583)
       [8] test_a_refund_still_pays_the_player_exactly_what_it_promised (res://test/unit/test_economy.gd:727)
       [9] instantiate_scene (res://tools/run_tests.gd:893)
WARNING: RunConfig: refusing user://test_economy_highscore.save because its preferences line is not a preferences line. High scores left as they are (campaign 4321, endless 8765).
   at: push_warning (core/variant/variant_utility.cpp:1033)
   GDScript backtrace (most recent call first):
       [0] _load (res://game/run_config.gd:1752)
       [1] _assert_refused (res://test/unit/test_economy.gd:972)
       [2] <anonymous lambda> (res://test/unit/test_economy.gd:1723)
       [3] _with_scratch_save (res://test/unit/test_economy.gd:827)
       [4] test_a_save_with_a_broken_options_line_is_refused_whole (res://test/unit/test_economy.gd:1722)
       [5] _run_single_test (res://tools/run_tests.gd:557)
       [6] _run_all_tests (res://tools/run_tests.gd:451)
       [7] _run_single_test (res://tools/run_tests.gd:583)
       [8] test_a_refund_still_pays_the_player_exactly_what_it_promised (res://test/unit/test_economy.gd:727)
       [9] instantiate_scene (res://tools/run_tests.gd:893)
WARNING: RunConfig: refusing user://test_economy_highscore.save because its preferences line is not a preferences line. High scores left as they are (campaign 4321, endless 8765).
   at: push_warning (core/variant/variant_utility.cpp:1033)
   GDScript backtrace (most recent call first):
       [0] _load (res://game/run_config.gd:1752)
       [1] _assert_refused (res://test/unit/test_economy.gd:972)
       [2] <anonymous lambda> (res://test/unit/test_economy.gd:1723)
       [3] _with_scratch_save (res://test/unit/test_economy.gd:827)
       [4] test_a_save_with_a_broken_options_line_is_refused_whole (res://test/unit/test_economy.gd:1722)
       [5] _run_single_test (res://tools/run_tests.gd:557)
       [6] _run_all_tests (res://tools/run_tests.gd:451)
       [7] _run_single_test (res://tools/run_tests.gd:583)
       [8] test_a_refund_still_pays_the_player_exactly_what_it_promised (res://test/unit/test_economy.gd:727)
       [9] instantiate_scene (res://tools/run_tests.gd:893)
WARNING: RunConfig: refusing user://test_economy_highscore.save because its preferences line is not a preferences line. High scores left as they are (campaign 4321, endless 8765).
   at: push_warning (core/variant/variant_utility.cpp:1033)
   GDScript backtrace (most recent call first):
       [0] _load (res://game/run_config.gd:1752)
       [1] _assert_refused (res://test/unit/test_economy.gd:972)
       [2] <anonymous lambda> (res://test/unit/test_economy.gd:1723)
       [3] _with_scratch_save (res://test/unit/test_economy.gd:827)
       [4] test_a_save_with_a_broken_options_line_is_refused_whole (res://test/unit/test_economy.gd:1722)
       [5] _run_single_test (res://tools/run_tests.gd:557)
       [6] _run_all_tests (res://tools/run_tests.gd:451)
       [7] _run_single_test (res://tools/run_tests.gd:583)
       [8] test_a_refund_still_pays_the_player_exactly_what_it_promised (res://test/unit/test_economy.gd:727)
       [9] instantiate_scene (res://tools/run_tests.gd:893)
WARNING: RunConfig: refusing user://test_economy_highscore.save because its preferences line is not a preferences line. High scores left as they are (campaign 4321, endless 8765).
   at: push_warning (core/variant/variant_utility.cpp:1033)
   GDScript backtrace (most recent call first):
       [0] _load (res://game/run_config.gd:1752)
       [1] _assert_refused (res://test/unit/test_economy.gd:972)
       [2] <anonymous lambda> (res://test/unit/test_economy.gd:1723)
       [3] _with_scratch_save (res://test/unit/test_economy.gd:827)
       [4] test_a_save_with_a_broken_options_line_is_refused_whole (res://test/unit/test_economy.gd:1722)
       [5] _run_single_test (res://tools/run_tests.gd:557)
       [6] _run_all_tests (res://tools/run_tests.gd:451)
       [7] _run_single_test (res://tools/run_tests.gd:583)
       [8] test_a_refund_still_pays_the_player_exactly_what_it_promised (res://test/unit/test_economy.gd:727)
       [9] instantiate_scene (res://tools/run_tests.gd:893)
WARNING: RunConfig: refusing user://test_economy_highscore.save because its preferences line is not a preferences line. High scores left as they are (campaign 4321, endless 8765).
   at: push_warning (core/variant/variant_utility.cpp:1033)
   GDScript backtrace (most recent call first):
       [0] _load (res://game/run_config.gd:1752)
       [1] _assert_refused (res://test/unit/test_economy.gd:972)
       [2] <anonymous lambda> (res://test/unit/test_economy.gd:1723)
       [3] _with_scratch_save (res://test/unit/test_economy.gd:827)
       [4] test_a_save_with_a_broken_options_line_is_refused_whole (res://test/unit/test_economy.gd:1722)
       [5] _run_single_test (res://tools/run_tests.gd:557)
       [6] _run_all_tests (res://tools/run_tests.gd:451)
       [7] _run_single_test (res://tools/run_tests.gd:583)
       [8] test_a_refund_still_pays_the_player_exactly_what_it_promised (res://test/unit/test_economy.gd:727)
       [9] instantiate_scene (res://tools/run_tests.gd:893)
WARNING: RunConfig: refusing user://test_economy_highscore.save because it is version 3, which two development builds each defined differently, so its fields cannot be identified. High scores left as they are (campaign 0, endless 0).
   at: push_warning (core/variant/variant_utility.cpp:1033)
   GDScript backtrace (most recent call first):
       [0] _load (res://game/run_config.gd:1752)
       [1] <anonymous lambda> (res://test/unit/test_economy.gd:1886)
       [2] _with_scratch_save (res://test/unit/test_economy.gd:827)
       [3] test_a_v3_save_is_refused_because_two_builds_each_defined_one (res://test/unit/test_economy.gd:1885)
       [4] _run_single_test (res://tools/run_tests.gd:557)
       [5] _run_all_tests (res://tools/run_tests.gd:451)
       [6] _run_single_test (res://tools/run_tests.gd:583)
       [7] test_a_refund_still_pays_the_player_exactly_what_it_promised (res://test/unit/test_economy.gd:727)
       [8] instantiate_scene (res://tools/run_tests.gd:893)
WARNING: RunConfig: refusing user://test_economy_highscore.save because its preferences line is not a preferences line. High scores left as they are (campaign 4321, endless 8765).
   at: push_warning (core/variant/variant_utility.cpp:1033)
   GDScript backtrace (most recent call first):
       [0] _load (res://game/run_config.gd:1752)
       [1] _assert_refused (res://test/unit/test_economy.gd:972)
       [2] <anonymous lambda> (res://test/unit/test_economy.gd:3570)
       [3] _with_scratch_save (res://test/unit/test_economy.gd:827)
       [4] test_a_save_with_a_broken_speed_field_is_refused_whole (res://test/unit/test_economy.gd:3569)
       [5] _run_single_test (res://tools/run_tests.gd:557)
       [6] _run_all_tests (res://tools/run_tests.gd:451)
       [7] _run_single_test (res://tools/run_tests.gd:583)
       [8] test_the_move_tip_is_spent_only_when_it_is_actually_shown (res://test/unit/test_economy.gd:3135)
       [9] instantiate_scene (res://tools/run_tests.gd:893)
WARNING: RunConfig: refusing user://test_economy_highscore.save because its preferences line is not a preferences line. High scores left as they are (campaign 4321, endless 8765).
   at: push_warning (core/variant/variant_utility.cpp:1033)
   GDScript backtrace (most recent call first):
       [0] _load (res://game/run_config.gd:1752)
       [1] _assert_refused (res://test/unit/test_economy.gd:972)
       [2] <anonymous lambda> (res://test/unit/test_economy.gd:3570)
       [3] _with_scratch_save (res://test/unit/test_economy.gd:827)
       [4] test_a_save_with_a_broken_speed_field_is_refused_whole (res://test/unit/test_economy.gd:3569)
       [5] _run_single_test (res://tools/run_tests.gd:557)
       [6] _run_all_tests (res://tools/run_tests.gd:451)
       [7] _run_single_test (res://tools/run_tests.gd:583)
       [8] test_the_move_tip_is_spent_only_when_it_is_actually_shown (res://test/unit/test_economy.gd:3135)
       [9] instantiate_scene (res://tools/run_tests.gd:893)
WARNING: RunConfig: refusing user://test_economy_highscore.save because its preferences line is not a preferences line. High scores left as they are (campaign 4321, endless 8765).
   at: push_warning (core/variant/variant_utility.cpp:1033)
   GDScript backtrace (most recent call first):
       [0] _load (res://game/run_config.gd:1752)
       [1] _assert_refused (res://test/unit/test_economy.gd:972)
       [2] <anonymous lambda> (res://test/unit/test_economy.gd:3570)
       [3] _with_scratch_save (res://test/unit/test_economy.gd:827)
       [4] test_a_save_with_a_broken_speed_field_is_refused_whole (res://test/unit/test_economy.gd:3569)
       [5] _run_single_test (res://tools/run_tests.gd:557)
       [6] _run_all_tests (res://tools/run_tests.gd:451)
       [7] _run_single_test (res://tools/run_tests.gd:583)
       [8] test_the_move_tip_is_spent_only_when_it_is_actually_shown (res://test/unit/test_economy.gd:3135)
       [9] instantiate_scene (res://tools/run_tests.gd:893)
WARNING: RunConfig: refusing user://test_economy_highscore.save because its preferences line is not a preferences line. High scores left as they are (campaign 4321, endless 8765).
   at: push_warning (core/variant/variant_utility.cpp:1033)
   GDScript backtrace (most recent call first):
       [0] _load (res://game/run_config.gd:1752)
       [1] _assert_refused (res://test/unit/test_economy.gd:972)
       [2] <anonymous lambda> (res://test/unit/test_economy.gd:3570)
       [3] _with_scratch_save (res://test/unit/test_economy.gd:827)
       [4] test_a_save_with_a_broken_speed_field_is_refused_whole (res://test/unit/test_economy.gd:3569)
       [5] _run_single_test (res://tools/run_tests.gd:557)
       [6] _run_all_tests (res://tools/run_tests.gd:451)
       [7] _run_single_test (res://tools/run_tests.gd:583)
       [8] test_the_move_tip_is_spent_only_when_it_is_actually_shown (res://test/unit/test_economy.gd:3135)
       [9] instantiate_scene (res://tools/run_tests.gd:893)
WARNING: RunConfig: refusing user://test_economy_highscore.save because its preferences line is not a preferences line. High scores left as they are (campaign 4321, endless 8765).
   at: push_warning (core/variant/variant_utility.cpp:1033)
   GDScript backtrace (most recent call first):
       [0] _load (res://game/run_config.gd:1752)
       [1] _assert_refused (res://test/unit/test_economy.gd:972)
       [2] <anonymous lambda> (res://test/unit/test_economy.gd:3570)
       [3] _with_scratch_save (res://test/unit/test_economy.gd:827)
       [4] test_a_save_with_a_broken_speed_field_is_refused_whole (res://test/unit/test_economy.gd:3569)
       [5] _run_single_test (res://tools/run_tests.gd:557)
       [6] _run_all_tests (res://tools/run_tests.gd:451)
       [7] _run_single_test (res://tools/run_tests.gd:583)
       [8] test_the_move_tip_is_spent_only_when_it_is_actually_shown (res://test/unit/test_economy.gd:3135)
       [9] instantiate_scene (res://tools/run_tests.gd:893)
WARNING: RunConfig: saved garden speed step 4 is not one of this build's 3 steps — starting at 1x. The saved value is kept for a build that has it.
   at: push_warning (core/variant/variant_utility.cpp:1033)
   GDScript backtrace (most recent call first):
       [0] apply_game_speed (res://game/run_config.gd:1301)
       [1] <anonymous lambda> (res://test/unit/test_economy.gd:3605)
       [2] _with_scratch_save (res://test/unit/test_economy.gd:827)
       [3] test_a_saved_speed_step_this_build_has_no_step_for_starts_at_one_x (res://test/unit/test_economy.gd:3593)
       [4] _run_single_test (res://tools/run_tests.gd:557)
       [5] _run_all_tests (res://tools/run_tests.gd:451)
       [6] _run_single_test (res://tools/run_tests.gd:583)
       [7] test_the_move_tip_is_spent_only_when_it_is_actually_shown (res://test/unit/test_economy.gd:3135)
       [8] instantiate_scene (res://tools/run_tests.gd:893)
WARNING: RunConfig: refusing to persist garden speed step 3 — this build has 3 steps. Keeping 0.
   at: push_warning (core/variant/variant_utility.cpp:1033)
   GDScript backtrace (most recent call first):
       [0] store_game_speed (res://game/run_config.gd:1269)
       [1] <anonymous lambda> (res://test/unit/test_economy.gd:3620)
       [2] _with_scratch_save (res://test/unit/test_economy.gd:827)
       [3] test_store_game_speed_refuses_an_index_this_build_has_no_step_for (res://test/unit/test_economy.gd:3619)
       [4] _run_single_test (res://tools/run_tests.gd:557)
       [5] _run_all_tests (res://tools/run_tests.gd:451)
       [6] _run_single_test (res://tools/run_tests.gd:583)
       [7] test_the_move_tip_is_spent_only_when_it_is_actually_shown (res://test/unit/test_economy.gd:3135)
       [8] instantiate_scene (res://tools/run_tests.gd:893)
WARNING: RunConfig: refusing to persist garden speed step -1 — this build has 3 steps. Keeping 0.
   at: push_warning (core/variant/variant_utility.cpp:1033)
   GDScript backtrace (most recent call first):
       [0] store_game_speed (res://game/run_config.gd:1269)
       [1] <anonymous lambda> (res://test/unit/test_economy.gd:3623)
       [2] _with_scratch_save (res://test/unit/test_economy.gd:827)
       [3] test_store_game_speed_refuses_an_index_this_build_has_no_step_for (res://test/unit/test_economy.gd:3619)
       [4] _run_single_test (res://tools/run_tests.gd:557)
       [5] _run_all_tests (res://tools/run_tests.gd:451)
       [6] _run_single_test (res://tools/run_tests.gd:583)
       [7] test_the_move_tip_is_spent_only_when_it_is_actually_shown (res://test/unit/test_economy.gd:3135)
       [8] instantiate_scene (res://tools/run_tests.gd:893)
WARNING: RunConfig: refusing to persist sound level 4 — this build has 4 levels. Keeping 1.
   at: push_warning (core/variant/variant_utility.cpp:1033)
   GDScript backtrace (most recent call first):
       [0] set_sfx_level (res://game/run_config.gd:1215)
       [1] <anonymous lambda> (res://test/unit/test_economy.gd:3868)
       [2] _with_scratch_save (res://test/unit/test_economy.gd:827)
       [3] test_a_level_this_build_has_no_step_for_is_refused_by_the_setter_and_kept_from_a_save (res://test/unit/test_economy.gd:3865)
       [4] _run_single_test (res://tools/run_tests.gd:557)
       [5] _run_all_tests (res://tools/run_tests.gd:451)
       [6] _run_single_test (res://tools/run_tests.gd:583)
       [7] test_the_move_tip_is_spent_only_when_it_is_actually_shown (res://test/unit/test_economy.gd:3135)
       [8] instantiate_scene (res://tools/run_tests.gd:893)
WARNING: RunConfig: refusing to persist sound level -1 — this build has 4 levels. Keeping 1.
   at: push_warning (core/variant/variant_utility.cpp:1033)
   GDScript backtrace (most recent call first):
       [0] set_sfx_level (res://game/run_config.gd:1215)
       [1] <anonymous lambda> (res://test/unit/test_economy.gd:3871)
       [2] _with_scratch_save (res://test/unit/test_economy.gd:827)
       [3] test_a_level_this_build_has_no_step_for_is_refused_by_the_setter_and_kept_from_a_save (res://test/unit/test_economy.gd:3865)
       [4] _run_single_test (res://tools/run_tests.gd:557)
       [5] _run_all_tests (res://tools/run_tests.gd:451)
       [6] _run_single_test (res://tools/run_tests.gd:583)
       [7] test_the_move_tip_is_spent_only_when_it_is_actually_shown (res://test/unit/test_economy.gd:3135)
       [8] instantiate_scene (res://tools/run_tests.gd:893)
WARNING: RunConfig: refusing user://test_economy_highscore.save because its preferences line is not a preferences line. High scores left as they are (campaign 4321, endless 8765).
   at: push_warning (core/variant/variant_utility.cpp:1033)
   GDScript backtrace (most recent call first):
       [0] _load (res://game/run_config.gd:1752)
       [1] _assert_refused (res://test/unit/test_economy.gd:972)
       [2] <anonymous lambda> (res://test/unit/test_economy.gd:3975)
       [3] _with_scratch_save (res://test/unit/test_economy.gd:827)
       [4] test_a_save_with_a_broken_level_field_is_refused_whole (res://test/unit/test_economy.gd:3974)
       [5] _run_single_test (res://tools/run_tests.gd:557)
       [6] _run_all_tests (res://tools/run_tests.gd:451)
       [7] _run_single_test (res://tools/run_tests.gd:583)
       [8] test_the_move_tip_is_spent_only_when_it_is_actually_shown (res://test/unit/test_economy.gd:3135)
       [9] instantiate_scene (res://tools/run_tests.gd:893)
WARNING: RunConfig: refusing user://test_economy_highscore.save because its preferences line is not a preferences line. High scores left as they are (campaign 4321, endless 8765).
   at: push_warning (core/variant/variant_utility.cpp:1033)
   GDScript backtrace (most recent call first):
       [0] _load (res://game/run_config.gd:1752)
       [1] _assert_refused (res://test/unit/test_economy.gd:972)
       [2] <anonymous lambda> (res://test/unit/test_economy.gd:3975)
       [3] _with_scratch_save (res://test/unit/test_economy.gd:827)
       [4] test_a_save_with_a_broken_level_field_is_refused_whole (res://test/unit/test_economy.gd:3974)
       [5] _run_single_test (res://tools/run_tests.gd:557)
       [6] _run_all_tests (res://tools/run_tests.gd:451)
       [7] _run_single_test (res://tools/run_tests.gd:583)
       [8] test_the_move_tip_is_spent_only_when_it_is_actually_shown (res://test/unit/test_economy.gd:3135)
       [9] instantiate_scene (res://tools/run_tests.gd:893)
WARNING: RunConfig: refusing user://test_economy_highscore.save because its preferences line is not a preferences line. High scores left as they are (campaign 4321, endless 8765).
   at: push_warning (core/variant/variant_utility.cpp:1033)
   GDScript backtrace (most recent call first):
       [0] _load (res://game/run_config.gd:1752)
       [1] _assert_refused (res://test/unit/test_economy.gd:972)
       [2] <anonymous lambda> (res://test/unit/test_economy.gd:3975)
       [3] _with_scratch_save (res://test/unit/test_economy.gd:827)
       [4] test_a_save_with_a_broken_level_field_is_refused_whole (res://test/unit/test_economy.gd:3974)
       [5] _run_single_test (res://tools/run_tests.gd:557)
       [6] _run_all_tests (res://tools/run_tests.gd:451)
       [7] _run_single_test (res://tools/run_tests.gd:583)
       [8] test_the_move_tip_is_spent_only_when_it_is_actually_shown (res://test/unit/test_economy.gd:3135)
       [9] instantiate_scene (res://tools/run_tests.gd:893)
WARNING: RunConfig: refusing user://test_economy_highscore.save because its preferences line is not a preferences line. High scores left as they are (campaign 4321, endless 8765).
   at: push_warning (core/variant/variant_utility.cpp:1033)
   GDScript backtrace (most recent call first):
       [0] _load (res://game/run_config.gd:1752)
       [1] _assert_refused (res://test/unit/test_economy.gd:972)
       [2] <anonymous lambda> (res://test/unit/test_economy.gd:3975)
       [3] _with_scratch_save (res://test/unit/test_economy.gd:827)
       [4] test_a_save_with_a_broken_level_field_is_refused_whole (res://test/unit/test_economy.gd:3974)
       [5] _run_single_test (res://tools/run_tests.gd:557)
       [6] _run_all_tests (res://tools/run_tests.gd:451)
       [7] _run_single_test (res://tools/run_tests.gd:583)
       [8] test_the_move_tip_is_spent_only_when_it_is_actually_shown (res://test/unit/test_economy.gd:3135)
       [9] instantiate_scene (res://tools/run_tests.gd:893)
WARNING: RunConfig: refusing user://test_economy_highscore.save because its preferences line is not a preferences line. High scores left as they are (campaign 4321, endless 8765).
   at: push_warning (core/variant/variant_utility.cpp:1033)
   GDScript backtrace (most recent call first):
       [0] _load (res://game/run_config.gd:1752)
       [1] _assert_refused (res://test/unit/test_economy.gd:972)
       [2] <anonymous lambda> (res://test/unit/test_economy.gd:3975)
       [3] _with_scratch_save (res://test/unit/test_economy.gd:827)
       [4] test_a_save_with_a_broken_level_field_is_refused_whole (res://test/unit/test_economy.gd:3974)
       [5] _run_single_test (res://tools/run_tests.gd:557)
       [6] _run_all_tests (res://tools/run_tests.gd:451)
       [7] _run_single_test (res://tools/run_tests.gd:583)
       [8] test_the_move_tip_is_spent_only_when_it_is_actually_shown (res://test/unit/test_economy.gd:3135)
       [9] instantiate_scene (res://tools/run_tests.gd:893)
WARNING: RunConfig: refusing user://test_economy_highscore.save because its preferences line is not a preferences line. High scores left as they are (campaign 4321, endless 8765).
   at: push_warning (core/variant/variant_utility.cpp:1033)
   GDScript backtrace (most recent call first):
       [0] _load (res://game/run_config.gd:1752)
       [1] _assert_refused (res://test/unit/test_economy.gd:972)
       [2] <anonymous lambda> (res://test/unit/test_economy.gd:3975)
       [3] _with_scratch_save (res://test/unit/test_economy.gd:827)
       [4] test_a_save_with_a_broken_level_field_is_refused_whole (res://test/unit/test_economy.gd:3974)
       [5] _run_single_test (res://tools/run_tests.gd:557)
       [6] _run_all_tests (res://tools/run_tests.gd:451)
       [7] _run_single_test (res://tools/run_tests.gd:583)
       [8] test_the_move_tip_is_spent_only_when_it_is_actually_shown (res://test/unit/test_economy.gd:3135)
       [9] instantiate_scene (res://tools/run_tests.gd:893)
WARNING: RunConfig: refusing user://test_economy_highscore.save because its preferences line is not a preferences line. High scores left as they are (campaign 4321, endless 8765).
   at: push_warning (core/variant/variant_utility.cpp:1033)
   GDScript backtrace (most recent call first):
       [0] _load (res://game/run_config.gd:1752)
       [1] _assert_refused (res://test/unit/test_economy.gd:972)
       [2] <anonymous lambda> (res://test/unit/test_economy.gd:3975)
       [3] _with_scratch_save (res://test/unit/test_economy.gd:827)
       [4] test_a_save_with_a_broken_level_field_is_refused_whole (res://test/unit/test_economy.gd:3974)
       [5] _run_single_test (res://tools/run_tests.gd:557)
       [6] _run_all_tests (res://tools/run_tests.gd:451)
       [7] _run_single_test (res://tools/run_tests.gd:583)
       [8] test_the_move_tip_is_spent_only_when_it_is_actually_shown (res://test/unit/test_economy.gd:3135)
       [9] instantiate_scene (res://tools/run_tests.gd:893)
WARNING: RunConfig: refusing user://test_economy_highscore.save because its preferences line is not a preferences line. High scores left as they are (campaign 4321, endless 8765).
   at: push_warning (core/variant/variant_utility.cpp:1033)
   GDScript backtrace (most recent call first):
       [0] _load (res://game/run_config.gd:1752)
       [1] _assert_refused (res://test/unit/test_economy.gd:972)
       [2] <anonymous lambda> (res://test/unit/test_economy.gd:3975)
       [3] _with_scratch_save (res://test/unit/test_economy.gd:827)
       [4] test_a_save_with_a_broken_level_field_is_refused_whole (res://test/unit/test_economy.gd:3974)
       [5] _run_single_test (res://tools/run_tests.gd:557)
       [6] _run_all_tests (res://tools/run_tests.gd:451)
       [7] _run_single_test (res://tools/run_tests.gd:583)
       [8] test_the_move_tip_is_spent_only_when_it_is_actually_shown (res://test/unit/test_economy.gd:3135)
       [9] instantiate_scene (res://tools/run_tests.gd:893)
  [defended@gentle] Run: 1 wave(s) played of 1 attempted | ceiling | difficulty=gentle policy=greedy endless=false seed=4242 | lives 12/15 | seeds earned 61
  [defended@gentle] Game: wave 1 over 1919 frame(s) | lives 12/15 | seeds earned 61
  [defended@standard] Run: 1 wave(s) played of 1 attempted | ceiling | difficulty=standard policy=greedy endless=false seed=4242 | lives 7/10 | seeds earned 34
  [defended@standard] Game: wave 1 over 1919 frame(s) | lives 7/10 | seeds earned 34
  [defended@harsh] Run: 1 wave(s) played of 1 attempted | ceiling | difficulty=harsh policy=greedy endless=false seed=4242 | lives 2/5 | seeds earned 18
  [defended@harsh] Game: wave 1 over 1919 frame(s) | lives 2/5 | seeds earned 18
  [walled@gentle] Run: 1 wave(s) played of 1 attempted | ceiling | difficulty=gentle policy=greedy endless=false seed=4242 | lives 10/15 | seeds earned 0
  [walled@gentle] Game: wave 1 over 1925 frame(s) | lives 10/15 | seeds earned 0
  [walled@standard] Run: 1 wave(s) played of 1 attempted | ceiling | difficulty=standard policy=greedy endless=false seed=4242 | lives 5/10 | seeds earned 0
  [walled@standard] Game: wave 1 over 1925 frame(s) | lives 5/10 | seeds earned 0
  [walled@harsh] Run: 1 wave(s) played of 1 attempted | eaten | difficulty=harsh policy=greedy endless=false seed=4242 | lives 0/5 | seeds earned 0
  [walled@harsh] Game: wave 1 over 1925 frame(s) | lives 0/5 | seeds earned 0
  Mirror parity: 8 of 8 axes moved across 2 scenario(s) x 3 profile(s)
Unicode parsing error, some characters were replaced with � (U+FFFD): Invalid unicode codepoint (400000)
Unicode parsing error, some characters were replaced with � (U+FFFD): Invalid unicode codepoint (40003f)
Unicode parsing error, some characters were replaced with � (U+FFFD): Invalid unicode codepoint (400040)
Unicode parsing error, some characters were replaced with � (U+FFFD): Invalid unicode codepoint (400041)
Unicode parsing error, some characters were replaced with � (U+FFFD): Invalid unicode codepoint (400044)
Unicode parsing error, some characters were replaced with � (U+FFFD): Invalid unicode codepoint (400046)
Unicode parsing error, some characters were replaced with � (U+FFFD): Invalid unicode codepoint (400047)
Unicode parsing error, some characters were replaced with � (U+FFFD): Invalid unicode codepoint (40004f)
Unicode parsing error, some characters were replaced with � (U+FFFD): Invalid unicode codepoint (400050)
Unicode parsing error, some characters were replaced with � (U+FFFD): Invalid unicode codepoint (400051)
Unicode parsing error, some characters were replaced with � (U+FFFD): Invalid unicode codepoint (400052)
Unicode parsing error, some characters were replaced with � (U+FFFD): Invalid unicode codepoint (400053)
Unicode parsing error, some characters were replaced with � (U+FFFD): Invalid unicode codepoint (400074)
Unicode parsing error, some characters were replaced with � (U+FFFD): Invalid unicode codepoint (400075)
Unicode parsing error, some characters were replaced with � (U+FFFD): Invalid unicode codepoint (400076)
Unicode parsing error, some characters were replaced with � (U+FFFD): Invalid unicode codepoint (400077)
Unicode parsing error, some characters were replaced with � (U+FFFD): Invalid unicode codepoint (400078)
Unicode parsing error, some characters were replaced with � (U+FFFD): Invalid unicode codepoint (400079)
Unicode parsing error, some characters were replaced with � (U+FFFD): Invalid unicode codepoint (40007a)
Unicode parsing error, some characters were replaced with � (U+FFFD): Invalid unicode codepoint (40007b)
Unicode parsing error, some characters were replaced with � (U+FFFD): Invalid unicode codepoint (40007c)
Unicode parsing error, some characters were replaced with � (U+FFFD): Invalid unicode codepoint (40007d)
Unicode parsing error, some characters were replaced with � (U+FFFD): Invalid unicode codepoint (40007e)
Unicode parsing error, some characters were replaced with � (U+FFFD): Invalid unicode codepoint (40007f)
Unicode parsing error, some characters were replaced with � (U+FFFD): Invalid unicode codepoint (400080)
Unicode parsing error, some characters were replaced with � (U+FFFD): Invalid unicode codepoint (400090)
Unicode parsing error, some characters were replaced with � (U+FFFD): Invalid unicode codepoint (400091)
Unicode parsing error, some characters were replaced with � (U+FFFD): Invalid unicode codepoint (400092)
Unicode parsing error, some characters were replaced with � (U+FFFD): Invalid unicode codepoint (400093)
Unicode parsing error, some characters were replaced with � (U+FFFD): Invalid unicode codepoint (400094)
Unicode parsing error, some characters were replaced with � (U+FFFD): Invalid unicode codepoint (400095)
Unicode parsing error, some characters were replaced with � (U+FFFD): Invalid unicode codepoint (400096)
Unicode parsing error, some characters were replaced with � (U+FFFD): Invalid unicode codepoint (400097)
Unicode parsing error, some characters were replaced with � (U+FFFD): Invalid unicode codepoint (400098)
Unicode parsing error, some characters were replaced with � (U+FFFD): Invalid unicode codepoint (400099)
Unicode parsing error, some characters were replaced with � (U+FFFD): Invalid unicode codepoint (40009a)
Unicode parsing error, some characters were replaced with � (U+FFFD): Invalid unicode codepoint (40009b)
Unicode parsing error, some characters were replaced with � (U+FFFD): Invalid unicode codepoint (40009c)
Unicode parsing error, some characters were replaced with � (U+FFFD): Invalid unicode codepoint (40009d)
Unicode parsing error, some characters were replaced with � (U+FFFD): Invalid unicode codepoint (40009e)
Unicode parsing error, some characters were replaced with � (U+FFFD): Invalid unicode codepoint (40009f)
Unicode parsing error, some characters were replaced with � (U+FFFD): Invalid unicode codepoint (4000a0)
Unicode parsing error, some characters were replaced with � (U+FFFD): Invalid unicode codepoint (4000a1)
Unicode parsing error, some characters were replaced with � (U+FFFD): Invalid unicode codepoint (4000a2)
Unicode parsing error, some characters were replaced with � (U+FFFD): Invalid unicode codepoint (4000a3)
Unicode parsing error, some characters were replaced with � (U+FFFD): Invalid unicode codepoint (4000a4)
Unicode parsing error, some characters were replaced with � (U+FFFD): Invalid unicode codepoint (4000a5)
Unicode parsing error, some characters were replaced with � (U+FFFD): Invalid unicode codepoint (4000a6)
Unicode parsing error, some characters were replaced with � (U+FFFD): Invalid unicode codepoint (4000a7)
Unicode parsing error, some characters were replaced with � (U+FFFD): Invalid unicode codepoint (4000a8)
Unicode parsing error, some characters were replaced with � (U+FFFD): Invalid unicode codepoint (4000a9)
Unicode parsing error, some characters were replaced with � (U+FFFD): Invalid unicode codepoint (4000aa)
Unicode parsing error, some characters were replaced with � (U+FFFD): Invalid unicode codepoint (4000ab)
Unicode parsing error, some characters were replaced with � (U+FFFD): Invalid unicode codepoint (4000ac)
Unicode parsing error, some characters were replaced with � (U+FFFD): Invalid unicode codepoint (4000ad)
Unicode parsing error, some characters were replaced with � (U+FFFD): Invalid unicode codepoint (4000ae)
Unicode parsing error, some characters were replaced with � (U+FFFD): Invalid unicode codepoint (4000af)
Unicode parsing error, some characters were replaced with � (U+FFFD): Invalid unicode codepoint (4000b0)
Unicode parsing error, some characters were replaced with � (U+FFFD): Invalid unicode codepoint (4000b1)
Unicode parsing error, some characters were replaced with � (U+FFFD): Invalid unicode codepoint (4000b2)
Unicode parsing error, some characters were replaced with � (U+FFFD): Invalid unicode codepoint (4000b3)
Unicode parsing error, some characters were replaced with � (U+FFFD): Invalid unicode codepoint (4000b4)
Unicode parsing error, some characters were replaced with � (U+FFFD): Invalid unicode codepoint (4000b5)
Unicode parsing error, some characters were replaced with � (U+FFFD): Invalid unicode codepoint (4000b6)
Unicode parsing error, some characters were replaced with � (U+FFFD): Invalid unicode codepoint (4000b7)
Unicode parsing error, some characters were replaced with � (U+FFFD): Invalid unicode codepoint (4000b8)
Unicode parsing error, some characters were replaced with � (U+FFFD): Invalid unicode codepoint (4000b9)
Unicode parsing error, some characters were replaced with � (U+FFFD): Invalid unicode codepoint (4000ba)
Unicode parsing error, some characters were replaced with � (U+FFFD): Invalid unicode codepoint (4000bb)
Unicode parsing error, some characters were replaced with � (U+FFFD): Invalid unicode codepoint (4000bc)
Unicode parsing error, some characters were replaced with � (U+FFFD): Invalid unicode codepoint (4000bd)
Unicode parsing error, some characters were replaced with � (U+FFFD): Invalid unicode codepoint (4000be)
Unicode parsing error, some characters were replaced with � (U+FFFD): Invalid unicode codepoint (4000bf)
Unicode parsing error, some characters were replaced with � (U+FFFD): Invalid unicode codepoint (4000c0)
Unicode parsing error, some characters were replaced with � (U+FFFD): Invalid unicode codepoint (4000c1)
Unicode parsing error, some characters were replaced with � (U+FFFD): Invalid unicode codepoint (4000c2)
Unicode parsing error, some characters were replaced with � (U+FFFD): Invalid unicode codepoint (4000c3)
Unicode parsing error, some characters were replaced with � (U+FFFD): Invalid unicode codepoint (4000c4)
Unicode parsing error, some characters were replaced with � (U+FFFD): Invalid unicode codepoint (4000c5)
Unicode parsing error, some characters were replaced with � (U+FFFD): Invalid unicode codepoint (4000c6)
Unicode parsing error, some characters were replaced with � (U+FFFD): Invalid unicode codepoint (4000c7)
Unicode parsing error, some characters were replaced with � (U+FFFD): Invalid unicode codepoint (4000c8)
Unicode parsing error, some characters were replaced with � (U+FFFD): Invalid unicode codepoint (4000c9)
Unicode parsing error, some characters were replaced with � (U+FFFD): Invalid unicode codepoint (4000ca)
Unicode parsing error, some characters were replaced with � (U+FFFD): Invalid unicode codepoint (4000cb)
Unicode parsing error, some characters were replaced with � (U+FFFD): Invalid unicode codepoint (4000cc)
Unicode parsing error, some characters were replaced with � (U+FFFD): Invalid unicode codepoint (4000cd)
Unicode parsing error, some characters were replaced with � (U+FFFD): Invalid unicode codepoint (4000ce)
Unicode parsing error, some characters were replaced with � (U+FFFD): Invalid unicode codepoint (4000cf)
Unicode parsing error, some characters were replaced with � (U+FFFD): Invalid unicode codepoint (4000d0)
Unicode parsing error, some characters were replaced with � (U+FFFD): Invalid unicode codepoint (4000d1)
Unicode parsing error, some characters were replaced with � (U+FFFD): Invalid unicode codepoint (4000d2)
Unicode parsing error, some characters were replaced with � (U+FFFD): Invalid unicode codepoint (4000d3)
Unicode parsing error, some characters were replaced with � (U+FFFD): Invalid unicode codepoint (4000d4)
Unicode parsing error, some characters were replaced with � (U+FFFD): Invalid unicode codepoint (4000d5)
Unicode parsing error, some characters were replaced with � (U+FFFD): Invalid unicode codepoint (4000d6)
Unicode parsing error, some characters were replaced with � (U+FFFD): Invalid unicode codepoint (4000d7)
Unicode parsing error, some characters were replaced with � (U+FFFD): Invalid unicode codepoint (4000d8)
Unicode parsing error, some characters were replaced with � (U+FFFD): Invalid unicode codepoint (4000d9)
Unicode parsing error, some characters were replaced with � (U+FFFD): Invalid unicode codepoint (4000da)
Unicode parsing error, some characters were replaced with � (U+FFFD): Invalid unicode codepoint (4000db)
Unicode parsing error, some characters were replaced with � (U+FFFD): Invalid unicode codepoint (4000dc)
Unicode parsing error, some characters were replaced with � (U+FFFD): Invalid unicode codepoint (4000dd)
Unicode parsing error, some characters were replaced with � (U+FFFD): Invalid unicode codepoint (4000de)
Unicode parsing error, some characters were replaced with � (U+FFFD): Invalid unicode codepoint (4000df)
Unicode parsing error, some characters were replaced with � (U+FFFD): Invalid unicode codepoint (4000e0)
Unicode parsing error, some characters were replaced with � (U+FFFD): Invalid unicode codepoint (4000e1)
Unicode parsing error, some characters were replaced with � (U+FFFD): Invalid unicode codepoint (4000e2)
Unicode parsing error, some characters were replaced with � (U+FFFD): Invalid unicode codepoint (4000e3)
Unicode parsing error, some characters were replaced with � (U+FFFD): Invalid unicode codepoint (4000e4)
Unicode parsing error, some characters were replaced with � (U+FFFD): Invalid unicode codepoint (4000e5)
Unicode parsing error, some characters were replaced with � (U+FFFD): Invalid unicode codepoint (4000e6)
Unicode parsing error, some characters were replaced with � (U+FFFD): Invalid unicode codepoint (4000e7)
Unicode parsing error, some characters were replaced with � (U+FFFD): Invalid unicode codepoint (4000e8)
Unicode parsing error, some characters were replaced with � (U+FFFD): Invalid unicode codepoint (4000e9)
Unicode parsing error, some characters were replaced with � (U+FFFD): Invalid unicode codepoint (4000ea)
Unicode parsing error, some characters were replaced with � (U+FFFD): Invalid unicode codepoint (4000eb)
Unicode parsing error, some characters were replaced with � (U+FFFD): Invalid unicode codepoint (4000ec)
Unicode parsing error, some characters were replaced with � (U+FFFD): Invalid unicode codepoint (4000ed)
Unicode parsing error, some characters were replaced with � (U+FFFD): Invalid unicode codepoint (4000ee)
Unicode parsing error, some characters were replaced with � (U+FFFD): Invalid unicode codepoint (4000ef)
Unicode parsing error, some characters were replaced with � (U+FFFD): Invalid unicode codepoint (4000f0)
Unicode parsing error, some characters were replaced with � (U+FFFD): Invalid unicode codepoint (4000f1)
Unicode parsing error, some characters were replaced with � (U+FFFD): Invalid unicode codepoint (4000f2)
Unicode parsing error, some characters were replaced with � (U+FFFD): Invalid unicode codepoint (4000f3)
Unicode parsing error, some characters were replaced with � (U+FFFD): Invalid unicode codepoint (4000f4)
Unicode parsing error, some characters were replaced with � (U+FFFD): Invalid unicode codepoint (4000f5)
Unicode parsing error, some characters were replaced with � (U+FFFD): Invalid unicode codepoint (4000f6)
Unicode parsing error, some characters were replaced with � (U+FFFD): Invalid unicode codepoint (4000f7)
Unicode parsing error, some characters were replaced with � (U+FFFD): Invalid unicode codepoint (4000f8)
Unicode parsing error, some characters were replaced with � (U+FFFD): Invalid unicode codepoint (4000f9)
Unicode parsing error, some characters were replaced with � (U+FFFD): Invalid unicode codepoint (4000fa)
Unicode parsing error, some characters were replaced with � (U+FFFD): Invalid unicode codepoint (4000fb)
Unicode parsing error, some characters were replaced with � (U+FFFD): Invalid unicode codepoint (4000fc)
Unicode parsing error, some characters were replaced with � (U+FFFD): Invalid unicode codepoint (4000fd)
Unicode parsing error, some characters were replaced with � (U+FFFD): Invalid unicode codepoint (4000fe)
Unicode parsing error, some characters were replaced with � (U+FFFD): Invalid unicode codepoint (4000ff)
Unicode parsing error, some characters were replaced with � (U+FFFD): Invalid unicode codepoint (400100)
Unicode parsing error, some characters were replaced with � (U+FFFD): Invalid unicode codepoint (400101)
Unicode parsing error, some characters were replaced with � (U+FFFD): Invalid unicode codepoint (400102)
Unicode parsing error, some characters were replaced with � (U+FFFD): Invalid unicode codepoint (400103)
Unicode parsing error, some characters were replaced with � (U+FFFD): Invalid unicode codepoint (400104)
Unicode parsing error, some characters were replaced with � (U+FFFD): Invalid unicode codepoint (400105)
Unicode parsing error, some characters were replaced with � (U+FFFD): Invalid unicode codepoint (400106)
Unicode parsing error, some characters were replaced with � (U+FFFD): Invalid unicode codepoint (400107)
Unicode parsing error, some characters were replaced with � (U+FFFD): Invalid unicode codepoint (400108)
Unicode parsing error, some characters were replaced with � (U+FFFD): Invalid unicode codepoint (400109)
Unicode parsing error, some characters were replaced with � (U+FFFD): Invalid unicode codepoint (40010a)
Unicode parsing error, some characters were replaced with � (U+FFFD): Invalid unicode codepoint (40010b)
Unicode parsing error, some characters were replaced with � (U+FFFD): Invalid unicode codepoint (40010c)
Unicode parsing error, some characters were replaced with � (U+FFFD): Invalid unicode codepoint (40010d)
Unicode parsing error, some characters were replaced with � (U+FFFD): Invalid unicode codepoint (40010e)
Unicode parsing error, some characters were replaced with � (U+FFFD): Invalid unicode codepoint (40010f)
Unicode parsing error, some characters were replaced with � (U+FFFD): Invalid unicode codepoint (400110)
Unicode parsing error, some characters were replaced with � (U+FFFD): Invalid unicode codepoint (400111)
Unicode parsing error, some characters were replaced with � (U+FFFD): Invalid unicode codepoint (400112)
Unicode parsing error, some characters were replaced with � (U+FFFD): Invalid unicode codepoint (400113)
Unicode parsing error, some characters were replaced with � (U+FFFD): Invalid unicode codepoint (400114)
Unicode parsing error, some characters were replaced with � (U+FFFD): Invalid unicode codepoint (400115)
Unicode parsing error, some characters were replaced with � (U+FFFD): Invalid unicode codepoint (400116)
Unicode parsing error, some characters were replaced with � (U+FFFD): Invalid unicode codepoint (400117)
Unicode parsing error, some characters were replaced with � (U+FFFD): Invalid unicode codepoint (400118)
Unicode parsing error, some characters were replaced with � (U+FFFD): Invalid unicode codepoint (400119)
Unicode parsing error, some characters were replaced with � (U+FFFD): Invalid unicode codepoint (40011a)
Unicode parsing error, some characters were replaced with � (U+FFFD): Invalid unicode codepoint (40011b)
Unicode parsing error, some characters were replaced with � (U+FFFD): Invalid unicode codepoint (40011c)
Unicode parsing error, some characters were replaced with � (U+FFFD): Invalid unicode codepoint (40011d)
Unicode parsing error, some characters were replaced with � (U+FFFD): Invalid unicode codepoint (40011e)
Unicode parsing error, some characters were replaced with � (U+FFFD): Invalid unicode codepoint (40011f)
Unicode parsing error, some characters were replaced with � (U+FFFD): Invalid unicode codepoint (400120)
Unicode parsing error, some characters were replaced with � (U+FFFD): Invalid unicode codepoint (400121)
Unicode parsing error, some characters were replaced with � (U+FFFD): Invalid unicode codepoint (400122)
Unicode parsing error, some characters were replaced with � (U+FFFD): Invalid unicode codepoint (400123)
Unicode parsing error, some characters were replaced with � (U+FFFD): Invalid unicode codepoint (400124)
Unicode parsing error, some characters were replaced with � (U+FFFD): Invalid unicode codepoint (400125)
Unicode parsing error, some characters were replaced with � (U+FFFD): Invalid unicode codepoint (400126)
Unicode parsing error, some characters were replaced with � (U+FFFD): Invalid unicode codepoint (400127)
Unicode parsing error, some characters were replaced with � (U+FFFD): Invalid unicode codepoint (400128)
Unicode parsing error, some characters were replaced with � (U+FFFD): Invalid unicode codepoint (400129)
Unicode parsing error, some characters were replaced with � (U+FFFD): Invalid unicode codepoint (40012a)
Unicode parsing error, some characters were replaced with � (U+FFFD): Invalid unicode codepoint (40012b)
Unicode parsing error, some characters were replaced with � (U+FFFD): Invalid unicode codepoint (40012c)
Unicode parsing error, some characters were replaced with � (U+FFFD): Invalid unicode codepoint (40012d)
Unicode parsing error, some characters were replaced with � (U+FFFD): Invalid unicode codepoint (40012e)
Unicode parsing error, some characters were replaced with � (U+FFFD): Invalid unicode codepoint (40012f)
Unicode parsing error, some characters were replaced with � (U+FFFD): Invalid unicode codepoint (400130)
Unicode parsing error, some characters were replaced with � (U+FFFD): Invalid unicode codepoint (400131)
Unicode parsing error, some characters were replaced with � (U+FFFD): Invalid unicode codepoint (400132)
Unicode parsing error, some characters were replaced with � (U+FFFD): Invalid unicode codepoint (400133)
Unicode parsing error, some characters were replaced with � (U+FFFD): Invalid unicode codepoint (400134)
Unicode parsing error, some characters were replaced with � (U+FFFD): Invalid unicode codepoint (400135)
Unicode parsing error, some characters were replaced with � (U+FFFD): Invalid unicode codepoint (400136)
Unicode parsing error, some characters were replaced with � (U+FFFD): Invalid unicode codepoint (400137)
Unicode parsing error, some characters were replaced with � (U+FFFD): Invalid unicode codepoint (400138)
Unicode parsing error, some characters were replaced with � (U+FFFD): Invalid unicode codepoint (400139)
Unicode parsing error, some characters were replaced with � (U+FFFD): Invalid unicode codepoint (40013a)
Unicode parsing error, some characters were replaced with � (U+FFFD): Invalid unicode codepoint (40013b)
Unicode parsing error, some characters were replaced with � (U+FFFD): Invalid unicode codepoint (40013c)
Unicode parsing error, some characters were replaced with � (U+FFFD): Invalid unicode codepoint (40013d)
Unicode parsing error, some characters were replaced with � (U+FFFD): Invalid unicode codepoint (40013e)
Unicode parsing error, some characters were replaced with � (U+FFFD): Invalid unicode codepoint (40013f)
Unicode parsing error, some characters were replaced with � (U+FFFD): Invalid unicode codepoint (400140)
Unicode parsing error, some characters were replaced with � (U+FFFD): Invalid unicode codepoint (400141)
Unicode parsing error, some characters were replaced with � (U+FFFD): Invalid unicode codepoint (400142)
Unicode parsing error, some characters were replaced with � (U+FFFD): Invalid unicode codepoint (400143)
Unicode parsing error, some characters were replaced with � (U+FFFD): Invalid unicode codepoint (400144)
Unicode parsing error, some characters were replaced with � (U+FFFD): Invalid unicode codepoint (400145)
Unicode parsing error, some characters were replaced with � (U+FFFD): Invalid unicode codepoint (400146)
Unicode parsing error, some characters were replaced with � (U+FFFD): Invalid unicode codepoint (400147)
Unicode parsing error, some characters were replaced with � (U+FFFD): Invalid unicode codepoint (400148)
Unicode parsing error, some characters were replaced with � (U+FFFD): Invalid unicode codepoint (400149)
Unicode parsing error, some characters were replaced with � (U+FFFD): Invalid unicode codepoint (40014a)
Unicode parsing error, some characters were replaced with � (U+FFFD): Invalid unicode codepoint (40014b)
Unicode parsing error, some characters were replaced with � (U+FFFD): Invalid unicode codepoint (40014c)
Unicode parsing error, some characters were replaced with � (U+FFFD): Invalid unicode codepoint (40014d)
Unicode parsing error, some characters were replaced with � (U+FFFD): Invalid unicode codepoint (40014e)
Unicode parsing error, some characters were replaced with � (U+FFFD): Invalid unicode codepoint (40014f)
Unicode parsing error, some characters were replaced with � (U+FFFD): Invalid unicode codepoint (400150)
Unicode parsing error, some characters were replaced with � (U+FFFD): Invalid unicode codepoint (400151)
Unicode parsing error, some characters were replaced with � (U+FFFD): Invalid unicode codepoint (400152)
Unicode parsing error, some characters were replaced with � (U+FFFD): Invalid unicode codepoint (400153)
Unicode parsing error, some characters were replaced with � (U+FFFD): Invalid unicode codepoint (400154)
Unicode parsing error, some characters were replaced with � (U+FFFD): Invalid unicode codepoint (400155)
Unicode parsing error, some characters were replaced with � (U+FFFD): Invalid unicode codepoint (400156)
Unicode parsing error, some characters were replaced with � (U+FFFD): Invalid unicode codepoint (400157)
Unicode parsing error, some characters were replaced with � (U+FFFD): Invalid unicode codepoint (400158)
Unicode parsing error, some characters were replaced with � (U+FFFD): Invalid unicode codepoint (400159)
Unicode parsing error, some characters were replaced with � (U+FFFD): Invalid unicode codepoint (40015a)
Unicode parsing error, some characters were replaced with � (U+FFFD): Invalid unicode codepoint (40015b)
Unicode parsing error, some characters were replaced with � (U+FFFD): Invalid unicode codepoint (40015c)
Unicode parsing error, some characters were replaced with � (U+FFFD): Invalid unicode codepoint (40015d)
Unicode parsing error, some characters were replaced with � (U+FFFD): Invalid unicode codepoint (40015e)
Unicode parsing error, some characters were replaced with � (U+FFFD): Invalid unicode codepoint (40015f)
Unicode parsing error, some characters were replaced with � (U+FFFD): Invalid unicode codepoint (400160)
Unicode parsing error, some characters were replaced with � (U+FFFD): Invalid unicode codepoint (400161)
Unicode parsing error, some characters were replaced with � (U+FFFD): Invalid unicode codepoint (400162)
Unicode parsing error, some characters were replaced with � (U+FFFD): Invalid unicode codepoint (400163)
Unicode parsing error, some characters were replaced with � (U+FFFD): Invalid unicode codepoint (400164)
Unicode parsing error, some characters were replaced with � (U+FFFD): Invalid unicode codepoint (400165)
Unicode parsing error, some characters were replaced with � (U+FFFD): Invalid unicode codepoint (400166)
Unicode parsing error, some characters were replaced with � (U+FFFD): Invalid unicode codepoint (400167)
Unicode parsing error, some characters were replaced with � (U+FFFD): Invalid unicode codepoint (400168)
Unicode parsing error, some characters were replaced with � (U+FFFD): Invalid unicode codepoint (400169)
Unicode parsing error, some characters were replaced with � (U+FFFD): Invalid unicode codepoint (40016a)
Unicode parsing error, some characters were replaced with � (U+FFFD): Invalid unicode codepoint (40016b)
Unicode parsing error, some characters were replaced with � (U+FFFD): Invalid unicode codepoint (40016c)
Unicode parsing error, some characters were replaced with � (U+FFFD): Invalid unicode codepoint (40016d)
Unicode parsing error, some characters were replaced with � (U+FFFD): Invalid unicode codepoint (40016e)
Unicode parsing error, some characters were replaced with � (U+FFFD): Invalid unicode codepoint (40016f)
Unicode parsing error, some characters were replaced with � (U+FFFD): Invalid unicode codepoint (400170)
Unicode parsing error, some characters were replaced with � (U+FFFD): Invalid unicode codepoint (400171)
Unicode parsing error, some characters were replaced with � (U+FFFD): Invalid unicode codepoint (400172)
Unicode parsing error, some characters were replaced with � (U+FFFD): Invalid unicode codepoint (400173)
Unicode parsing error, some characters were replaced with � (U+FFFD): Invalid unicode codepoint (400174)
Unicode parsing error, some characters were replaced with � (U+FFFD): Invalid unicode codepoint (400175)
Unicode parsing error, some characters were replaced with � (U+FFFD): Invalid unicode codepoint (400176)
Unicode parsing error, some characters were replaced with � (U+FFFD): Invalid unicode codepoint (400177)
Unicode parsing error, some characters were replaced with � (U+FFFD): Invalid unicode codepoint (400178)
Unicode parsing error, some characters were replaced with � (U+FFFD): Invalid unicode codepoint (400179)
Unicode parsing error, some characters were replaced with � (U+FFFD): Invalid unicode codepoint (40017a)
Unicode parsing error, some characters were replaced with � (U+FFFD): Invalid unicode codepoint (40017b)
Unicode parsing error, some characters were replaced with � (U+FFFD): Invalid unicode codepoint (40017c)
Unicode parsing error, some characters were replaced with � (U+FFFD): Invalid unicode codepoint (40017d)
Unicode parsing error, some characters were replaced with � (U+FFFD): Invalid unicode codepoint (40017e)
Unicode parsing error, some characters were replaced with � (U+FFFD): Invalid unicode codepoint (40017f)
Unicode parsing error, some characters were replaced with � (U+FFFD): Invalid unicode codepoint (400180)
Unicode parsing error, some characters were replaced with � (U+FFFD): Invalid unicode codepoint (400181)
Unicode parsing error, some characters were replaced with � (U+FFFD): Invalid unicode codepoint (400182)
Unicode parsing error, some characters were replaced with � (U+FFFD): Invalid unicode codepoint (400183)
Unicode parsing error, some characters were replaced with � (U+FFFD): Invalid unicode codepoint (400184)
Unicode parsing error, some characters were replaced with � (U+FFFD): Invalid unicode codepoint (400185)
Unicode parsing error, some characters were replaced with � (U+FFFD): Invalid unicode codepoint (400186)
Unicode parsing error, some characters were replaced with � (U+FFFD): Invalid unicode codepoint (400187)
Unicode parsing error, some characters were replaced with � (U+FFFD): Invalid unicode codepoint (400188)
Unicode parsing error, some characters were replaced with � (U+FFFD): Invalid unicode codepoint (400189)
Unicode parsing error, some characters were replaced with � (U+FFFD): Invalid unicode codepoint (40018a)
Unicode parsing error, some characters were replaced with � (U+FFFD): Invalid unicode codepoint (40018b)
Unicode parsing error, some characters were replaced with � (U+FFFD): Invalid unicode codepoint (40018c)
Unicode parsing error, some characters were replaced with � (U+FFFD): Invalid unicode codepoint (40018d)
Unicode parsing error, some characters were replaced with � (U+FFFD): Invalid unicode codepoint (40018e)
Unicode parsing error, some characters were replaced with � (U+FFFD): Invalid unicode codepoint (40018f)
Unicode parsing error, some characters were replaced with � (U+FFFD): Invalid unicode codepoint (400190)
Unicode parsing error, some characters were replaced with � (U+FFFD): Invalid unicode codepoint (400191)
Unicode parsing error, some characters were replaced with � (U+FFFD): Invalid unicode codepoint (400192)
Unicode parsing error, some characters were replaced with � (U+FFFD): Invalid unicode codepoint (400193)
Unicode parsing error, some characters were replaced with � (U+FFFD): Invalid unicode codepoint (400194)
Unicode parsing error, some characters were replaced with � (U+FFFD): Invalid unicode codepoint (400195)
Unicode parsing error, some characters were replaced with � (U+FFFD): Invalid unicode codepoint (400196)
Unicode parsing error, some characters were replaced with � (U+FFFD): Invalid unicode codepoint (400197)
Unicode parsing error, some characters were replaced with � (U+FFFD): Invalid unicode codepoint (400198)
Unicode parsing error, some characters were replaced with � (U+FFFD): Invalid unicode codepoint (400199)
Unicode parsing error, some characters were replaced with � (U+FFFD): Invalid unicode codepoint (40019a)
Unicode parsing error, some characters were replaced with � (U+FFFD): Invalid unicode codepoint (40019b)
Unicode parsing error, some characters were replaced with � (U+FFFD): Invalid unicode codepoint (40019c)
Unicode parsing error, some characters were replaced with � (U+FFFD): Invalid unicode codepoint (40019d)
Unicode parsing error, some characters were replaced with � (U+FFFD): Invalid unicode codepoint (40019e)
Unicode parsing error, some characters were replaced with � (U+FFFD): Invalid unicode codepoint (40019f)
Unicode parsing error, some characters were replaced with � (U+FFFD): Invalid unicode codepoint (4001a0)
Unicode parsing error, some characters were replaced with � (U+FFFD): Invalid unicode codepoint (4001a1)
Unicode parsing error, some characters were replaced with � (U+FFFD): Invalid unicode codepoint (4001a2)
Unicode parsing error, some characters were replaced with � (U+FFFD): Invalid unicode codepoint (4001a3)
Unicode parsing error, some characters were replaced with � (U+FFFD): Invalid unicode codepoint (4001a4)
Unicode parsing error, some characters were replaced with � (U+FFFD): Invalid unicode codepoint (4001a5)
Unicode parsing error, some characters were replaced with � (U+FFFD): Invalid unicode codepoint (4001a6)
Unicode parsing error, some characters were replaced with � (U+FFFD): Invalid unicode codepoint (4001a7)
Unicode parsing error, some characters were replaced with � (U+FFFD): Invalid unicode codepoint (4001a8)
Unicode parsing error, some characters were replaced with � (U+FFFD): Invalid unicode codepoint (4001a9)
Unicode parsing error, some characters were replaced with � (U+FFFD): Invalid unicode codepoint (4001aa)
Unicode parsing error, some characters were replaced with � (U+FFFD): Invalid unicode codepoint (4001ab)
Unicode parsing error, some characters were replaced with � (U+FFFD): Invalid unicode codepoint (4001ac)
Unicode parsing error, some characters were replaced with � (U+FFFD): Invalid unicode codepoint (4001ad)
Unicode parsing error, some characters were replaced with � (U+FFFD): Invalid unicode codepoint (4001ae)
Unicode parsing error, some characters were replaced with � (U+FFFD): Invalid unicode codepoint (4001af)
Unicode parsing error, some characters were replaced with � (U+FFFD): Invalid unicode codepoint (4001b0)
Unicode parsing error, some characters were replaced with � (U+FFFD): Invalid unicode codepoint (4001b1)
Unicode parsing error, some characters were replaced with � (U+FFFD): Invalid unicode codepoint (4001b2)
Unicode parsing error, some characters were replaced with � (U+FFFD): Invalid unicode codepoint (4001b3)
Unicode parsing error, some characters were replaced with � (U+FFFD): Invalid unicode codepoint (4001b4)
Unicode parsing error, some characters were replaced with � (U+FFFD): Invalid unicode codepoint (4001b5)
Unicode parsing error, some characters were replaced with � (U+FFFD): Invalid unicode codepoint (4001b6)
Unicode parsing error, some characters were replaced with � (U+FFFD): Invalid unicode codepoint (4001b7)
Unicode parsing error, some characters were replaced with � (U+FFFD): Invalid unicode codepoint (4001b8)
Unicode parsing error, some characters were replaced with � (U+FFFD): Invalid unicode codepoint (4001b9)
Unicode parsing error, some characters were replaced with � (U+FFFD): Invalid unicode codepoint (4001ba)
Unicode parsing error, some characters were replaced with � (U+FFFD): Invalid unicode codepoint (4001bb)
Unicode parsing error, some characters were replaced with � (U+FFFD): Invalid unicode codepoint (4001bc)
Unicode parsing error, some characters were replaced with � (U+FFFD): Invalid unicode codepoint (4001bd)
Unicode parsing error, some characters were replaced with � (U+FFFD): Invalid unicode codepoint (4001be)
Unicode parsing error, some characters were replaced with � (U+FFFD): Invalid unicode codepoint (4001bf)
Unicode parsing error, some characters were replaced with � (U+FFFD): Invalid unicode codepoint (4001c0)
Unicode parsing error, some characters were replaced with � (U+FFFD): Invalid unicode codepoint (4001c1)
Unicode parsing error, some characters were replaced with � (U+FFFD): Invalid unicode codepoint (4001c2)
Unicode parsing error, some characters were replaced with � (U+FFFD): Invalid unicode codepoint (4001c3)
Unicode parsing error, some characters were replaced with � (U+FFFD): Invalid unicode codepoint (4001c4)
Unicode parsing error, some characters were replaced with � (U+FFFD): Invalid unicode codepoint (4001c5)
Unicode parsing error, some characters were replaced with � (U+FFFD): Invalid unicode codepoint (4001c6)
Unicode parsing error, some characters were replaced with � (U+FFFD): Invalid unicode codepoint (4001c7)
Unicode parsing error, some characters were replaced with � (U+FFFD): Invalid unicode codepoint (4001c8)
Unicode parsing error, some characters were replaced with � (U+FFFD): Invalid unicode codepoint (4001c9)
Unicode parsing error, some characters were replaced with � (U+FFFD): Invalid unicode codepoint (4001ca)
Unicode parsing error, some characters were replaced with � (U+FFFD): Invalid unicode codepoint (4001cb)
Unicode parsing error, some characters were replaced with � (U+FFFD): Invalid unicode codepoint (4001cc)
Unicode parsing error, some characters were replaced with � (U+FFFD): Invalid unicode codepoint (4001cd)
Unicode parsing error, some characters were replaced with � (U+FFFD): Invalid unicode codepoint (4001ce)
Unicode parsing error, some characters were replaced with � (U+FFFD): Invalid unicode codepoint (4001cf)
Unicode parsing error, some characters were replaced with � (U+FFFD): Invalid unicode codepoint (4001d0)
Unicode parsing error, some characters were replaced with � (U+FFFD): Invalid unicode codepoint (4001d1)
Unicode parsing error, some characters were replaced with � (U+FFFD): Invalid unicode codepoint (4001d2)
Unicode parsing error, some characters were replaced with � (U+FFFD): Invalid unicode codepoint (4001d3)
Unicode parsing error, some characters were replaced with � (U+FFFD): Invalid unicode codepoint (4001d4)
Unicode parsing error, some characters were replaced with � (U+FFFD): Invalid unicode codepoint (4001d5)
Unicode parsing error, some characters were replaced with � (U+FFFD): Invalid unicode codepoint (4001d6)
Unicode parsing error, some characters were replaced with � (U+FFFD): Invalid unicode codepoint (4001d7)
Unicode parsing error, some characters were replaced with � (U+FFFD): Invalid unicode codepoint (4001d8)
Unicode parsing error, some characters were replaced with � (U+FFFD): Invalid unicode codepoint (4001d9)
Unicode parsing error, some characters were replaced with � (U+FFFD): Invalid unicode codepoint (4001da)
Unicode parsing error, some characters were replaced with � (U+FFFD): Invalid unicode codepoint (4001db)
Unicode parsing error, some characters were replaced with � (U+FFFD): Invalid unicode codepoint (4001dc)
Unicode parsing error, some characters were replaced with � (U+FFFD): Invalid unicode codepoint (4001dd)
Unicode parsing error, some characters were replaced with � (U+FFFD): Invalid unicode codepoint (4001de)
Unicode parsing error, some characters were replaced with � (U+FFFD): Invalid unicode codepoint (4001df)
Unicode parsing error, some characters were replaced with � (U+FFFD): Invalid unicode codepoint (4001e0)
Unicode parsing error, some characters were replaced with � (U+FFFD): Invalid unicode codepoint (4001e1)
Unicode parsing error, some characters were replaced with � (U+FFFD): Invalid unicode codepoint (4001e2)
Unicode parsing error, some characters were replaced with � (U+FFFD): Invalid unicode codepoint (4001e3)
Unicode parsing error, some characters were replaced with � (U+FFFD): Invalid unicode codepoint (4001e4)
Unicode parsing error, some characters were replaced with � (U+FFFD): Invalid unicode codepoint (4001e5)
Unicode parsing error, some characters were replaced with � (U+FFFD): Invalid unicode codepoint (4001e6)
Unicode parsing error, some characters were replaced with � (U+FFFD): Invalid unicode codepoint (4001e7)
Unicode parsing error, some characters were replaced with � (U+FFFD): Invalid unicode codepoint (4001e8)
Unicode parsing error, some characters were replaced with � (U+FFFD): Invalid unicode codepoint (4001e9)
Unicode parsing error, some characters were replaced with � (U+FFFD): Invalid unicode codepoint (4001ea)
Unicode parsing error, some characters were replaced with � (U+FFFD): Invalid unicode codepoint (4001eb)
Unicode parsing error, some characters were replaced with � (U+FFFD): Invalid unicode codepoint (4001ec)
Unicode parsing error, some characters were replaced with � (U+FFFD): Invalid unicode codepoint (4001ed)
Unicode parsing error, some characters were replaced with � (U+FFFD): Invalid unicode codepoint (4001ee)
Unicode parsing error, some characters were replaced with � (U+FFFD): Invalid unicode codepoint (4001ef)
Unicode parsing error, some characters were replaced with � (U+FFFD): Invalid unicode codepoint (4001f0)
Unicode parsing error, some characters were replaced with � (U+FFFD): Invalid unicode codepoint (4001f1)
Unicode parsing error, some characters were replaced with � (U+FFFD): Invalid unicode codepoint (4001f2)
Unicode parsing error, some characters were replaced with � (U+FFFD): Invalid unicode codepoint (4001f3)
Unicode parsing error, some characters were replaced with � (U+FFFD): Invalid unicode codepoint (4001f4)
Unicode parsing error, some characters were replaced with � (U+FFFD): Invalid unicode codepoint (4001f5)
Unicode parsing error, some characters were replaced with � (U+FFFD): Invalid unicode codepoint (4001f6)
Unicode parsing error, some characters were replaced with � (U+FFFD): Invalid unicode codepoint (4001f7)
Unicode parsing error, some characters were replaced with � (U+FFFD): Invalid unicode codepoint (4001f8)
Unicode parsing error, some characters were replaced with � (U+FFFD): Invalid unicode codepoint (4001f9)
Unicode parsing error, some characters were replaced with � (U+FFFD): Invalid unicode codepoint (4001fa)
Unicode parsing error, some characters were replaced with � (U+FFFD): Invalid unicode codepoint (4001fb)
Unicode parsing error, some characters were replaced with � (U+FFFD): Invalid unicode codepoint (4001fc)
Unicode parsing error, some characters were replaced with � (U+FFFD): Invalid unicode codepoint (4001fd)
Unicode parsing error, some characters were replaced with � (U+FFFD): Invalid unicode codepoint (4001fe)
Unicode parsing error, some characters were replaced with � (U+FFFD): Invalid unicode codepoint (4001ff)
  Run: 3 wave(s) played of 3 attempted | ceiling | difficulty=standard policy=greedy endless=false seed=4242 | lives 10/10 | seeds earned 124
  Fast sweep: 6 board(s) x 3 difficulty/ies = 18 combination(s) checked (LOSABLE, NOT-TRIVIAL, ECONOMY)
  Determinism sweep: 18 combination(s) replayed and compared record-for-record
  Sample WINNABLE check: Run: 27 wave(s) played of 28 attempted | cleared | difficulty=standard policy=thicken endless=false seed=4242 | lives 10/10 | seeds earned 7748
  The remaining 6 board(s) x 3 difficult(ies) are covered by the FULL sweep only (PTD_PLAYTEST_FULL_SWEEP=1) -- see test_full_* below.
  Synthetic unwinnable board: Run: 2 wave(s) played of 28 attempted | eaten | difficulty=standard policy=thicken endless=false seed=4242 | lives 0/10 | seeds earned 0
  _check_winnable correctly refused it: wall-to-wall synthetic board: the reasonable (thickened) garden did not clear the campaign -- Run: 2 wave(s) played of 28 attempted | eaten | difficulty=standard policy=thicken endless=false seed=4242 | lives 0/10 | seeds earned 0
  SKIPPED by default: the full WINNABLE matrix plays every corpus board x every difficulty to a complete campaign with the thickened garden, and one of those alone measured 20-60+ seconds -- set PTD_PLAYTEST_FULL_SWEEP=1 (or run with --filter test_full) to actually play it.
WARNING: RunConfig: refusing user://test_selftest_bad_bindings.save because it is version 3, which two development builds each defined differently, so its fields cannot be identified. High scores left as they are (campaign 4321, endless 8765).
   at: push_warning (core/variant/variant_utility.cpp:1033)
   GDScript backtrace (most recent call first):
       [0] _load (res://game/run_config.gd:1752)
       [1] test_a_malformed_binding_block_is_refused_like_any_other_bad_save (res://test/unit/test_selftest.gd:6220)
       [2] _run_single_test (res://tools/run_tests.gd:557)
       [3] _run_all_tests (res://tools/run_tests.gd:451)
       [4] _run_single_test (res://tools/run_tests.gd:583)
       [5] test_a_verb_arrives_as_an_action_event_as_well_as_a_key_event (res://test/unit/test_selftest.gd:6029)
       [6] instantiate_ui (res://tools/run_tests.gd:900)
       [7] instantiate_scene (res://tools/run_tests.gd:893)
WARNING: RunConfig: refusing user://test_selftest_bad_bindings.save because it is version 3, which two development builds each defined differently, so its fields cannot be identified. High scores left as they are (campaign 4321, endless 8765).
   at: push_warning (core/variant/variant_utility.cpp:1033)
   GDScript backtrace (most recent call first):
       [0] _load (res://game/run_config.gd:1752)
       [1] test_a_malformed_binding_block_is_refused_like_any_other_bad_save (res://test/unit/test_selftest.gd:6220)
       [2] _run_single_test (res://tools/run_tests.gd:557)
       [3] _run_all_tests (res://tools/run_tests.gd:451)
       [4] _run_single_test (res://tools/run_tests.gd:583)
       [5] test_a_verb_arrives_as_an_action_event_as_well_as_a_key_event (res://test/unit/test_selftest.gd:6029)
       [6] instantiate_ui (res://tools/run_tests.gd:900)
       [7] instantiate_scene (res://tools/run_tests.gd:893)
WARNING: RunConfig: refusing user://test_selftest_bad_bindings.save because it is version 3, which two development builds each defined differently, so its fields cannot be identified. High scores left as they are (campaign 4321, endless 8765).
   at: push_warning (core/variant/variant_utility.cpp:1033)
   GDScript backtrace (most recent call first):
       [0] _load (res://game/run_config.gd:1752)
       [1] test_a_malformed_binding_block_is_refused_like_any_other_bad_save (res://test/unit/test_selftest.gd:6220)
       [2] _run_single_test (res://tools/run_tests.gd:557)
       [3] _run_all_tests (res://tools/run_tests.gd:451)
       [4] _run_single_test (res://tools/run_tests.gd:583)
       [5] test_a_verb_arrives_as_an_action_event_as_well_as_a_key_event (res://test/unit/test_selftest.gd:6029)
       [6] instantiate_ui (res://tools/run_tests.gd:900)
       [7] instantiate_scene (res://tools/run_tests.gd:893)
WARNING: RunConfig: refusing user://test_selftest_bad_bindings.save because it is version 3, which two development builds each defined differently, so its fields cannot be identified. High scores left as they are (campaign 4321, endless 8765).
   at: push_warning (core/variant/variant_utility.cpp:1033)
   GDScript backtrace (most recent call first):
       [0] _load (res://game/run_config.gd:1752)
       [1] test_a_malformed_binding_block_is_refused_like_any_other_bad_save (res://test/unit/test_selftest.gd:6220)
       [2] _run_single_test (res://tools/run_tests.gd:557)
       [3] _run_all_tests (res://tools/run_tests.gd:451)
       [4] _run_single_test (res://tools/run_tests.gd:583)
       [5] test_a_verb_arrives_as_an_action_event_as_well_as_a_key_event (res://test/unit/test_selftest.gd:6029)
       [6] instantiate_ui (res://tools/run_tests.gd:900)
       [7] instantiate_scene (res://tools/run_tests.gd:893)
WARNING: RunConfig: refusing user://test_selftest_bad_bindings.save because it is version 3, which two development builds each defined differently, so its fields cannot be identified. High scores left as they are (campaign 4321, endless 8765).
   at: push_warning (core/variant/variant_utility.cpp:1033)
   GDScript backtrace (most recent call first):
       [0] _load (res://game/run_config.gd:1752)
       [1] test_a_malformed_binding_block_is_refused_like_any_other_bad_save (res://test/unit/test_selftest.gd:6220)
       [2] _run_single_test (res://tools/run_tests.gd:557)
       [3] _run_all_tests (res://tools/run_tests.gd:451)
       [4] _run_single_test (res://tools/run_tests.gd:583)
       [5] test_a_verb_arrives_as_an_action_event_as_well_as_a_key_event (res://test/unit/test_selftest.gd:6029)
       [6] instantiate_ui (res://tools/run_tests.gd:900)
       [7] instantiate_scene (res://tools/run_tests.gd:893)
WARNING: RunConfig: refusing user://test_selftest_bad_bindings.save because it is version 3, which two development builds each defined differently, so its fields cannot be identified. High scores left as they are (campaign 4321, endless 8765).
   at: push_warning (core/variant/variant_utility.cpp:1033)
   GDScript backtrace (most recent call first):
       [0] _load (res://game/run_config.gd:1752)
       [1] test_a_malformed_binding_block_is_refused_like_any_other_bad_save (res://test/unit/test_selftest.gd:6220)
       [2] _run_single_test (res://tools/run_tests.gd:557)
       [3] _run_all_tests (res://tools/run_tests.gd:451)
       [4] _run_single_test (res://tools/run_tests.gd:583)
       [5] test_a_verb_arrives_as_an_action_event_as_well_as_a_key_event (res://test/unit/test_selftest.gd:6029)
       [6] instantiate_ui (res://tools/run_tests.gd:900)
       [7] instantiate_scene (res://tools/run_tests.gd:893)
WARNING: RunConfig: refusing user://test_selftest_bad_bindings.save because it is version 3, which two development builds each defined differently, so its fields cannot be identified. High scores left as they are (campaign 4321, endless 8765).
   at: push_warning (core/variant/variant_utility.cpp:1033)
   GDScript backtrace (most recent call first):
       [0] _load (res://game/run_config.gd:1752)
       [1] test_a_malformed_binding_block_is_refused_like_any_other_bad_save (res://test/unit/test_selftest.gd:6220)
       [2] _run_single_test (res://tools/run_tests.gd:557)
       [3] _run_all_tests (res://tools/run_tests.gd:451)
       [4] _run_single_test (res://tools/run_tests.gd:583)
       [5] test_a_verb_arrives_as_an_action_event_as_well_as_a_key_event (res://test/unit/test_selftest.gd:6029)
       [6] instantiate_ui (res://tools/run_tests.gd:900)
       [7] instantiate_scene (res://tools/run_tests.gd:893)
WARNING: RunConfig: refusing user://test_selftest_bad_bindings.save because it is version 3, which two development builds each defined differently, so its fields cannot be identified. High scores left as they are (campaign 4321, endless 8765).
   at: push_warning (core/variant/variant_utility.cpp:1033)
   GDScript backtrace (most recent call first):
       [0] _load (res://game/run_config.gd:1752)
       [1] test_a_malformed_binding_block_is_refused_like_any_other_bad_save (res://test/unit/test_selftest.gd:6220)
       [2] _run_single_test (res://tools/run_tests.gd:557)
       [3] _run_all_tests (res://tools/run_tests.gd:451)
       [4] _run_single_test (res://tools/run_tests.gd:583)
       [5] test_a_verb_arrives_as_an_action_event_as_well_as_a_key_event (res://test/unit/test_selftest.gd:6029)
       [6] instantiate_ui (res://tools/run_tests.gd:900)
       [7] instantiate_scene (res://tools/run_tests.gd:893)
Unicode parsing error, some characters were replaced with � (U+FFFD): Invalid unicode codepoint (400000)
Unicode parsing error, some characters were replaced with � (U+FFFD): Invalid unicode codepoint (40003f)
Unicode parsing error, some characters were replaced with � (U+FFFD): Invalid unicode codepoint (400040)
Unicode parsing error, some characters were replaced with � (U+FFFD): Invalid unicode codepoint (400041)
Unicode parsing error, some characters were replaced with � (U+FFFD): Invalid unicode codepoint (400044)
Unicode parsing error, some characters were replaced with � (U+FFFD): Invalid unicode codepoint (400046)
Unicode parsing error, some characters were replaced with � (U+FFFD): Invalid unicode codepoint (400047)
Unicode parsing error, some characters were replaced with � (U+FFFD): Invalid unicode codepoint (40004f)
Unicode parsing error, some characters were replaced with � (U+FFFD): Invalid unicode codepoint (400050)
Unicode parsing error, some characters were replaced with � (U+FFFD): Invalid unicode codepoint (400051)
Unicode parsing error, some characters were replaced with � (U+FFFD): Invalid unicode codepoint (400052)
Unicode parsing error, some characters were replaced with � (U+FFFD): Invalid unicode codepoint (400053)
Unicode parsing error, some characters were replaced with � (U+FFFD): Invalid unicode codepoint (400074)
Unicode parsing error, some characters were replaced with � (U+FFFD): Invalid unicode codepoint (400075)
Unicode parsing error, some characters were replaced with � (U+FFFD): Invalid unicode codepoint (400076)
Unicode parsing error, some characters were replaced with � (U+FFFD): Invalid unicode codepoint (400077)
Unicode parsing error, some characters were replaced with � (U+FFFD): Invalid unicode codepoint (400078)
Unicode parsing error, some characters were replaced with � (U+FFFD): Invalid unicode codepoint (400079)
Unicode parsing error, some characters were replaced with � (U+FFFD): Invalid unicode codepoint (40007a)
Unicode parsing error, some characters were replaced with � (U+FFFD): Invalid unicode codepoint (40007b)
Unicode parsing error, some characters were replaced with � (U+FFFD): Invalid unicode codepoint (40007c)
Unicode parsing error, some characters were replaced with � (U+FFFD): Invalid unicode codepoint (40007d)
Unicode parsing error, some characters were replaced with � (U+FFFD): Invalid unicode codepoint (40007e)
Unicode parsing error, some characters were replaced with � (U+FFFD): Invalid unicode codepoint (40007f)
Unicode parsing error, some characters were replaced with � (U+FFFD): Invalid unicode codepoint (400080)
Unicode parsing error, some characters were replaced with � (U+FFFD): Invalid unicode codepoint (400090)
Unicode parsing error, some characters were replaced with � (U+FFFD): Invalid unicode codepoint (400091)
Unicode parsing error, some characters were replaced with � (U+FFFD): Invalid unicode codepoint (400092)
Unicode parsing error, some characters were replaced with � (U+FFFD): Invalid unicode codepoint (400093)
Unicode parsing error, some characters were replaced with � (U+FFFD): Invalid unicode codepoint (400094)
Unicode parsing error, some characters were replaced with � (U+FFFD): Invalid unicode codepoint (400095)
Unicode parsing error, some characters were replaced with � (U+FFFD): Invalid unicode codepoint (400096)
Unicode parsing error, some characters were replaced with � (U+FFFD): Invalid unicode codepoint (400097)
Unicode parsing error, some characters were replaced with � (U+FFFD): Invalid unicode codepoint (400098)
Unicode parsing error, some characters were replaced with � (U+FFFD): Invalid unicode codepoint (400099)
Unicode parsing error, some characters were replaced with � (U+FFFD): Invalid unicode codepoint (40009a)
Unicode parsing error, some characters were replaced with � (U+FFFD): Invalid unicode codepoint (40009b)
Unicode parsing error, some characters were replaced with � (U+FFFD): Invalid unicode codepoint (40009c)
Unicode parsing error, some characters were replaced with � (U+FFFD): Invalid unicode codepoint (40009d)
Unicode parsing error, some characters were replaced with � (U+FFFD): Invalid unicode codepoint (40009e)
Unicode parsing error, some characters were replaced with � (U+FFFD): Invalid unicode codepoint (40009f)
Unicode parsing error, some characters were replaced with � (U+FFFD): Invalid unicode codepoint (4000a0)
Unicode parsing error, some characters were replaced with � (U+FFFD): Invalid unicode codepoint (4000a1)
Unicode parsing error, some characters were replaced with � (U+FFFD): Invalid unicode codepoint (4000a2)
Unicode parsing error, some characters were replaced with � (U+FFFD): Invalid unicode codepoint (4000a3)
Unicode parsing error, some characters were replaced with � (U+FFFD): Invalid unicode codepoint (4000a4)
Unicode parsing error, some characters were replaced with � (U+FFFD): Invalid unicode codepoint (4000a5)
Unicode parsing error, some characters were replaced with � (U+FFFD): Invalid unicode codepoint (4000a6)
Unicode parsing error, some characters were replaced with � (U+FFFD): Invalid unicode codepoint (4000a7)
Unicode parsing error, some characters were replaced with � (U+FFFD): Invalid unicode codepoint (4000a8)
Unicode parsing error, some characters were replaced with � (U+FFFD): Invalid unicode codepoint (4000a9)
Unicode parsing error, some characters were replaced with � (U+FFFD): Invalid unicode codepoint (4000aa)
Unicode parsing error, some characters were replaced with � (U+FFFD): Invalid unicode codepoint (4000ab)
Unicode parsing error, some characters were replaced with � (U+FFFD): Invalid unicode codepoint (4000ac)
Unicode parsing error, some characters were replaced with � (U+FFFD): Invalid unicode codepoint (4000ad)
Unicode parsing error, some characters were replaced with � (U+FFFD): Invalid unicode codepoint (4000ae)
Unicode parsing error, some characters were replaced with � (U+FFFD): Invalid unicode codepoint (4000af)
Unicode parsing error, some characters were replaced with � (U+FFFD): Invalid unicode codepoint (4000b0)
Unicode parsing error, some characters were replaced with � (U+FFFD): Invalid unicode codepoint (4000b1)
Unicode parsing error, some characters were replaced with � (U+FFFD): Invalid unicode codepoint (4000b2)
Unicode parsing error, some characters were replaced with � (U+FFFD): Invalid unicode codepoint (4000b3)
Unicode parsing error, some characters were replaced with � (U+FFFD): Invalid unicode codepoint (4000b4)
Unicode parsing error, some characters were replaced with � (U+FFFD): Invalid unicode codepoint (4000b5)
Unicode parsing error, some characters were replaced with � (U+FFFD): Invalid unicode codepoint (4000b6)
Unicode parsing error, some characters were replaced with � (U+FFFD): Invalid unicode codepoint (4000b7)
Unicode parsing error, some characters were replaced with � (U+FFFD): Invalid unicode codepoint (4000b8)
Unicode parsing error, some characters were replaced with � (U+FFFD): Invalid unicode codepoint (4000b9)
Unicode parsing error, some characters were replaced with � (U+FFFD): Invalid unicode codepoint (4000ba)
Unicode parsing error, some characters were replaced with � (U+FFFD): Invalid unicode codepoint (4000bb)
Unicode parsing error, some characters were replaced with � (U+FFFD): Invalid unicode codepoint (4000bc)
Unicode parsing error, some characters were replaced with � (U+FFFD): Invalid unicode codepoint (4000bd)
Unicode parsing error, some characters were replaced with � (U+FFFD): Invalid unicode codepoint (4000be)
Unicode parsing error, some characters were replaced with � (U+FFFD): Invalid unicode codepoint (4000bf)
Unicode parsing error, some characters were replaced with � (U+FFFD): Invalid unicode codepoint (4000c0)
Unicode parsing error, some characters were replaced with � (U+FFFD): Invalid unicode codepoint (4000c1)
Unicode parsing error, some characters were replaced with � (U+FFFD): Invalid unicode codepoint (4000c2)
Unicode parsing error, some characters were replaced with � (U+FFFD): Invalid unicode codepoint (4000c3)
Unicode parsing error, some characters were replaced with � (U+FFFD): Invalid unicode codepoint (4000c4)
Unicode parsing error, some characters were replaced with � (U+FFFD): Invalid unicode codepoint (4000c5)
Unicode parsing error, some characters were replaced with � (U+FFFD): Invalid unicode codepoint (4000c6)
Unicode parsing error, some characters were replaced with � (U+FFFD): Invalid unicode codepoint (4000c7)
Unicode parsing error, some characters were replaced with � (U+FFFD): Invalid unicode codepoint (4000c8)
Unicode parsing error, some characters were replaced with � (U+FFFD): Invalid unicode codepoint (4000c9)
Unicode parsing error, some characters were replaced with � (U+FFFD): Invalid unicode codepoint (4000ca)
Unicode parsing error, some characters were replaced with � (U+FFFD): Invalid unicode codepoint (4000cb)
Unicode parsing error, some characters were replaced with � (U+FFFD): Invalid unicode codepoint (4000cc)
Unicode parsing error, some characters were replaced with � (U+FFFD): Invalid unicode codepoint (4000cd)
Unicode parsing error, some characters were replaced with � (U+FFFD): Invalid unicode codepoint (4000ce)
Unicode parsing error, some characters were replaced with � (U+FFFD): Invalid unicode codepoint (4000cf)
Unicode parsing error, some characters were replaced with � (U+FFFD): Invalid unicode codepoint (4000d0)
Unicode parsing error, some characters were replaced with � (U+FFFD): Invalid unicode codepoint (4000d1)
Unicode parsing error, some characters were replaced with � (U+FFFD): Invalid unicode codepoint (4000d2)
Unicode parsing error, some characters were replaced with � (U+FFFD): Invalid unicode codepoint (4000d3)
Unicode parsing error, some characters were replaced with � (U+FFFD): Invalid unicode codepoint (4000d4)
Unicode parsing error, some characters were replaced with � (U+FFFD): Invalid unicode codepoint (4000d5)
Unicode parsing error, some characters were replaced with � (U+FFFD): Invalid unicode codepoint (4000d6)
Unicode parsing error, some characters were replaced with � (U+FFFD): Invalid unicode codepoint (4000d7)
Unicode parsing error, some characters were replaced with � (U+FFFD): Invalid unicode codepoint (4000d8)
Unicode parsing error, some characters were replaced with � (U+FFFD): Invalid unicode codepoint (4000d9)
Unicode parsing error, some characters were replaced with � (U+FFFD): Invalid unicode codepoint (4000da)
Unicode parsing error, some characters were replaced with � (U+FFFD): Invalid unicode codepoint (4000db)
Unicode parsing error, some characters were replaced with � (U+FFFD): Invalid unicode codepoint (4000dc)
Unicode parsing error, some characters were replaced with � (U+FFFD): Invalid unicode codepoint (4000dd)
Unicode parsing error, some characters were replaced with � (U+FFFD): Invalid unicode codepoint (4000de)
Unicode parsing error, some characters were replaced with � (U+FFFD): Invalid unicode codepoint (4000df)
Unicode parsing error, some characters were replaced with � (U+FFFD): Invalid unicode codepoint (4000e0)
Unicode parsing error, some characters were replaced with � (U+FFFD): Invalid unicode codepoint (4000e1)
Unicode parsing error, some characters were replaced with � (U+FFFD): Invalid unicode codepoint (4000e2)
Unicode parsing error, some characters were replaced with � (U+FFFD): Invalid unicode codepoint (4000e3)
Unicode parsing error, some characters were replaced with � (U+FFFD): Invalid unicode codepoint (4000e4)
Unicode parsing error, some characters were replaced with � (U+FFFD): Invalid unicode codepoint (4000e5)
Unicode parsing error, some characters were replaced with � (U+FFFD): Invalid unicode codepoint (4000e6)
Unicode parsing error, some characters were replaced with � (U+FFFD): Invalid unicode codepoint (4000e7)
Unicode parsing error, some characters were replaced with � (U+FFFD): Invalid unicode codepoint (4000e8)
Unicode parsing error, some characters were replaced with � (U+FFFD): Invalid unicode codepoint (4000e9)
Unicode parsing error, some characters were replaced with � (U+FFFD): Invalid unicode codepoint (4000ea)
Unicode parsing error, some characters were replaced with � (U+FFFD): Invalid unicode codepoint (4000eb)
Unicode parsing error, some characters were replaced with � (U+FFFD): Invalid unicode codepoint (4000ec)
Unicode parsing error, some characters were replaced with � (U+FFFD): Invalid unicode codepoint (4000ed)
Unicode parsing error, some characters were replaced with � (U+FFFD): Invalid unicode codepoint (4000ee)
Unicode parsing error, some characters were replaced with � (U+FFFD): Invalid unicode codepoint (4000ef)
Unicode parsing error, some characters were replaced with � (U+FFFD): Invalid unicode codepoint (4000f0)
Unicode parsing error, some characters were replaced with � (U+FFFD): Invalid unicode codepoint (4000f1)
Unicode parsing error, some characters were replaced with � (U+FFFD): Invalid unicode codepoint (4000f2)
Unicode parsing error, some characters were replaced with � (U+FFFD): Invalid unicode codepoint (4000f3)
Unicode parsing error, some characters were replaced with � (U+FFFD): Invalid unicode codepoint (4000f4)
Unicode parsing error, some characters were replaced with � (U+FFFD): Invalid unicode codepoint (4000f5)
Unicode parsing error, some characters were replaced with � (U+FFFD): Invalid unicode codepoint (4000f6)
Unicode parsing error, some characters were replaced with � (U+FFFD): Invalid unicode codepoint (4000f7)
Unicode parsing error, some characters were replaced with � (U+FFFD): Invalid unicode codepoint (4000f8)
Unicode parsing error, some characters were replaced with � (U+FFFD): Invalid unicode codepoint (4000f9)
Unicode parsing error, some characters were replaced with � (U+FFFD): Invalid unicode codepoint (4000fa)
Unicode parsing error, some characters were replaced with � (U+FFFD): Invalid unicode codepoint (4000fb)
Unicode parsing error, some characters were replaced with � (U+FFFD): Invalid unicode codepoint (4000fc)
Unicode parsing error, some characters were replaced with � (U+FFFD): Invalid unicode codepoint (4000fd)
Unicode parsing error, some characters were replaced with � (U+FFFD): Invalid unicode codepoint (4000fe)
Unicode parsing error, some characters were replaced with � (U+FFFD): Invalid unicode codepoint (4000ff)
Unicode parsing error, some characters were replaced with � (U+FFFD): Invalid unicode codepoint (400100)
Unicode parsing error, some characters were replaced with � (U+FFFD): Invalid unicode codepoint (400101)
Unicode parsing error, some characters were replaced with � (U+FFFD): Invalid unicode codepoint (400102)
Unicode parsing error, some characters were replaced with � (U+FFFD): Invalid unicode codepoint (400103)
Unicode parsing error, some characters were replaced with � (U+FFFD): Invalid unicode codepoint (400104)
Unicode parsing error, some characters were replaced with � (U+FFFD): Invalid unicode codepoint (400105)
Unicode parsing error, some characters were replaced with � (U+FFFD): Invalid unicode codepoint (400106)
Unicode parsing error, some characters were replaced with � (U+FFFD): Invalid unicode codepoint (400107)
Unicode parsing error, some characters were replaced with � (U+FFFD): Invalid unicode codepoint (400108)
Unicode parsing error, some characters were replaced with � (U+FFFD): Invalid unicode codepoint (400109)
Unicode parsing error, some characters were replaced with � (U+FFFD): Invalid unicode codepoint (40010a)
Unicode parsing error, some characters were replaced with � (U+FFFD): Invalid unicode codepoint (40010b)
Unicode parsing error, some characters were replaced with � (U+FFFD): Invalid unicode codepoint (40010c)
Unicode parsing error, some characters were replaced with � (U+FFFD): Invalid unicode codepoint (40010d)
Unicode parsing error, some characters were replaced with � (U+FFFD): Invalid unicode codepoint (40010e)
Unicode parsing error, some characters were replaced with � (U+FFFD): Invalid unicode codepoint (40010f)
Unicode parsing error, some characters were replaced with � (U+FFFD): Invalid unicode codepoint (400110)
Unicode parsing error, some characters were replaced with � (U+FFFD): Invalid unicode codepoint (400111)
Unicode parsing error, some characters were replaced with � (U+FFFD): Invalid unicode codepoint (400112)
Unicode parsing error, some characters were replaced with � (U+FFFD): Invalid unicode codepoint (400113)
Unicode parsing error, some characters were replaced with � (U+FFFD): Invalid unicode codepoint (400114)
Unicode parsing error, some characters were replaced with � (U+FFFD): Invalid unicode codepoint (400115)
Unicode parsing error, some characters were replaced with � (U+FFFD): Invalid unicode codepoint (400116)
Unicode parsing error, some characters were replaced with � (U+FFFD): Invalid unicode codepoint (400117)
Unicode parsing error, some characters were replaced with � (U+FFFD): Invalid unicode codepoint (400118)
Unicode parsing error, some characters were replaced with � (U+FFFD): Invalid unicode codepoint (400119)
Unicode parsing error, some characters were replaced with � (U+FFFD): Invalid unicode codepoint (40011a)
Unicode parsing error, some characters were replaced with � (U+FFFD): Invalid unicode codepoint (40011b)
Unicode parsing error, some characters were replaced with � (U+FFFD): Invalid unicode codepoint (40011c)
Unicode parsing error, some characters were replaced with � (U+FFFD): Invalid unicode codepoint (40011d)
Unicode parsing error, some characters were replaced with � (U+FFFD): Invalid unicode codepoint (40011e)
Unicode parsing error, some characters were replaced with � (U+FFFD): Invalid unicode codepoint (40011f)
Unicode parsing error, some characters were replaced with � (U+FFFD): Invalid unicode codepoint (400120)
Unicode parsing error, some characters were replaced with � (U+FFFD): Invalid unicode codepoint (400121)
Unicode parsing error, some characters were replaced with � (U+FFFD): Invalid unicode codepoint (400122)
Unicode parsing error, some characters were replaced with � (U+FFFD): Invalid unicode codepoint (400123)
Unicode parsing error, some characters were replaced with � (U+FFFD): Invalid unicode codepoint (400124)
Unicode parsing error, some characters were replaced with � (U+FFFD): Invalid unicode codepoint (400125)
Unicode parsing error, some characters were replaced with � (U+FFFD): Invalid unicode codepoint (400126)
Unicode parsing error, some characters were replaced with � (U+FFFD): Invalid unicode codepoint (400127)
Unicode parsing error, some characters were replaced with � (U+FFFD): Invalid unicode codepoint (400128)
Unicode parsing error, some characters were replaced with � (U+FFFD): Invalid unicode codepoint (400129)
Unicode parsing error, some characters were replaced with � (U+FFFD): Invalid unicode codepoint (40012a)
Unicode parsing error, some characters were replaced with � (U+FFFD): Invalid unicode codepoint (40012b)
Unicode parsing error, some characters were replaced with � (U+FFFD): Invalid unicode codepoint (40012c)
Unicode parsing error, some characters were replaced with � (U+FFFD): Invalid unicode codepoint (40012d)
Unicode parsing error, some characters were replaced with � (U+FFFD): Invalid unicode codepoint (40012e)
Unicode parsing error, some characters were replaced with � (U+FFFD): Invalid unicode codepoint (40012f)
Unicode parsing error, some characters were replaced with � (U+FFFD): Invalid unicode codepoint (400130)
Unicode parsing error, some characters were replaced with � (U+FFFD): Invalid unicode codepoint (400131)
Unicode parsing error, some characters were replaced with � (U+FFFD): Invalid unicode codepoint (400132)
Unicode parsing error, some characters were replaced with � (U+FFFD): Invalid unicode codepoint (400133)
Unicode parsing error, some characters were replaced with � (U+FFFD): Invalid unicode codepoint (400134)
Unicode parsing error, some characters were replaced with � (U+FFFD): Invalid unicode codepoint (400135)
Unicode parsing error, some characters were replaced with � (U+FFFD): Invalid unicode codepoint (400136)
Unicode parsing error, some characters were replaced with � (U+FFFD): Invalid unicode codepoint (400137)
Unicode parsing error, some characters were replaced with � (U+FFFD): Invalid unicode codepoint (400138)
Unicode parsing error, some characters were replaced with � (U+FFFD): Invalid unicode codepoint (400139)
Unicode parsing error, some characters were replaced with � (U+FFFD): Invalid unicode codepoint (40013a)
Unicode parsing error, some characters were replaced with � (U+FFFD): Invalid unicode codepoint (40013b)
Unicode parsing error, some characters were replaced with � (U+FFFD): Invalid unicode codepoint (40013c)
Unicode parsing error, some characters were replaced with � (U+FFFD): Invalid unicode codepoint (40013d)
Unicode parsing error, some characters were replaced with � (U+FFFD): Invalid unicode codepoint (40013e)
Unicode parsing error, some characters were replaced with � (U+FFFD): Invalid unicode codepoint (40013f)
Unicode parsing error, some characters were replaced with � (U+FFFD): Invalid unicode codepoint (400140)
Unicode parsing error, some characters were replaced with � (U+FFFD): Invalid unicode codepoint (400141)
Unicode parsing error, some characters were replaced with � (U+FFFD): Invalid unicode codepoint (400142)
Unicode parsing error, some characters were replaced with � (U+FFFD): Invalid unicode codepoint (400143)
Unicode parsing error, some characters were replaced with � (U+FFFD): Invalid unicode codepoint (400144)
Unicode parsing error, some characters were replaced with � (U+FFFD): Invalid unicode codepoint (400145)
Unicode parsing error, some characters were replaced with � (U+FFFD): Invalid unicode codepoint (400146)
Unicode parsing error, some characters were replaced with � (U+FFFD): Invalid unicode codepoint (400147)
Unicode parsing error, some characters were replaced with � (U+FFFD): Invalid unicode codepoint (400148)
Unicode parsing error, some characters were replaced with � (U+FFFD): Invalid unicode codepoint (400149)
Unicode parsing error, some characters were replaced with � (U+FFFD): Invalid unicode codepoint (40014a)
Unicode parsing error, some characters were replaced with � (U+FFFD): Invalid unicode codepoint (40014b)
Unicode parsing error, some characters were replaced with � (U+FFFD): Invalid unicode codepoint (40014c)
Unicode parsing error, some characters were replaced with � (U+FFFD): Invalid unicode codepoint (40014d)
Unicode parsing error, some characters were replaced with � (U+FFFD): Invalid unicode codepoint (40014e)
Unicode parsing error, some characters were replaced with � (U+FFFD): Invalid unicode codepoint (40014f)
Unicode parsing error, some characters were replaced with � (U+FFFD): Invalid unicode codepoint (400150)
Unicode parsing error, some characters were replaced with � (U+FFFD): Invalid unicode codepoint (400151)
Unicode parsing error, some characters were replaced with � (U+FFFD): Invalid unicode codepoint (400152)
Unicode parsing error, some characters were replaced with � (U+FFFD): Invalid unicode codepoint (400153)
Unicode parsing error, some characters were replaced with � (U+FFFD): Invalid unicode codepoint (400154)
Unicode parsing error, some characters were replaced with � (U+FFFD): Invalid unicode codepoint (400155)
Unicode parsing error, some characters were replaced with � (U+FFFD): Invalid unicode codepoint (400156)
Unicode parsing error, some characters were replaced with � (U+FFFD): Invalid unicode codepoint (400157)
Unicode parsing error, some characters were replaced with � (U+FFFD): Invalid unicode codepoint (400158)
Unicode parsing error, some characters were replaced with � (U+FFFD): Invalid unicode codepoint (400159)
Unicode parsing error, some characters were replaced with � (U+FFFD): Invalid unicode codepoint (40015a)
Unicode parsing error, some characters were replaced with � (U+FFFD): Invalid unicode codepoint (40015b)
Unicode parsing error, some characters were replaced with � (U+FFFD): Invalid unicode codepoint (40015c)
Unicode parsing error, some characters were replaced with � (U+FFFD): Invalid unicode codepoint (40015d)
Unicode parsing error, some characters were replaced with � (U+FFFD): Invalid unicode codepoint (40015e)
Unicode parsing error, some characters were replaced with � (U+FFFD): Invalid unicode codepoint (40015f)
Unicode parsing error, some characters were replaced with � (U+FFFD): Invalid unicode codepoint (400160)
Unicode parsing error, some characters were replaced with � (U+FFFD): Invalid unicode codepoint (400161)
Unicode parsing error, some characters were replaced with � (U+FFFD): Invalid unicode codepoint (400162)
Unicode parsing error, some characters were replaced with � (U+FFFD): Invalid unicode codepoint (400163)
Unicode parsing error, some characters were replaced with � (U+FFFD): Invalid unicode codepoint (400164)
Unicode parsing error, some characters were replaced with � (U+FFFD): Invalid unicode codepoint (400165)
Unicode parsing error, some characters were replaced with � (U+FFFD): Invalid unicode codepoint (400166)
Unicode parsing error, some characters were replaced with � (U+FFFD): Invalid unicode codepoint (400167)
Unicode parsing error, some characters were replaced with � (U+FFFD): Invalid unicode codepoint (400168)
Unicode parsing error, some characters were replaced with � (U+FFFD): Invalid unicode codepoint (400169)
Unicode parsing error, some characters were replaced with � (U+FFFD): Invalid unicode codepoint (40016a)
Unicode parsing error, some characters were replaced with � (U+FFFD): Invalid unicode codepoint (40016b)
Unicode parsing error, some characters were replaced with � (U+FFFD): Invalid unicode codepoint (40016c)
Unicode parsing error, some characters were replaced with � (U+FFFD): Invalid unicode codepoint (40016d)
Unicode parsing error, some characters were replaced with � (U+FFFD): Invalid unicode codepoint (40016e)
Unicode parsing error, some characters were replaced with � (U+FFFD): Invalid unicode codepoint (40016f)
Unicode parsing error, some characters were replaced with � (U+FFFD): Invalid unicode codepoint (400170)
Unicode parsing error, some characters were replaced with � (U+FFFD): Invalid unicode codepoint (400171)
Unicode parsing error, some characters were replaced with � (U+FFFD): Invalid unicode codepoint (400172)
Unicode parsing error, some characters were replaced with � (U+FFFD): Invalid unicode codepoint (400173)
Unicode parsing error, some characters were replaced with � (U+FFFD): Invalid unicode codepoint (400174)
Unicode parsing error, some characters were replaced with � (U+FFFD): Invalid unicode codepoint (400175)
Unicode parsing error, some characters were replaced with � (U+FFFD): Invalid unicode codepoint (400176)
Unicode parsing error, some characters were replaced with � (U+FFFD): Invalid unicode codepoint (400177)
Unicode parsing error, some characters were replaced with � (U+FFFD): Invalid unicode codepoint (400178)
Unicode parsing error, some characters were replaced with � (U+FFFD): Invalid unicode codepoint (400179)
Unicode parsing error, some characters were replaced with � (U+FFFD): Invalid unicode codepoint (40017a)
Unicode parsing error, some characters were replaced with � (U+FFFD): Invalid unicode codepoint (40017b)
Unicode parsing error, some characters were replaced with � (U+FFFD): Invalid unicode codepoint (40017c)
Unicode parsing error, some characters were replaced with � (U+FFFD): Invalid unicode codepoint (40017d)
Unicode parsing error, some characters were replaced with � (U+FFFD): Invalid unicode codepoint (40017e)
Unicode parsing error, some characters were replaced with � (U+FFFD): Invalid unicode codepoint (40017f)
Unicode parsing error, some characters were replaced with � (U+FFFD): Invalid unicode codepoint (400180)
Unicode parsing error, some characters were replaced with � (U+FFFD): Invalid unicode codepoint (400181)
Unicode parsing error, some characters were replaced with � (U+FFFD): Invalid unicode codepoint (400182)
Unicode parsing error, some characters were replaced with � (U+FFFD): Invalid unicode codepoint (400183)
Unicode parsing error, some characters were replaced with � (U+FFFD): Invalid unicode codepoint (400184)
Unicode parsing error, some characters were replaced with � (U+FFFD): Invalid unicode codepoint (400185)
Unicode parsing error, some characters were replaced with � (U+FFFD): Invalid unicode codepoint (400186)
Unicode parsing error, some characters were replaced with � (U+FFFD): Invalid unicode codepoint (400187)
Unicode parsing error, some characters were replaced with � (U+FFFD): Invalid unicode codepoint (400188)
Unicode parsing error, some characters were replaced with � (U+FFFD): Invalid unicode codepoint (400189)
Unicode parsing error, some characters were replaced with � (U+FFFD): Invalid unicode codepoint (40018a)
Unicode parsing error, some characters were replaced with � (U+FFFD): Invalid unicode codepoint (40018b)
Unicode parsing error, some characters were replaced with � (U+FFFD): Invalid unicode codepoint (40018c)
Unicode parsing error, some characters were replaced with � (U+FFFD): Invalid unicode codepoint (40018d)
Unicode parsing error, some characters were replaced with � (U+FFFD): Invalid unicode codepoint (40018e)
Unicode parsing error, some characters were replaced with � (U+FFFD): Invalid unicode codepoint (40018f)
Unicode parsing error, some characters were replaced with � (U+FFFD): Invalid unicode codepoint (400190)
Unicode parsing error, some characters were replaced with � (U+FFFD): Invalid unicode codepoint (400191)
Unicode parsing error, some characters were replaced with � (U+FFFD): Invalid unicode codepoint (400192)
Unicode parsing error, some characters were replaced with � (U+FFFD): Invalid unicode codepoint (400193)
Unicode parsing error, some characters were replaced with � (U+FFFD): Invalid unicode codepoint (400194)
Unicode parsing error, some characters were replaced with � (U+FFFD): Invalid unicode codepoint (400195)
Unicode parsing error, some characters were replaced with � (U+FFFD): Invalid unicode codepoint (400196)
Unicode parsing error, some characters were replaced with � (U+FFFD): Invalid unicode codepoint (400197)
Unicode parsing error, some characters were replaced with � (U+FFFD): Invalid unicode codepoint (400198)
Unicode parsing error, some characters were replaced with � (U+FFFD): Invalid unicode codepoint (400199)
Unicode parsing error, some characters were replaced with � (U+FFFD): Invalid unicode codepoint (40019a)
Unicode parsing error, some characters were replaced with � (U+FFFD): Invalid unicode codepoint (40019b)
Unicode parsing error, some characters were replaced with � (U+FFFD): Invalid unicode codepoint (40019c)
Unicode parsing error, some characters were replaced with � (U+FFFD): Invalid unicode codepoint (40019d)
Unicode parsing error, some characters were replaced with � (U+FFFD): Invalid unicode codepoint (40019e)
Unicode parsing error, some characters were replaced with � (U+FFFD): Invalid unicode codepoint (40019f)
Unicode parsing error, some characters were replaced with � (U+FFFD): Invalid unicode codepoint (4001a0)
Unicode parsing error, some characters were replaced with � (U+FFFD): Invalid unicode codepoint (4001a1)
Unicode parsing error, some characters were replaced with � (U+FFFD): Invalid unicode codepoint (4001a2)
Unicode parsing error, some characters were replaced with � (U+FFFD): Invalid unicode codepoint (4001a3)
Unicode parsing error, some characters were replaced with � (U+FFFD): Invalid unicode codepoint (4001a4)
Unicode parsing error, some characters were replaced with � (U+FFFD): Invalid unicode codepoint (4001a5)
Unicode parsing error, some characters were replaced with � (U+FFFD): Invalid unicode codepoint (4001a6)
Unicode parsing error, some characters were replaced with � (U+FFFD): Invalid unicode codepoint (4001a7)
Unicode parsing error, some characters were replaced with � (U+FFFD): Invalid unicode codepoint (4001a8)
Unicode parsing error, some characters were replaced with � (U+FFFD): Invalid unicode codepoint (4001a9)
Unicode parsing error, some characters were replaced with � (U+FFFD): Invalid unicode codepoint (4001aa)
Unicode parsing error, some characters were replaced with � (U+FFFD): Invalid unicode codepoint (4001ab)
Unicode parsing error, some characters were replaced with � (U+FFFD): Invalid unicode codepoint (4001ac)
Unicode parsing error, some characters were replaced with � (U+FFFD): Invalid unicode codepoint (4001ad)
Unicode parsing error, some characters were replaced with � (U+FFFD): Invalid unicode codepoint (4001ae)
Unicode parsing error, some characters were replaced with � (U+FFFD): Invalid unicode codepoint (4001af)
Unicode parsing error, some characters were replaced with � (U+FFFD): Invalid unicode codepoint (4001b0)
Unicode parsing error, some characters were replaced with � (U+FFFD): Invalid unicode codepoint (4001b1)
Unicode parsing error, some characters were replaced with � (U+FFFD): Invalid unicode codepoint (4001b2)
Unicode parsing error, some characters were replaced with � (U+FFFD): Invalid unicode codepoint (4001b3)
Unicode parsing error, some characters were replaced with � (U+FFFD): Invalid unicode codepoint (4001b4)
Unicode parsing error, some characters were replaced with � (U+FFFD): Invalid unicode codepoint (4001b5)
Unicode parsing error, some characters were replaced with � (U+FFFD): Invalid unicode codepoint (4001b6)
Unicode parsing error, some characters were replaced with � (U+FFFD): Invalid unicode codepoint (4001b7)
Unicode parsing error, some characters were replaced with � (U+FFFD): Invalid unicode codepoint (4001b8)
Unicode parsing error, some characters were replaced with � (U+FFFD): Invalid unicode codepoint (4001b9)
Unicode parsing error, some characters were replaced with � (U+FFFD): Invalid unicode codepoint (4001ba)
Unicode parsing error, some characters were replaced with � (U+FFFD): Invalid unicode codepoint (4001bb)
Unicode parsing error, some characters were replaced with � (U+FFFD): Invalid unicode codepoint (4001bc)
Unicode parsing error, some characters were replaced with � (U+FFFD): Invalid unicode codepoint (4001bd)
Unicode parsing error, some characters were replaced with � (U+FFFD): Invalid unicode codepoint (4001be)
Unicode parsing error, some characters were replaced with � (U+FFFD): Invalid unicode codepoint (4001bf)
Unicode parsing error, some characters were replaced with � (U+FFFD): Invalid unicode codepoint (4001c0)
Unicode parsing error, some characters were replaced with � (U+FFFD): Invalid unicode codepoint (4001c1)
Unicode parsing error, some characters were replaced with � (U+FFFD): Invalid unicode codepoint (4001c2)
Unicode parsing error, some characters were replaced with � (U+FFFD): Invalid unicode codepoint (4001c3)
Unicode parsing error, some characters were replaced with � (U+FFFD): Invalid unicode codepoint (4001c4)
Unicode parsing error, some characters were replaced with � (U+FFFD): Invalid unicode codepoint (4001c5)
Unicode parsing error, some characters were replaced with � (U+FFFD): Invalid unicode codepoint (4001c6)
Unicode parsing error, some characters were replaced with � (U+FFFD): Invalid unicode codepoint (4001c7)
Unicode parsing error, some characters were replaced with � (U+FFFD): Invalid unicode codepoint (4001c8)
Unicode parsing error, some characters were replaced with � (U+FFFD): Invalid unicode codepoint (4001c9)
Unicode parsing error, some characters were replaced with � (U+FFFD): Invalid unicode codepoint (4001ca)
Unicode parsing error, some characters were replaced with � (U+FFFD): Invalid unicode codepoint (4001cb)
Unicode parsing error, some characters were replaced with � (U+FFFD): Invalid unicode codepoint (4001cc)
Unicode parsing error, some characters were replaced with � (U+FFFD): Invalid unicode codepoint (4001cd)
Unicode parsing error, some characters were replaced with � (U+FFFD): Invalid unicode codepoint (4001ce)
Unicode parsing error, some characters were replaced with � (U+FFFD): Invalid unicode codepoint (4001cf)
Unicode parsing error, some characters were replaced with � (U+FFFD): Invalid unicode codepoint (4001d0)
Unicode parsing error, some characters were replaced with � (U+FFFD): Invalid unicode codepoint (4001d1)
Unicode parsing error, some characters were replaced with � (U+FFFD): Invalid unicode codepoint (4001d2)
Unicode parsing error, some characters were replaced with � (U+FFFD): Invalid unicode codepoint (4001d3)
Unicode parsing error, some characters were replaced with � (U+FFFD): Invalid unicode codepoint (4001d4)
Unicode parsing error, some characters were replaced with � (U+FFFD): Invalid unicode codepoint (4001d5)
Unicode parsing error, some characters were replaced with � (U+FFFD): Invalid unicode codepoint (4001d6)
Unicode parsing error, some characters were replaced with � (U+FFFD): Invalid unicode codepoint (4001d7)
Unicode parsing error, some characters were replaced with � (U+FFFD): Invalid unicode codepoint (4001d8)
Unicode parsing error, some characters were replaced with � (U+FFFD): Invalid unicode codepoint (4001d9)
Unicode parsing error, some characters were replaced with � (U+FFFD): Invalid unicode codepoint (4001da)
Unicode parsing error, some characters were replaced with � (U+FFFD): Invalid unicode codepoint (4001db)
Unicode parsing error, some characters were replaced with � (U+FFFD): Invalid unicode codepoint (4001dc)
Unicode parsing error, some characters were replaced with � (U+FFFD): Invalid unicode codepoint (4001dd)
Unicode parsing error, some characters were replaced with � (U+FFFD): Invalid unicode codepoint (4001de)
Unicode parsing error, some characters were replaced with � (U+FFFD): Invalid unicode codepoint (4001df)
Unicode parsing error, some characters were replaced with � (U+FFFD): Invalid unicode codepoint (4001e0)
Unicode parsing error, some characters were replaced with � (U+FFFD): Invalid unicode codepoint (4001e1)
Unicode parsing error, some characters were replaced with � (U+FFFD): Invalid unicode codepoint (4001e2)
Unicode parsing error, some characters were replaced with � (U+FFFD): Invalid unicode codepoint (4001e3)
Unicode parsing error, some characters were replaced with � (U+FFFD): Invalid unicode codepoint (4001e4)
Unicode parsing error, some characters were replaced with � (U+FFFD): Invalid unicode codepoint (4001e5)
Unicode parsing error, some characters were replaced with � (U+FFFD): Invalid unicode codepoint (4001e6)
Unicode parsing error, some characters were replaced with � (U+FFFD): Invalid unicode codepoint (4001e7)
Unicode parsing error, some characters were replaced with � (U+FFFD): Invalid unicode codepoint (4001e8)
Unicode parsing error, some characters were replaced with � (U+FFFD): Invalid unicode codepoint (4001e9)
Unicode parsing error, some characters were replaced with � (U+FFFD): Invalid unicode codepoint (4001ea)
Unicode parsing error, some characters were replaced with � (U+FFFD): Invalid unicode codepoint (4001eb)
Unicode parsing error, some characters were replaced with � (U+FFFD): Invalid unicode codepoint (4001ec)
Unicode parsing error, some characters were replaced with � (U+FFFD): Invalid unicode codepoint (4001ed)
Unicode parsing error, some characters were replaced with � (U+FFFD): Invalid unicode codepoint (4001ee)
Unicode parsing error, some characters were replaced with � (U+FFFD): Invalid unicode codepoint (4001ef)
Unicode parsing error, some characters were replaced with � (U+FFFD): Invalid unicode codepoint (4001f0)
Unicode parsing error, some characters were replaced with � (U+FFFD): Invalid unicode codepoint (4001f1)
Unicode parsing error, some characters were replaced with � (U+FFFD): Invalid unicode codepoint (4001f2)
Unicode parsing error, some characters were replaced with � (U+FFFD): Invalid unicode codepoint (4001f3)
Unicode parsing error, some characters were replaced with � (U+FFFD): Invalid unicode codepoint (4001f4)
Unicode parsing error, some characters were replaced with � (U+FFFD): Invalid unicode codepoint (4001f5)
Unicode parsing error, some characters were replaced with � (U+FFFD): Invalid unicode codepoint (4001f6)
Unicode parsing error, some characters were replaced with � (U+FFFD): Invalid unicode codepoint (4001f7)
Unicode parsing error, some characters were replaced with � (U+FFFD): Invalid unicode codepoint (4001f8)
Unicode parsing error, some characters were replaced with � (U+FFFD): Invalid unicode codepoint (4001f9)
Unicode parsing error, some characters were replaced with � (U+FFFD): Invalid unicode codepoint (4001fa)
Unicode parsing error, some characters were replaced with � (U+FFFD): Invalid unicode codepoint (4001fb)
Unicode parsing error, some characters were replaced with � (U+FFFD): Invalid unicode codepoint (4001fc)
Unicode parsing error, some characters were replaced with � (U+FFFD): Invalid unicode codepoint (4001fd)
Unicode parsing error, some characters were replaced with � (U+FFFD): Invalid unicode codepoint (4001fe)
Unicode parsing error, some characters were replaced with � (U+FFFD): Invalid unicode codepoint (4001ff)
Unicode parsing error, some characters were replaced with � (U+FFFD): Invalid unicode codepoint (400000)
Unicode parsing error, some characters were replaced with � (U+FFFD): Invalid unicode codepoint (40003f)
Unicode parsing error, some characters were replaced with � (U+FFFD): Invalid unicode codepoint (400040)
Unicode parsing error, some characters were replaced with � (U+FFFD): Invalid unicode codepoint (400041)
Unicode parsing error, some characters were replaced with � (U+FFFD): Invalid unicode codepoint (400044)
Unicode parsing error, some characters were replaced with � (U+FFFD): Invalid unicode codepoint (400046)
Unicode parsing error, some characters were replaced with � (U+FFFD): Invalid unicode codepoint (400047)
Unicode parsing error, some characters were replaced with � (U+FFFD): Invalid unicode codepoint (40004f)
Unicode parsing error, some characters were replaced with � (U+FFFD): Invalid unicode codepoint (400050)
Unicode parsing error, some characters were replaced with � (U+FFFD): Invalid unicode codepoint (400051)
Unicode parsing error, some characters were replaced with � (U+FFFD): Invalid unicode codepoint (400052)
Unicode parsing error, some characters were replaced with � (U+FFFD): Invalid unicode codepoint (400053)
Unicode parsing error, some characters were replaced with � (U+FFFD): Invalid unicode codepoint (400074)
Unicode parsing error, some characters were replaced with � (U+FFFD): Invalid unicode codepoint (400075)
Unicode parsing error, some characters were replaced with � (U+FFFD): Invalid unicode codepoint (400076)
Unicode parsing error, some characters were replaced with � (U+FFFD): Invalid unicode codepoint (400077)
Unicode parsing error, some characters were replaced with � (U+FFFD): Invalid unicode codepoint (400078)
Unicode parsing error, some characters were replaced with � (U+FFFD): Invalid unicode codepoint (400079)
Unicode parsing error, some characters were replaced with � (U+FFFD): Invalid unicode codepoint (40007a)
Unicode parsing error, some characters were replaced with � (U+FFFD): Invalid unicode codepoint (40007b)
Unicode parsing error, some characters were replaced with � (U+FFFD): Invalid unicode codepoint (40007c)
Unicode parsing error, some characters were replaced with � (U+FFFD): Invalid unicode codepoint (40007d)
Unicode parsing error, some characters were replaced with � (U+FFFD): Invalid unicode codepoint (40007e)
Unicode parsing error, some characters were replaced with � (U+FFFD): Invalid unicode codepoint (40007f)
Unicode parsing error, some characters were replaced with � (U+FFFD): Invalid unicode codepoint (400080)
Unicode parsing error, some characters were replaced with � (U+FFFD): Invalid unicode codepoint (400090)
Unicode parsing error, some characters were replaced with � (U+FFFD): Invalid unicode codepoint (400091)
Unicode parsing error, some characters were replaced with � (U+FFFD): Invalid unicode codepoint (400092)
Unicode parsing error, some characters were replaced with � (U+FFFD): Invalid unicode codepoint (400093)
Unicode parsing error, some characters were replaced with � (U+FFFD): Invalid unicode codepoint (400094)
Unicode parsing error, some characters were replaced with � (U+FFFD): Invalid unicode codepoint (400095)
Unicode parsing error, some characters were replaced with � (U+FFFD): Invalid unicode codepoint (400096)
Unicode parsing error, some characters were replaced with � (U+FFFD): Invalid unicode codepoint (400097)
Unicode parsing error, some characters were replaced with � (U+FFFD): Invalid unicode codepoint (400098)
Unicode parsing error, some characters were replaced with � (U+FFFD): Invalid unicode codepoint (400099)
Unicode parsing error, some characters were replaced with � (U+FFFD): Invalid unicode codepoint (40009a)
Unicode parsing error, some characters were replaced with � (U+FFFD): Invalid unicode codepoint (40009b)
Unicode parsing error, some characters were replaced with � (U+FFFD): Invalid unicode codepoint (40009c)
Unicode parsing error, some characters were replaced with � (U+FFFD): Invalid unicode codepoint (40009d)
Unicode parsing error, some characters were replaced with � (U+FFFD): Invalid unicode codepoint (40009e)
Unicode parsing error, some characters were replaced with � (U+FFFD): Invalid unicode codepoint (40009f)
Unicode parsing error, some characters were replaced with � (U+FFFD): Invalid unicode codepoint (4000a0)
Unicode parsing error, some characters were replaced with � (U+FFFD): Invalid unicode codepoint (4000a1)
Unicode parsing error, some characters were replaced with � (U+FFFD): Invalid unicode codepoint (4000a2)
Unicode parsing error, some characters were replaced with � (U+FFFD): Invalid unicode codepoint (4000a3)
Unicode parsing error, some characters were replaced with � (U+FFFD): Invalid unicode codepoint (4000a4)
Unicode parsing error, some characters were replaced with � (U+FFFD): Invalid unicode codepoint (4000a5)
Unicode parsing error, some characters were replaced with � (U+FFFD): Invalid unicode codepoint (4000a6)
Unicode parsing error, some characters were replaced with � (U+FFFD): Invalid unicode codepoint (4000a7)
Unicode parsing error, some characters were replaced with � (U+FFFD): Invalid unicode codepoint (4000a8)
Unicode parsing error, some characters were replaced with � (U+FFFD): Invalid unicode codepoint (4000a9)
Unicode parsing error, some characters were replaced with � (U+FFFD): Invalid unicode codepoint (4000aa)
Unicode parsing error, some characters were replaced with � (U+FFFD): Invalid unicode codepoint (4000ab)
Unicode parsing error, some characters were replaced with � (U+FFFD): Invalid unicode codepoint (4000ac)
Unicode parsing error, some characters were replaced with � (U+FFFD): Invalid unicode codepoint (4000ad)
Unicode parsing error, some characters were replaced with � (U+FFFD): Invalid unicode codepoint (4000ae)
Unicode parsing error, some characters were replaced with � (U+FFFD): Invalid unicode codepoint (4000af)
Unicode parsing error, some characters were replaced with � (U+FFFD): Invalid unicode codepoint (4000b0)
Unicode parsing error, some characters were replaced with � (U+FFFD): Invalid unicode codepoint (4000b1)
Unicode parsing error, some characters were replaced with � (U+FFFD): Invalid unicode codepoint (4000b2)
Unicode parsing error, some characters were replaced with � (U+FFFD): Invalid unicode codepoint (4000b3)
Unicode parsing error, some characters were replaced with � (U+FFFD): Invalid unicode codepoint (4000b4)
Unicode parsing error, some characters were replaced with � (U+FFFD): Invalid unicode codepoint (4000b5)
Unicode parsing error, some characters were replaced with � (U+FFFD): Invalid unicode codepoint (4000b6)
Unicode parsing error, some characters were replaced with � (U+FFFD): Invalid unicode codepoint (4000b7)
Unicode parsing error, some characters were replaced with � (U+FFFD): Invalid unicode codepoint (4000b8)
Unicode parsing error, some characters were replaced with � (U+FFFD): Invalid unicode codepoint (4000b9)
Unicode parsing error, some characters were replaced with � (U+FFFD): Invalid unicode codepoint (4000ba)
Unicode parsing error, some characters were replaced with � (U+FFFD): Invalid unicode codepoint (4000bb)
Unicode parsing error, some characters were replaced with � (U+FFFD): Invalid unicode codepoint (4000bc)
Unicode parsing error, some characters were replaced with � (U+FFFD): Invalid unicode codepoint (4000bd)
Unicode parsing error, some characters were replaced with � (U+FFFD): Invalid unicode codepoint (4000be)
Unicode parsing error, some characters were replaced with � (U+FFFD): Invalid unicode codepoint (4000bf)
Unicode parsing error, some characters were replaced with � (U+FFFD): Invalid unicode codepoint (4000c0)
Unicode parsing error, some characters were replaced with � (U+FFFD): Invalid unicode codepoint (4000c1)
Unicode parsing error, some characters were replaced with � (U+FFFD): Invalid unicode codepoint (4000c2)
Unicode parsing error, some characters were replaced with � (U+FFFD): Invalid unicode codepoint (4000c3)
Unicode parsing error, some characters were replaced with � (U+FFFD): Invalid unicode codepoint (4000c4)
Unicode parsing error, some characters were replaced with � (U+FFFD): Invalid unicode codepoint (4000c5)
Unicode parsing error, some characters were replaced with � (U+FFFD): Invalid unicode codepoint (4000c6)
Unicode parsing error, some characters were replaced with � (U+FFFD): Invalid unicode codepoint (4000c7)
Unicode parsing error, some characters were replaced with � (U+FFFD): Invalid unicode codepoint (4000c8)
Unicode parsing error, some characters were replaced with � (U+FFFD): Invalid unicode codepoint (4000c9)
Unicode parsing error, some characters were replaced with � (U+FFFD): Invalid unicode codepoint (4000ca)
Unicode parsing error, some characters were replaced with � (U+FFFD): Invalid unicode codepoint (4000cb)
Unicode parsing error, some characters were replaced with � (U+FFFD): Invalid unicode codepoint (4000cc)
Unicode parsing error, some characters were replaced with � (U+FFFD): Invalid unicode codepoint (4000cd)
Unicode parsing error, some characters were replaced with � (U+FFFD): Invalid unicode codepoint (4000ce)
Unicode parsing error, some characters were replaced with � (U+FFFD): Invalid unicode codepoint (4000cf)
Unicode parsing error, some characters were replaced with � (U+FFFD): Invalid unicode codepoint (4000d0)
Unicode parsing error, some characters were replaced with � (U+FFFD): Invalid unicode codepoint (4000d1)
Unicode parsing error, some characters were replaced with � (U+FFFD): Invalid unicode codepoint (4000d2)
Unicode parsing error, some characters were replaced with � (U+FFFD): Invalid unicode codepoint (4000d3)
Unicode parsing error, some characters were replaced with � (U+FFFD): Invalid unicode codepoint (4000d4)
Unicode parsing error, some characters were replaced with � (U+FFFD): Invalid unicode codepoint (4000d5)
Unicode parsing error, some characters were replaced with � (U+FFFD): Invalid unicode codepoint (4000d6)
Unicode parsing error, some characters were replaced with � (U+FFFD): Invalid unicode codepoint (4000d7)
Unicode parsing error, some characters were replaced with � (U+FFFD): Invalid unicode codepoint (4000d8)
Unicode parsing error, some characters were replaced with � (U+FFFD): Invalid unicode codepoint (4000d9)
Unicode parsing error, some characters were replaced with � (U+FFFD): Invalid unicode codepoint (4000da)
Unicode parsing error, some characters were replaced with � (U+FFFD): Invalid unicode codepoint (4000db)
Unicode parsing error, some characters were replaced with � (U+FFFD): Invalid unicode codepoint (4000dc)
Unicode parsing error, some characters were replaced with � (U+FFFD): Invalid unicode codepoint (4000dd)
Unicode parsing error, some characters were replaced with � (U+FFFD): Invalid unicode codepoint (4000de)
Unicode parsing error, some characters were replaced with � (U+FFFD): Invalid unicode codepoint (4000df)
Unicode parsing error, some characters were replaced with � (U+FFFD): Invalid unicode codepoint (4000e0)
Unicode parsing error, some characters were replaced with � (U+FFFD): Invalid unicode codepoint (4000e1)
Unicode parsing error, some characters were replaced with � (U+FFFD): Invalid unicode codepoint (4000e2)
Unicode parsing error, some characters were replaced with � (U+FFFD): Invalid unicode codepoint (4000e3)
Unicode parsing error, some characters were replaced with � (U+FFFD): Invalid unicode codepoint (4000e4)
Unicode parsing error, some characters were replaced with � (U+FFFD): Invalid unicode codepoint (4000e5)
Unicode parsing error, some characters were replaced with � (U+FFFD): Invalid unicode codepoint (4000e6)
Unicode parsing error, some characters were replaced with � (U+FFFD): Invalid unicode codepoint (4000e7)
Unicode parsing error, some characters were replaced with � (U+FFFD): Invalid unicode codepoint (4000e8)
Unicode parsing error, some characters were replaced with � (U+FFFD): Invalid unicode codepoint (4000e9)
Unicode parsing error, some characters were replaced with � (U+FFFD): Invalid unicode codepoint (4000ea)
Unicode parsing error, some characters were replaced with � (U+FFFD): Invalid unicode codepoint (4000eb)
Unicode parsing error, some characters were replaced with � (U+FFFD): Invalid unicode codepoint (4000ec)
Unicode parsing error, some characters were replaced with � (U+FFFD): Invalid unicode codepoint (4000ed)
Unicode parsing error, some characters were replaced with � (U+FFFD): Invalid unicode codepoint (4000ee)
Unicode parsing error, some characters were replaced with � (U+FFFD): Invalid unicode codepoint (4000ef)
Unicode parsing error, some characters were replaced with � (U+FFFD): Invalid unicode codepoint (4000f0)
Unicode parsing error, some characters were replaced with � (U+FFFD): Invalid unicode codepoint (4000f1)
Unicode parsing error, some characters were replaced with � (U+FFFD): Invalid unicode codepoint (4000f2)
Unicode parsing error, some characters were replaced with � (U+FFFD): Invalid unicode codepoint (4000f3)
Unicode parsing error, some characters were replaced with � (U+FFFD): Invalid unicode codepoint (4000f4)
Unicode parsing error, some characters were replaced with � (U+FFFD): Invalid unicode codepoint (4000f5)
Unicode parsing error, some characters were replaced with � (U+FFFD): Invalid unicode codepoint (4000f6)
Unicode parsing error, some characters were replaced with � (U+FFFD): Invalid unicode codepoint (4000f7)
Unicode parsing error, some characters were replaced with � (U+FFFD): Invalid unicode codepoint (4000f8)
Unicode parsing error, some characters were replaced with � (U+FFFD): Invalid unicode codepoint (4000f9)
Unicode parsing error, some characters were replaced with � (U+FFFD): Invalid unicode codepoint (4000fa)
Unicode parsing error, some characters were replaced with � (U+FFFD): Invalid unicode codepoint (4000fb)
Unicode parsing error, some characters were replaced with � (U+FFFD): Invalid unicode codepoint (4000fc)
Unicode parsing error, some characters were replaced with � (U+FFFD): Invalid unicode codepoint (4000fd)
Unicode parsing error, some characters were replaced with � (U+FFFD): Invalid unicode codepoint (4000fe)
Unicode parsing error, some characters were replaced with � (U+FFFD): Invalid unicode codepoint (4000ff)
Unicode parsing error, some characters were replaced with � (U+FFFD): Invalid unicode codepoint (400100)
Unicode parsing error, some characters were replaced with � (U+FFFD): Invalid unicode codepoint (400101)
Unicode parsing error, some characters were replaced with � (U+FFFD): Invalid unicode codepoint (400102)
Unicode parsing error, some characters were replaced with � (U+FFFD): Invalid unicode codepoint (400103)
Unicode parsing error, some characters were replaced with � (U+FFFD): Invalid unicode codepoint (400104)
Unicode parsing error, some characters were replaced with � (U+FFFD): Invalid unicode codepoint (400105)
Unicode parsing error, some characters were replaced with � (U+FFFD): Invalid unicode codepoint (400106)
Unicode parsing error, some characters were replaced with � (U+FFFD): Invalid unicode codepoint (400107)
Unicode parsing error, some characters were replaced with � (U+FFFD): Invalid unicode codepoint (400108)
Unicode parsing error, some characters were replaced with � (U+FFFD): Invalid unicode codepoint (400109)
Unicode parsing error, some characters were replaced with � (U+FFFD): Invalid unicode codepoint (40010a)
Unicode parsing error, some characters were replaced with � (U+FFFD): Invalid unicode codepoint (40010b)
Unicode parsing error, some characters were replaced with � (U+FFFD): Invalid unicode codepoint (40010c)
Unicode parsing error, some characters were replaced with � (U+FFFD): Invalid unicode codepoint (40010d)
Unicode parsing error, some characters were replaced with � (U+FFFD): Invalid unicode codepoint (40010e)
Unicode parsing error, some characters were replaced with � (U+FFFD): Invalid unicode codepoint (40010f)
Unicode parsing error, some characters were replaced with � (U+FFFD): Invalid unicode codepoint (400110)
Unicode parsing error, some characters were replaced with � (U+FFFD): Invalid unicode codepoint (400111)
Unicode parsing error, some characters were replaced with � (U+FFFD): Invalid unicode codepoint (400112)
Unicode parsing error, some characters were replaced with � (U+FFFD): Invalid unicode codepoint (400113)
Unicode parsing error, some characters were replaced with � (U+FFFD): Invalid unicode codepoint (400114)
Unicode parsing error, some characters were replaced with � (U+FFFD): Invalid unicode codepoint (400115)
Unicode parsing error, some characters were replaced with � (U+FFFD): Invalid unicode codepoint (400116)
Unicode parsing error, some characters were replaced with � (U+FFFD): Invalid unicode codepoint (400117)
Unicode parsing error, some characters were replaced with � (U+FFFD): Invalid unicode codepoint (400118)
Unicode parsing error, some characters were replaced with � (U+FFFD): Invalid unicode codepoint (400119)
Unicode parsing error, some characters were replaced with � (U+FFFD): Invalid unicode codepoint (40011a)
Unicode parsing error, some characters were replaced with � (U+FFFD): Invalid unicode codepoint (40011b)
Unicode parsing error, some characters were replaced with � (U+FFFD): Invalid unicode codepoint (40011c)
Unicode parsing error, some characters were replaced with � (U+FFFD): Invalid unicode codepoint (40011d)
Unicode parsing error, some characters were replaced with � (U+FFFD): Invalid unicode codepoint (40011e)
Unicode parsing error, some characters were replaced with � (U+FFFD): Invalid unicode codepoint (40011f)
Unicode parsing error, some characters were replaced with � (U+FFFD): Invalid unicode codepoint (400120)
Unicode parsing error, some characters were replaced with � (U+FFFD): Invalid unicode codepoint (400121)
Unicode parsing error, some characters were replaced with � (U+FFFD): Invalid unicode codepoint (400122)
Unicode parsing error, some characters were replaced with � (U+FFFD): Invalid unicode codepoint (400123)
Unicode parsing error, some characters were replaced with � (U+FFFD): Invalid unicode codepoint (400124)
Unicode parsing error, some characters were replaced with � (U+FFFD): Invalid unicode codepoint (400125)
Unicode parsing error, some characters were replaced with � (U+FFFD): Invalid unicode codepoint (400126)
Unicode parsing error, some characters were replaced with � (U+FFFD): Invalid unicode codepoint (400127)
Unicode parsing error, some characters were replaced with � (U+FFFD): Invalid unicode codepoint (400128)
Unicode parsing error, some characters were replaced with � (U+FFFD): Invalid unicode codepoint (400129)
Unicode parsing error, some characters were replaced with � (U+FFFD): Invalid unicode codepoint (40012a)
Unicode parsing error, some characters were replaced with � (U+FFFD): Invalid unicode codepoint (40012b)
Unicode parsing error, some characters were replaced with � (U+FFFD): Invalid unicode codepoint (40012c)
Unicode parsing error, some characters were replaced with � (U+FFFD): Invalid unicode codepoint (40012d)
Unicode parsing error, some characters were replaced with � (U+FFFD): Invalid unicode codepoint (40012e)
Unicode parsing error, some characters were replaced with � (U+FFFD): Invalid unicode codepoint (40012f)
Unicode parsing error, some characters were replaced with � (U+FFFD): Invalid unicode codepoint (400130)
Unicode parsing error, some characters were replaced with � (U+FFFD): Invalid unicode codepoint (400131)
Unicode parsing error, some characters were replaced with � (U+FFFD): Invalid unicode codepoint (400132)
Unicode parsing error, some characters were replaced with � (U+FFFD): Invalid unicode codepoint (400133)
Unicode parsing error, some characters were replaced with � (U+FFFD): Invalid unicode codepoint (400134)
Unicode parsing error, some characters were replaced with � (U+FFFD): Invalid unicode codepoint (400135)
Unicode parsing error, some characters were replaced with � (U+FFFD): Invalid unicode codepoint (400136)
Unicode parsing error, some characters were replaced with � (U+FFFD): Invalid unicode codepoint (400137)
Unicode parsing error, some characters were replaced with � (U+FFFD): Invalid unicode codepoint (400138)
Unicode parsing error, some characters were replaced with � (U+FFFD): Invalid unicode codepoint (400139)
Unicode parsing error, some characters were replaced with � (U+FFFD): Invalid unicode codepoint (40013a)
Unicode parsing error, some characters were replaced with � (U+FFFD): Invalid unicode codepoint (40013b)
Unicode parsing error, some characters were replaced with � (U+FFFD): Invalid unicode codepoint (40013c)
Unicode parsing error, some characters were replaced with � (U+FFFD): Invalid unicode codepoint (40013d)
Unicode parsing error, some characters were replaced with � (U+FFFD): Invalid unicode codepoint (40013e)
Unicode parsing error, some characters were replaced with � (U+FFFD): Invalid unicode codepoint (40013f)
Unicode parsing error, some characters were replaced with � (U+FFFD): Invalid unicode codepoint (400140)
Unicode parsing error, some characters were replaced with � (U+FFFD): Invalid unicode codepoint (400141)
Unicode parsing error, some characters were replaced with � (U+FFFD): Invalid unicode codepoint (400142)
Unicode parsing error, some characters were replaced with � (U+FFFD): Invalid unicode codepoint (400143)
Unicode parsing error, some characters were replaced with � (U+FFFD): Invalid unicode codepoint (400144)
Unicode parsing error, some characters were replaced with � (U+FFFD): Invalid unicode codepoint (400145)
Unicode parsing error, some characters were replaced with � (U+FFFD): Invalid unicode codepoint (400146)
Unicode parsing error, some characters were replaced with � (U+FFFD): Invalid unicode codepoint (400147)
Unicode parsing error, some characters were replaced with � (U+FFFD): Invalid unicode codepoint (400148)
Unicode parsing error, some characters were replaced with � (U+FFFD): Invalid unicode codepoint (400149)
Unicode parsing error, some characters were replaced with � (U+FFFD): Invalid unicode codepoint (40014a)
Unicode parsing error, some characters were replaced with � (U+FFFD): Invalid unicode codepoint (40014b)
Unicode parsing error, some characters were replaced with � (U+FFFD): Invalid unicode codepoint (40014c)
Unicode parsing error, some characters were replaced with � (U+FFFD): Invalid unicode codepoint (40014d)
Unicode parsing error, some characters were replaced with � (U+FFFD): Invalid unicode codepoint (40014e)
Unicode parsing error, some characters were replaced with � (U+FFFD): Invalid unicode codepoint (40014f)
Unicode parsing error, some characters were replaced with � (U+FFFD): Invalid unicode codepoint (400150)
Unicode parsing error, some characters were replaced with � (U+FFFD): Invalid unicode codepoint (400151)
Unicode parsing error, some characters were replaced with � (U+FFFD): Invalid unicode codepoint (400152)
Unicode parsing error, some characters were replaced with � (U+FFFD): Invalid unicode codepoint (400153)
Unicode parsing error, some characters were replaced with � (U+FFFD): Invalid unicode codepoint (400154)
Unicode parsing error, some characters were replaced with � (U+FFFD): Invalid unicode codepoint (400155)
Unicode parsing error, some characters were replaced with � (U+FFFD): Invalid unicode codepoint (400156)
Unicode parsing error, some characters were replaced with � (U+FFFD): Invalid unicode codepoint (400157)
Unicode parsing error, some characters were replaced with � (U+FFFD): Invalid unicode codepoint (400158)
Unicode parsing error, some characters were replaced with � (U+FFFD): Invalid unicode codepoint (400159)
Unicode parsing error, some characters were replaced with � (U+FFFD): Invalid unicode codepoint (40015a)
Unicode parsing error, some characters were replaced with � (U+FFFD): Invalid unicode codepoint (40015b)
Unicode parsing error, some characters were replaced with � (U+FFFD): Invalid unicode codepoint (40015c)
Unicode parsing error, some characters were replaced with � (U+FFFD): Invalid unicode codepoint (40015d)
Unicode parsing error, some characters were replaced with � (U+FFFD): Invalid unicode codepoint (40015e)
Unicode parsing error, some characters were replaced with � (U+FFFD): Invalid unicode codepoint (40015f)
Unicode parsing error, some characters were replaced with � (U+FFFD): Invalid unicode codepoint (400160)
Unicode parsing error, some characters were replaced with � (U+FFFD): Invalid unicode codepoint (400161)
Unicode parsing error, some characters were replaced with � (U+FFFD): Invalid unicode codepoint (400162)
Unicode parsing error, some characters were replaced with � (U+FFFD): Invalid unicode codepoint (400163)
Unicode parsing error, some characters were replaced with � (U+FFFD): Invalid unicode codepoint (400164)
Unicode parsing error, some characters were replaced with � (U+FFFD): Invalid unicode codepoint (400165)
Unicode parsing error, some characters were replaced with � (U+FFFD): Invalid unicode codepoint (400166)
Unicode parsing error, some characters were replaced with � (U+FFFD): Invalid unicode codepoint (400167)
Unicode parsing error, some characters were replaced with � (U+FFFD): Invalid unicode codepoint (400168)
Unicode parsing error, some characters were replaced with � (U+FFFD): Invalid unicode codepoint (400169)
Unicode parsing error, some characters were replaced with � (U+FFFD): Invalid unicode codepoint (40016a)
Unicode parsing error, some characters were replaced with � (U+FFFD): Invalid unicode codepoint (40016b)
Unicode parsing error, some characters were replaced with � (U+FFFD): Invalid unicode codepoint (40016c)
Unicode parsing error, some characters were replaced with � (U+FFFD): Invalid unicode codepoint (40016d)
Unicode parsing error, some characters were replaced with � (U+FFFD): Invalid unicode codepoint (40016e)
Unicode parsing error, some characters were replaced with � (U+FFFD): Invalid unicode codepoint (40016f)
Unicode parsing error, some characters were replaced with � (U+FFFD): Invalid unicode codepoint (400170)
Unicode parsing error, some characters were replaced with � (U+FFFD): Invalid unicode codepoint (400171)
Unicode parsing error, some characters were replaced with � (U+FFFD): Invalid unicode codepoint (400172)
Unicode parsing error, some characters were replaced with � (U+FFFD): Invalid unicode codepoint (400173)
Unicode parsing error, some characters were replaced with � (U+FFFD): Invalid unicode codepoint (400174)
Unicode parsing error, some characters were replaced with � (U+FFFD): Invalid unicode codepoint (400175)
Unicode parsing error, some characters were replaced with � (U+FFFD): Invalid unicode codepoint (400176)
Unicode parsing error, some characters were replaced with � (U+FFFD): Invalid unicode codepoint (400177)
Unicode parsing error, some characters were replaced with � (U+FFFD): Invalid unicode codepoint (400178)
Unicode parsing error, some characters were replaced with � (U+FFFD): Invalid unicode codepoint (400179)
Unicode parsing error, some characters were replaced with � (U+FFFD): Invalid unicode codepoint (40017a)
Unicode parsing error, some characters were replaced with � (U+FFFD): Invalid unicode codepoint (40017b)
Unicode parsing error, some characters were replaced with � (U+FFFD): Invalid unicode codepoint (40017c)
Unicode parsing error, some characters were replaced with � (U+FFFD): Invalid unicode codepoint (40017d)
Unicode parsing error, some characters were replaced with � (U+FFFD): Invalid unicode codepoint (40017e)
Unicode parsing error, some characters were replaced with � (U+FFFD): Invalid unicode codepoint (40017f)
Unicode parsing error, some characters were replaced with � (U+FFFD): Invalid unicode codepoint (400180)
Unicode parsing error, some characters were replaced with � (U+FFFD): Invalid unicode codepoint (400181)
Unicode parsing error, some characters were replaced with � (U+FFFD): Invalid unicode codepoint (400182)
Unicode parsing error, some characters were replaced with � (U+FFFD): Invalid unicode codepoint (400183)
Unicode parsing error, some characters were replaced with � (U+FFFD): Invalid unicode codepoint (400184)
Unicode parsing error, some characters were replaced with � (U+FFFD): Invalid unicode codepoint (400185)
Unicode parsing error, some characters were replaced with � (U+FFFD): Invalid unicode codepoint (400186)
Unicode parsing error, some characters were replaced with � (U+FFFD): Invalid unicode codepoint (400187)
Unicode parsing error, some characters were replaced with � (U+FFFD): Invalid unicode codepoint (400188)
Unicode parsing error, some characters were replaced with � (U+FFFD): Invalid unicode codepoint (400189)
Unicode parsing error, some characters were replaced with � (U+FFFD): Invalid unicode codepoint (40018a)
Unicode parsing error, some characters were replaced with � (U+FFFD): Invalid unicode codepoint (40018b)
Unicode parsing error, some characters were replaced with � (U+FFFD): Invalid unicode codepoint (40018c)
Unicode parsing error, some characters were replaced with � (U+FFFD): Invalid unicode codepoint (40018d)
Unicode parsing error, some characters were replaced with � (U+FFFD): Invalid unicode codepoint (40018e)
Unicode parsing error, some characters were replaced with � (U+FFFD): Invalid unicode codepoint (40018f)
Unicode parsing error, some characters were replaced with � (U+FFFD): Invalid unicode codepoint (400190)
Unicode parsing error, some characters were replaced with � (U+FFFD): Invalid unicode codepoint (400191)
Unicode parsing error, some characters were replaced with � (U+FFFD): Invalid unicode codepoint (400192)
Unicode parsing error, some characters were replaced with � (U+FFFD): Invalid unicode codepoint (400193)
Unicode parsing error, some characters were replaced with � (U+FFFD): Invalid unicode codepoint (400194)
Unicode parsing error, some characters were replaced with � (U+FFFD): Invalid unicode codepoint (400195)
Unicode parsing error, some characters were replaced with � (U+FFFD): Invalid unicode codepoint (400196)
Unicode parsing error, some characters were replaced with � (U+FFFD): Invalid unicode codepoint (400197)
Unicode parsing error, some characters were replaced with � (U+FFFD): Invalid unicode codepoint (400198)
Unicode parsing error, some characters were replaced with � (U+FFFD): Invalid unicode codepoint (400199)
Unicode parsing error, some characters were replaced with � (U+FFFD): Invalid unicode codepoint (40019a)
Unicode parsing error, some characters were replaced with � (U+FFFD): Invalid unicode codepoint (40019b)
Unicode parsing error, some characters were replaced with � (U+FFFD): Invalid unicode codepoint (40019c)
Unicode parsing error, some characters were replaced with � (U+FFFD): Invalid unicode codepoint (40019d)
Unicode parsing error, some characters were replaced with � (U+FFFD): Invalid unicode codepoint (40019e)
Unicode parsing error, some characters were replaced with � (U+FFFD): Invalid unicode codepoint (40019f)
Unicode parsing error, some characters were replaced with � (U+FFFD): Invalid unicode codepoint (4001a0)
Unicode parsing error, some characters were replaced with � (U+FFFD): Invalid unicode codepoint (4001a1)
Unicode parsing error, some characters were replaced with � (U+FFFD): Invalid unicode codepoint (4001a2)
Unicode parsing error, some characters were replaced with � (U+FFFD): Invalid unicode codepoint (4001a3)
Unicode parsing error, some characters were replaced with � (U+FFFD): Invalid unicode codepoint (4001a4)
Unicode parsing error, some characters were replaced with � (U+FFFD): Invalid unicode codepoint (4001a5)
Unicode parsing error, some characters were replaced with � (U+FFFD): Invalid unicode codepoint (4001a6)
Unicode parsing error, some characters were replaced with � (U+FFFD): Invalid unicode codepoint (4001a7)
Unicode parsing error, some characters were replaced with � (U+FFFD): Invalid unicode codepoint (4001a8)
Unicode parsing error, some characters were replaced with � (U+FFFD): Invalid unicode codepoint (4001a9)
Unicode parsing error, some characters were replaced with � (U+FFFD): Invalid unicode codepoint (4001aa)
Unicode parsing error, some characters were replaced with � (U+FFFD): Invalid unicode codepoint (4001ab)
Unicode parsing error, some characters were replaced with � (U+FFFD): Invalid unicode codepoint (4001ac)
Unicode parsing error, some characters were replaced with � (U+FFFD): Invalid unicode codepoint (4001ad)
Unicode parsing error, some characters were replaced with � (U+FFFD): Invalid unicode codepoint (4001ae)
Unicode parsing error, some characters were replaced with � (U+FFFD): Invalid unicode codepoint (4001af)
Unicode parsing error, some characters were replaced with � (U+FFFD): Invalid unicode codepoint (4001b0)
Unicode parsing error, some characters were replaced with � (U+FFFD): Invalid unicode codepoint (4001b1)
Unicode parsing error, some characters were replaced with � (U+FFFD): Invalid unicode codepoint (4001b2)
Unicode parsing error, some characters were replaced with � (U+FFFD): Invalid unicode codepoint (4001b3)
Unicode parsing error, some characters were replaced with � (U+FFFD): Invalid unicode codepoint (4001b4)
Unicode parsing error, some characters were replaced with � (U+FFFD): Invalid unicode codepoint (4001b5)
Unicode parsing error, some characters were replaced with � (U+FFFD): Invalid unicode codepoint (4001b6)
Unicode parsing error, some characters were replaced with � (U+FFFD): Invalid unicode codepoint (4001b7)
Unicode parsing error, some characters were replaced with � (U+FFFD): Invalid unicode codepoint (4001b8)
Unicode parsing error, some characters were replaced with � (U+FFFD): Invalid unicode codepoint (4001b9)
Unicode parsing error, some characters were replaced with � (U+FFFD): Invalid unicode codepoint (4001ba)
Unicode parsing error, some characters were replaced with � (U+FFFD): Invalid unicode codepoint (4001bb)
Unicode parsing error, some characters were replaced with � (U+FFFD): Invalid unicode codepoint (4001bc)
Unicode parsing error, some characters were replaced with � (U+FFFD): Invalid unicode codepoint (4001bd)
Unicode parsing error, some characters were replaced with � (U+FFFD): Invalid unicode codepoint (4001be)
Unicode parsing error, some characters were replaced with � (U+FFFD): Invalid unicode codepoint (4001bf)
Unicode parsing error, some characters were replaced with � (U+FFFD): Invalid unicode codepoint (4001c0)
Unicode parsing error, some characters were replaced with � (U+FFFD): Invalid unicode codepoint (4001c1)
Unicode parsing error, some characters were replaced with � (U+FFFD): Invalid unicode codepoint (4001c2)
Unicode parsing error, some characters were replaced with � (U+FFFD): Invalid unicode codepoint (4001c3)
Unicode parsing error, some characters were replaced with � (U+FFFD): Invalid unicode codepoint (4001c4)
Unicode parsing error, some characters were replaced with � (U+FFFD): Invalid unicode codepoint (4001c5)
Unicode parsing error, some characters were replaced with � (U+FFFD): Invalid unicode codepoint (4001c6)
Unicode parsing error, some characters were replaced with � (U+FFFD): Invalid unicode codepoint (4001c7)
Unicode parsing error, some characters were replaced with � (U+FFFD): Invalid unicode codepoint (4001c8)
Unicode parsing error, some characters were replaced with � (U+FFFD): Invalid unicode codepoint (4001c9)
Unicode parsing error, some characters were replaced with � (U+FFFD): Invalid unicode codepoint (4001ca)
Unicode parsing error, some characters were replaced with � (U+FFFD): Invalid unicode codepoint (4001cb)
Unicode parsing error, some characters were replaced with � (U+FFFD): Invalid unicode codepoint (4001cc)
Unicode parsing error, some characters were replaced with � (U+FFFD): Invalid unicode codepoint (4001cd)
Unicode parsing error, some characters were replaced with � (U+FFFD): Invalid unicode codepoint (4001ce)
Unicode parsing error, some characters were replaced with � (U+FFFD): Invalid unicode codepoint (4001cf)
Unicode parsing error, some characters were replaced with � (U+FFFD): Invalid unicode codepoint (4001d0)
Unicode parsing error, some characters were replaced with � (U+FFFD): Invalid unicode codepoint (4001d1)
Unicode parsing error, some characters were replaced with � (U+FFFD): Invalid unicode codepoint (4001d2)
Unicode parsing error, some characters were replaced with � (U+FFFD): Invalid unicode codepoint (4001d3)
Unicode parsing error, some characters were replaced with � (U+FFFD): Invalid unicode codepoint (4001d4)
Unicode parsing error, some characters were replaced with � (U+FFFD): Invalid unicode codepoint (4001d5)
Unicode parsing error, some characters were replaced with � (U+FFFD): Invalid unicode codepoint (4001d6)
Unicode parsing error, some characters were replaced with � (U+FFFD): Invalid unicode codepoint (4001d7)
Unicode parsing error, some characters were replaced with � (U+FFFD): Invalid unicode codepoint (4001d8)
Unicode parsing error, some characters were replaced with � (U+FFFD): Invalid unicode codepoint (4001d9)
Unicode parsing error, some characters were replaced with � (U+FFFD): Invalid unicode codepoint (4001da)
Unicode parsing error, some characters were replaced with � (U+FFFD): Invalid unicode codepoint (4001db)
Unicode parsing error, some characters were replaced with � (U+FFFD): Invalid unicode codepoint (4001dc)
Unicode parsing error, some characters were replaced with � (U+FFFD): Invalid unicode codepoint (4001dd)
Unicode parsing error, some characters were replaced with � (U+FFFD): Invalid unicode codepoint (4001de)
Unicode parsing error, some characters were replaced with � (U+FFFD): Invalid unicode codepoint (4001df)
Unicode parsing error, some characters were replaced with � (U+FFFD): Invalid unicode codepoint (4001e0)
Unicode parsing error, some characters were replaced with � (U+FFFD): Invalid unicode codepoint (4001e1)
Unicode parsing error, some characters were replaced with � (U+FFFD): Invalid unicode codepoint (4001e2)
Unicode parsing error, some characters were replaced with � (U+FFFD): Invalid unicode codepoint (4001e3)
Unicode parsing error, some characters were replaced with � (U+FFFD): Invalid unicode codepoint (4001e4)
Unicode parsing error, some characters were replaced with � (U+FFFD): Invalid unicode codepoint (4001e5)
Unicode parsing error, some characters were replaced with � (U+FFFD): Invalid unicode codepoint (4001e6)
Unicode parsing error, some characters were replaced with � (U+FFFD): Invalid unicode codepoint (4001e7)
Unicode parsing error, some characters were replaced with � (U+FFFD): Invalid unicode codepoint (4001e8)
Unicode parsing error, some characters were replaced with � (U+FFFD): Invalid unicode codepoint (4001e9)
Unicode parsing error, some characters were replaced with � (U+FFFD): Invalid unicode codepoint (4001ea)
Unicode parsing error, some characters were replaced with � (U+FFFD): Invalid unicode codepoint (4001eb)
Unicode parsing error, some characters were replaced with � (U+FFFD): Invalid unicode codepoint (4001ec)
Unicode parsing error, some characters were replaced with � (U+FFFD): Invalid unicode codepoint (4001ed)
Unicode parsing error, some characters were replaced with � (U+FFFD): Invalid unicode codepoint (4001ee)
Unicode parsing error, some characters were replaced with � (U+FFFD): Invalid unicode codepoint (4001ef)
Unicode parsing error, some characters were replaced with � (U+FFFD): Invalid unicode codepoint (4001f0)
Unicode parsing error, some characters were replaced with � (U+FFFD): Invalid unicode codepoint (4001f1)
Unicode parsing error, some characters were replaced with � (U+FFFD): Invalid unicode codepoint (4001f2)
Unicode parsing error, some characters were replaced with � (U+FFFD): Invalid unicode codepoint (4001f3)
Unicode parsing error, some characters were replaced with � (U+FFFD): Invalid unicode codepoint (4001f4)
Unicode parsing error, some characters were replaced with � (U+FFFD): Invalid unicode codepoint (4001f5)
Unicode parsing error, some characters were replaced with � (U+FFFD): Invalid unicode codepoint (4001f6)
Unicode parsing error, some characters were replaced with � (U+FFFD): Invalid unicode codepoint (4001f7)
Unicode parsing error, some characters were replaced with � (U+FFFD): Invalid unicode codepoint (4001f8)
Unicode parsing error, some characters were replaced with � (U+FFFD): Invalid unicode codepoint (4001f9)
Unicode parsing error, some characters were replaced with � (U+FFFD): Invalid unicode codepoint (4001fa)
Unicode parsing error, some characters were replaced with � (U+FFFD): Invalid unicode codepoint (4001fb)
Unicode parsing error, some characters were replaced with � (U+FFFD): Invalid unicode codepoint (4001fc)
Unicode parsing error, some characters were replaced with � (U+FFFD): Invalid unicode codepoint (4001fd)
Unicode parsing error, some characters were replaced with � (U+FFFD): Invalid unicode codepoint (4001fe)
Unicode parsing error, some characters were replaced with � (U+FFFD): Invalid unicode codepoint (4001ff)
Unicode parsing error, some characters were replaced with � (U+FFFD): Invalid unicode codepoint (400000)
Unicode parsing error, some characters were replaced with � (U+FFFD): Invalid unicode codepoint (40003f)
Unicode parsing error, some characters were replaced with � (U+FFFD): Invalid unicode codepoint (400040)
Unicode parsing error, some characters were replaced with � (U+FFFD): Invalid unicode codepoint (400041)
Unicode parsing error, some characters were replaced with � (U+FFFD): Invalid unicode codepoint (400044)
Unicode parsing error, some characters were replaced with � (U+FFFD): Invalid unicode codepoint (400046)
Unicode parsing error, some characters were replaced with � (U+FFFD): Invalid unicode codepoint (400047)
Unicode parsing error, some characters were replaced with � (U+FFFD): Invalid unicode codepoint (40004f)
Unicode parsing error, some characters were replaced with � (U+FFFD): Invalid unicode codepoint (400050)
Unicode parsing error, some characters were replaced with � (U+FFFD): Invalid unicode codepoint (400051)
Unicode parsing error, some characters were replaced with � (U+FFFD): Invalid unicode codepoint (400052)
Unicode parsing error, some characters were replaced with � (U+FFFD): Invalid unicode codepoint (400053)
Unicode parsing error, some characters were replaced with � (U+FFFD): Invalid unicode codepoint (400074)
Unicode parsing error, some characters were replaced with � (U+FFFD): Invalid unicode codepoint (400075)
Unicode parsing error, some characters were replaced with � (U+FFFD): Invalid unicode codepoint (400076)
Unicode parsing error, some characters were replaced with � (U+FFFD): Invalid unicode codepoint (400077)
Unicode parsing error, some characters were replaced with � (U+FFFD): Invalid unicode codepoint (400078)
Unicode parsing error, some characters were replaced with � (U+FFFD): Invalid unicode codepoint (400079)
Unicode parsing error, some characters were replaced with � (U+FFFD): Invalid unicode codepoint (40007a)
Unicode parsing error, some characters were replaced with � (U+FFFD): Invalid unicode codepoint (40007b)
Unicode parsing error, some characters were replaced with � (U+FFFD): Invalid unicode codepoint (40007c)
Unicode parsing error, some characters were replaced with � (U+FFFD): Invalid unicode codepoint (40007d)
Unicode parsing error, some characters were replaced with � (U+FFFD): Invalid unicode codepoint (40007e)
Unicode parsing error, some characters were replaced with � (U+FFFD): Invalid unicode codepoint (40007f)
Unicode parsing error, some characters were replaced with � (U+FFFD): Invalid unicode codepoint (400080)
Unicode parsing error, some characters were replaced with � (U+FFFD): Invalid unicode codepoint (400090)
Unicode parsing error, some characters were replaced with � (U+FFFD): Invalid unicode codepoint (400091)
Unicode parsing error, some characters were replaced with � (U+FFFD): Invalid unicode codepoint (400092)
Unicode parsing error, some characters were replaced with � (U+FFFD): Invalid unicode codepoint (400093)
Unicode parsing error, some characters were replaced with � (U+FFFD): Invalid unicode codepoint (400094)
Unicode parsing error, some characters were replaced with � (U+FFFD): Invalid unicode codepoint (400095)
Unicode parsing error, some characters were replaced with � (U+FFFD): Invalid unicode codepoint (400096)
Unicode parsing error, some characters were replaced with � (U+FFFD): Invalid unicode codepoint (400097)
Unicode parsing error, some characters were replaced with � (U+FFFD): Invalid unicode codepoint (400098)
Unicode parsing error, some characters were replaced with � (U+FFFD): Invalid unicode codepoint (400099)
Unicode parsing error, some characters were replaced with � (U+FFFD): Invalid unicode codepoint (40009a)
Unicode parsing error, some characters were replaced with � (U+FFFD): Invalid unicode codepoint (40009b)
Unicode parsing error, some characters were replaced with � (U+FFFD): Invalid unicode codepoint (40009c)
Unicode parsing error, some characters were replaced with � (U+FFFD): Invalid unicode codepoint (40009d)
Unicode parsing error, some characters were replaced with � (U+FFFD): Invalid unicode codepoint (40009e)
Unicode parsing error, some characters were replaced with � (U+FFFD): Invalid unicode codepoint (40009f)
Unicode parsing error, some characters were replaced with � (U+FFFD): Invalid unicode codepoint (4000a0)
Unicode parsing error, some characters were replaced with � (U+FFFD): Invalid unicode codepoint (4000a1)
Unicode parsing error, some characters were replaced with � (U+FFFD): Invalid unicode codepoint (4000a2)
Unicode parsing error, some characters were replaced with � (U+FFFD): Invalid unicode codepoint (4000a3)
Unicode parsing error, some characters were replaced with � (U+FFFD): Invalid unicode codepoint (4000a4)
Unicode parsing error, some characters were replaced with � (U+FFFD): Invalid unicode codepoint (4000a5)
Unicode parsing error, some characters were replaced with � (U+FFFD): Invalid unicode codepoint (4000a6)
Unicode parsing error, some characters were replaced with � (U+FFFD): Invalid unicode codepoint (4000a7)
Unicode parsing error, some characters were replaced with � (U+FFFD): Invalid unicode codepoint (4000a8)
Unicode parsing error, some characters were replaced with � (U+FFFD): Invalid unicode codepoint (4000a9)
Unicode parsing error, some characters were replaced with � (U+FFFD): Invalid unicode codepoint (4000aa)
Unicode parsing error, some characters were replaced with � (U+FFFD): Invalid unicode codepoint (4000ab)
Unicode parsing error, some characters were replaced with � (U+FFFD): Invalid unicode codepoint (4000ac)
Unicode parsing error, some characters were replaced with � (U+FFFD): Invalid unicode codepoint (4000ad)
Unicode parsing error, some characters were replaced with � (U+FFFD): Invalid unicode codepoint (4000ae)
Unicode parsing error, some characters were replaced with � (U+FFFD): Invalid unicode codepoint (4000af)
Unicode parsing error, some characters were replaced with � (U+FFFD): Invalid unicode codepoint (4000b0)
Unicode parsing error, some characters were replaced with � (U+FFFD): Invalid unicode codepoint (4000b1)
Unicode parsing error, some characters were replaced with � (U+FFFD): Invalid unicode codepoint (4000b2)
Unicode parsing error, some characters were replaced with � (U+FFFD): Invalid unicode codepoint (4000b3)
Unicode parsing error, some characters were replaced with � (U+FFFD): Invalid unicode codepoint (4000b4)
Unicode parsing error, some characters were replaced with � (U+FFFD): Invalid unicode codepoint (4000b5)
Unicode parsing error, some characters were replaced with � (U+FFFD): Invalid unicode codepoint (4000b6)
Unicode parsing error, some characters were replaced with � (U+FFFD): Invalid unicode codepoint (4000b7)
Unicode parsing error, some characters were replaced with � (U+FFFD): Invalid unicode codepoint (4000b8)
Unicode parsing error, some characters were replaced with � (U+FFFD): Invalid unicode codepoint (4000b9)
Unicode parsing error, some characters were replaced with � (U+FFFD): Invalid unicode codepoint (4000ba)
Unicode parsing error, some characters were replaced with � (U+FFFD): Invalid unicode codepoint (4000bb)
Unicode parsing error, some characters were replaced with � (U+FFFD): Invalid unicode codepoint (4000bc)
Unicode parsing error, some characters were replaced with � (U+FFFD): Invalid unicode codepoint (4000bd)
Unicode parsing error, some characters were replaced with � (U+FFFD): Invalid unicode codepoint (4000be)
Unicode parsing error, some characters were replaced with � (U+FFFD): Invalid unicode codepoint (4000bf)
Unicode parsing error, some characters were replaced with � (U+FFFD): Invalid unicode codepoint (4000c0)
Unicode parsing error, some characters were replaced with � (U+FFFD): Invalid unicode codepoint (4000c1)
Unicode parsing error, some characters were replaced with � (U+FFFD): Invalid unicode codepoint (4000c2)
Unicode parsing error, some characters were replaced with � (U+FFFD): Invalid unicode codepoint (4000c3)
Unicode parsing error, some characters were replaced with � (U+FFFD): Invalid unicode codepoint (4000c4)
Unicode parsing error, some characters were replaced with � (U+FFFD): Invalid unicode codepoint (4000c5)
Unicode parsing error, some characters were replaced with � (U+FFFD): Invalid unicode codepoint (4000c6)
Unicode parsing error, some characters were replaced with � (U+FFFD): Invalid unicode codepoint (4000c7)
Unicode parsing error, some characters were replaced with � (U+FFFD): Invalid unicode codepoint (4000c8)
Unicode parsing error, some characters were replaced with � (U+FFFD): Invalid unicode codepoint (4000c9)
Unicode parsing error, some characters were replaced with � (U+FFFD): Invalid unicode codepoint (4000ca)
Unicode parsing error, some characters were replaced with � (U+FFFD): Invalid unicode codepoint (4000cb)
Unicode parsing error, some characters were replaced with � (U+FFFD): Invalid unicode codepoint (4000cc)
Unicode parsing error, some characters were replaced with � (U+FFFD): Invalid unicode codepoint (4000cd)
Unicode parsing error, some characters were replaced with � (U+FFFD): Invalid unicode codepoint (4000ce)
Unicode parsing error, some characters were replaced with � (U+FFFD): Invalid unicode codepoint (4000cf)
Unicode parsing error, some characters were replaced with � (U+FFFD): Invalid unicode codepoint (4000d0)
Unicode parsing error, some characters were replaced with � (U+FFFD): Invalid unicode codepoint (4000d1)
Unicode parsing error, some characters were replaced with � (U+FFFD): Invalid unicode codepoint (4000d2)
Unicode parsing error, some characters were replaced with � (U+FFFD): Invalid unicode codepoint (4000d3)
Unicode parsing error, some characters were replaced with � (U+FFFD): Invalid unicode codepoint (4000d4)
Unicode parsing error, some characters were replaced with � (U+FFFD): Invalid unicode codepoint (4000d5)
Unicode parsing error, some characters were replaced with � (U+FFFD): Invalid unicode codepoint (4000d6)
Unicode parsing error, some characters were replaced with � (U+FFFD): Invalid unicode codepoint (4000d7)
Unicode parsing error, some characters were replaced with � (U+FFFD): Invalid unicode codepoint (4000d8)
Unicode parsing error, some characters were replaced with � (U+FFFD): Invalid unicode codepoint (4000d9)
Unicode parsing error, some characters were replaced with � (U+FFFD): Invalid unicode codepoint (4000da)
Unicode parsing error, some characters were replaced with � (U+FFFD): Invalid unicode codepoint (4000db)
Unicode parsing error, some characters were replaced with � (U+FFFD): Invalid unicode codepoint (4000dc)
Unicode parsing error, some characters were replaced with � (U+FFFD): Invalid unicode codepoint (4000dd)
Unicode parsing error, some characters were replaced with � (U+FFFD): Invalid unicode codepoint (4000de)
Unicode parsing error, some characters were replaced with � (U+FFFD): Invalid unicode codepoint (4000df)
Unicode parsing error, some characters were replaced with � (U+FFFD): Invalid unicode codepoint (4000e0)
Unicode parsing error, some characters were replaced with � (U+FFFD): Invalid unicode codepoint (4000e1)
Unicode parsing error, some characters were replaced with � (U+FFFD): Invalid unicode codepoint (4000e2)
Unicode parsing error, some characters were replaced with � (U+FFFD): Invalid unicode codepoint (4000e3)
Unicode parsing error, some characters were replaced with � (U+FFFD): Invalid unicode codepoint (4000e4)
Unicode parsing error, some characters were replaced with � (U+FFFD): Invalid unicode codepoint (4000e5)
Unicode parsing error, some characters were replaced with � (U+FFFD): Invalid unicode codepoint (4000e6)
Unicode parsing error, some characters were replaced with � (U+FFFD): Invalid unicode codepoint (4000e7)
Unicode parsing error, some characters were replaced with � (U+FFFD): Invalid unicode codepoint (4000e8)
Unicode parsing error, some characters were replaced with � (U+FFFD): Invalid unicode codepoint (4000e9)
Unicode parsing error, some characters were replaced with � (U+FFFD): Invalid unicode codepoint (4000ea)
Unicode parsing error, some characters were replaced with � (U+FFFD): Invalid unicode codepoint (4000eb)
Unicode parsing error, some characters were replaced with � (U+FFFD): Invalid unicode codepoint (4000ec)
Unicode parsing error, some characters were replaced with � (U+FFFD): Invalid unicode codepoint (4000ed)
Unicode parsing error, some characters were replaced with � (U+FFFD): Invalid unicode codepoint (4000ee)
Unicode parsing error, some characters were replaced with � (U+FFFD): Invalid unicode codepoint (4000ef)
Unicode parsing error, some characters were replaced with � (U+FFFD): Invalid unicode codepoint (4000f0)
Unicode parsing error, some characters were replaced with � (U+FFFD): Invalid unicode codepoint (4000f1)
Unicode parsing error, some characters were replaced with � (U+FFFD): Invalid unicode codepoint (4000f2)
Unicode parsing error, some characters were replaced with � (U+FFFD): Invalid unicode codepoint (4000f3)
Unicode parsing error, some characters were replaced with � (U+FFFD): Invalid unicode codepoint (4000f4)
Unicode parsing error, some characters were replaced with � (U+FFFD): Invalid unicode codepoint (4000f5)
Unicode parsing error, some characters were replaced with � (U+FFFD): Invalid unicode codepoint (4000f6)
Unicode parsing error, some characters were replaced with � (U+FFFD): Invalid unicode codepoint (4000f7)
Unicode parsing error, some characters were replaced with � (U+FFFD): Invalid unicode codepoint (4000f8)
Unicode parsing error, some characters were replaced with � (U+FFFD): Invalid unicode codepoint (4000f9)
Unicode parsing error, some characters were replaced with � (U+FFFD): Invalid unicode codepoint (4000fa)
Unicode parsing error, some characters were replaced with � (U+FFFD): Invalid unicode codepoint (4000fb)
Unicode parsing error, some characters were replaced with � (U+FFFD): Invalid unicode codepoint (4000fc)
Unicode parsing error, some characters were replaced with � (U+FFFD): Invalid unicode codepoint (4000fd)
Unicode parsing error, some characters were replaced with � (U+FFFD): Invalid unicode codepoint (4000fe)
Unicode parsing error, some characters were replaced with � (U+FFFD): Invalid unicode codepoint (4000ff)
Unicode parsing error, some characters were replaced with � (U+FFFD): Invalid unicode codepoint (400100)
Unicode parsing error, some characters were replaced with � (U+FFFD): Invalid unicode codepoint (400101)
Unicode parsing error, some characters were replaced with � (U+FFFD): Invalid unicode codepoint (400102)
Unicode parsing error, some characters were replaced with � (U+FFFD): Invalid unicode codepoint (400103)
Unicode parsing error, some characters were replaced with � (U+FFFD): Invalid unicode codepoint (400104)
Unicode parsing error, some characters were replaced with � (U+FFFD): Invalid unicode codepoint (400105)
Unicode parsing error, some characters were replaced with � (U+FFFD): Invalid unicode codepoint (400106)
Unicode parsing error, some characters were replaced with � (U+FFFD): Invalid unicode codepoint (400107)
Unicode parsing error, some characters were replaced with � (U+FFFD): Invalid unicode codepoint (400108)
Unicode parsing error, some characters were replaced with � (U+FFFD): Invalid unicode codepoint (400109)
Unicode parsing error, some characters were replaced with � (U+FFFD): Invalid unicode codepoint (40010a)
Unicode parsing error, some characters were replaced with � (U+FFFD): Invalid unicode codepoint (40010b)
Unicode parsing error, some characters were replaced with � (U+FFFD): Invalid unicode codepoint (40010c)
Unicode parsing error, some characters were replaced with � (U+FFFD): Invalid unicode codepoint (40010d)
Unicode parsing error, some characters were replaced with � (U+FFFD): Invalid unicode codepoint (40010e)
Unicode parsing error, some characters were replaced with � (U+FFFD): Invalid unicode codepoint (40010f)
Unicode parsing error, some characters were replaced with � (U+FFFD): Invalid unicode codepoint (400110)
Unicode parsing error, some characters were replaced with � (U+FFFD): Invalid unicode codepoint (400111)
Unicode parsing error, some characters were replaced with � (U+FFFD): Invalid unicode codepoint (400112)
Unicode parsing error, some characters were replaced with � (U+FFFD): Invalid unicode codepoint (400113)
Unicode parsing error, some characters were replaced with � (U+FFFD): Invalid unicode codepoint (400114)
Unicode parsing error, some characters were replaced with � (U+FFFD): Invalid unicode codepoint (400115)
Unicode parsing error, some characters were replaced with � (U+FFFD): Invalid unicode codepoint (400116)
Unicode parsing error, some characters were replaced with � (U+FFFD): Invalid unicode codepoint (400117)
Unicode parsing error, some characters were replaced with � (U+FFFD): Invalid unicode codepoint (400118)
Unicode parsing error, some characters were replaced with � (U+FFFD): Invalid unicode codepoint (400119)
Unicode parsing error, some characters were replaced with � (U+FFFD): Invalid unicode codepoint (40011a)
Unicode parsing error, some characters were replaced with � (U+FFFD): Invalid unicode codepoint (40011b)
Unicode parsing error, some characters were replaced with � (U+FFFD): Invalid unicode codepoint (40011c)
Unicode parsing error, some characters were replaced with � (U+FFFD): Invalid unicode codepoint (40011d)
Unicode parsing error, some characters were replaced with � (U+FFFD): Invalid unicode codepoint (40011e)
Unicode parsing error, some characters were replaced with � (U+FFFD): Invalid unicode codepoint (40011f)
Unicode parsing error, some characters were replaced with � (U+FFFD): Invalid unicode codepoint (400120)
Unicode parsing error, some characters were replaced with � (U+FFFD): Invalid unicode codepoint (400121)
Unicode parsing error, some characters were replaced with � (U+FFFD): Invalid unicode codepoint (400122)
Unicode parsing error, some characters were replaced with � (U+FFFD): Invalid unicode codepoint (400123)
Unicode parsing error, some characters were replaced with � (U+FFFD): Invalid unicode codepoint (400124)
Unicode parsing error, some characters were replaced with � (U+FFFD): Invalid unicode codepoint (400125)
Unicode parsing error, some characters were replaced with � (U+FFFD): Invalid unicode codepoint (400126)
Unicode parsing error, some characters were replaced with � (U+FFFD): Invalid unicode codepoint (400127)
Unicode parsing error, some characters were replaced with � (U+FFFD): Invalid unicode codepoint (400128)
Unicode parsing error, some characters were replaced with � (U+FFFD): Invalid unicode codepoint (400129)
Unicode parsing error, some characters were replaced with � (U+FFFD): Invalid unicode codepoint (40012a)
Unicode parsing error, some characters were replaced with � (U+FFFD): Invalid unicode codepoint (40012b)
Unicode parsing error, some characters were replaced with � (U+FFFD): Invalid unicode codepoint (40012c)
Unicode parsing error, some characters were replaced with � (U+FFFD): Invalid unicode codepoint (40012d)
Unicode parsing error, some characters were replaced with � (U+FFFD): Invalid unicode codepoint (40012e)
Unicode parsing error, some characters were replaced with � (U+FFFD): Invalid unicode codepoint (40012f)
Unicode parsing error, some characters were replaced with � (U+FFFD): Invalid unicode codepoint (400130)
Unicode parsing error, some characters were replaced with � (U+FFFD): Invalid unicode codepoint (400131)
Unicode parsing error, some characters were replaced with � (U+FFFD): Invalid unicode codepoint (400132)
Unicode parsing error, some characters were replaced with � (U+FFFD): Invalid unicode codepoint (400133)
Unicode parsing error, some characters were replaced with � (U+FFFD): Invalid unicode codepoint (400134)
Unicode parsing error, some characters were replaced with � (U+FFFD): Invalid unicode codepoint (400135)
Unicode parsing error, some characters were replaced with � (U+FFFD): Invalid unicode codepoint (400136)
Unicode parsing error, some characters were replaced with � (U+FFFD): Invalid unicode codepoint (400137)
Unicode parsing error, some characters were replaced with � (U+FFFD): Invalid unicode codepoint (400138)
Unicode parsing error, some characters were replaced with � (U+FFFD): Invalid unicode codepoint (400139)
Unicode parsing error, some characters were replaced with � (U+FFFD): Invalid unicode codepoint (40013a)
Unicode parsing error, some characters were replaced with � (U+FFFD): Invalid unicode codepoint (40013b)
Unicode parsing error, some characters were replaced with � (U+FFFD): Invalid unicode codepoint (40013c)
Unicode parsing error, some characters were replaced with � (U+FFFD): Invalid unicode codepoint (40013d)
Unicode parsing error, some characters were replaced with � (U+FFFD): Invalid unicode codepoint (40013e)
Unicode parsing error, some characters were replaced with � (U+FFFD): Invalid unicode codepoint (40013f)
Unicode parsing error, some characters were replaced with � (U+FFFD): Invalid unicode codepoint (400140)
Unicode parsing error, some characters were replaced with � (U+FFFD): Invalid unicode codepoint (400141)
Unicode parsing error, some characters were replaced with � (U+FFFD): Invalid unicode codepoint (400142)
Unicode parsing error, some characters were replaced with � (U+FFFD): Invalid unicode codepoint (400143)
Unicode parsing error, some characters were replaced with � (U+FFFD): Invalid unicode codepoint (400144)
Unicode parsing error, some characters were replaced with � (U+FFFD): Invalid unicode codepoint (400145)
Unicode parsing error, some characters were replaced with � (U+FFFD): Invalid unicode codepoint (400146)
Unicode parsing error, some characters were replaced with � (U+FFFD): Invalid unicode codepoint (400147)
Unicode parsing error, some characters were replaced with � (U+FFFD): Invalid unicode codepoint (400148)
Unicode parsing error, some characters were replaced with � (U+FFFD): Invalid unicode codepoint (400149)
Unicode parsing error, some characters were replaced with � (U+FFFD): Invalid unicode codepoint (40014a)
Unicode parsing error, some characters were replaced with � (U+FFFD): Invalid unicode codepoint (40014b)
Unicode parsing error, some characters were replaced with � (U+FFFD): Invalid unicode codepoint (40014c)
Unicode parsing error, some characters were replaced with � (U+FFFD): Invalid unicode codepoint (40014d)
Unicode parsing error, some characters were replaced with � (U+FFFD): Invalid unicode codepoint (40014e)
Unicode parsing error, some characters were replaced with � (U+FFFD): Invalid unicode codepoint (40014f)
Unicode parsing error, some characters were replaced with � (U+FFFD): Invalid unicode codepoint (400150)
Unicode parsing error, some characters were replaced with � (U+FFFD): Invalid unicode codepoint (400151)
Unicode parsing error, some characters were replaced with � (U+FFFD): Invalid unicode codepoint (400152)
Unicode parsing error, some characters were replaced with � (U+FFFD): Invalid unicode codepoint (400153)
Unicode parsing error, some characters were replaced with � (U+FFFD): Invalid unicode codepoint (400154)
Unicode parsing error, some characters were replaced with � (U+FFFD): Invalid unicode codepoint (400155)
Unicode parsing error, some characters were replaced with � (U+FFFD): Invalid unicode codepoint (400156)
Unicode parsing error, some characters were replaced with � (U+FFFD): Invalid unicode codepoint (400157)
Unicode parsing error, some characters were replaced with � (U+FFFD): Invalid unicode codepoint (400158)
Unicode parsing error, some characters were replaced with � (U+FFFD): Invalid unicode codepoint (400159)
Unicode parsing error, some characters were replaced with � (U+FFFD): Invalid unicode codepoint (40015a)
Unicode parsing error, some characters were replaced with � (U+FFFD): Invalid unicode codepoint (40015b)
Unicode parsing error, some characters were replaced with � (U+FFFD): Invalid unicode codepoint (40015c)
Unicode parsing error, some characters were replaced with � (U+FFFD): Invalid unicode codepoint (40015d)
Unicode parsing error, some characters were replaced with � (U+FFFD): Invalid unicode codepoint (40015e)
Unicode parsing error, some characters were replaced with � (U+FFFD): Invalid unicode codepoint (40015f)
Unicode parsing error, some characters were replaced with � (U+FFFD): Invalid unicode codepoint (400160)
Unicode parsing error, some characters were replaced with � (U+FFFD): Invalid unicode codepoint (400161)
Unicode parsing error, some characters were replaced with � (U+FFFD): Invalid unicode codepoint (400162)
Unicode parsing error, some characters were replaced with � (U+FFFD): Invalid unicode codepoint (400163)
Unicode parsing error, some characters were replaced with � (U+FFFD): Invalid unicode codepoint (400164)
Unicode parsing error, some characters were replaced with � (U+FFFD): Invalid unicode codepoint (400165)
Unicode parsing error, some characters were replaced with � (U+FFFD): Invalid unicode codepoint (400166)
Unicode parsing error, some characters were replaced with � (U+FFFD): Invalid unicode codepoint (400167)
Unicode parsing error, some characters were replaced with � (U+FFFD): Invalid unicode codepoint (400168)
Unicode parsing error, some characters were replaced with � (U+FFFD): Invalid unicode codepoint (400169)
Unicode parsing error, some characters were replaced with � (U+FFFD): Invalid unicode codepoint (40016a)
Unicode parsing error, some characters were replaced with � (U+FFFD): Invalid unicode codepoint (40016b)
Unicode parsing error, some characters were replaced with � (U+FFFD): Invalid unicode codepoint (40016c)
Unicode parsing error, some characters were replaced with � (U+FFFD): Invalid unicode codepoint (40016d)
Unicode parsing error, some characters were replaced with � (U+FFFD): Invalid unicode codepoint (40016e)
Unicode parsing error, some characters were replaced with � (U+FFFD): Invalid unicode codepoint (40016f)
Unicode parsing error, some characters were replaced with � (U+FFFD): Invalid unicode codepoint (400170)
Unicode parsing error, some characters were replaced with � (U+FFFD): Invalid unicode codepoint (400171)
Unicode parsing error, some characters were replaced with � (U+FFFD): Invalid unicode codepoint (400172)
Unicode parsing error, some characters were replaced with � (U+FFFD): Invalid unicode codepoint (400173)
Unicode parsing error, some characters were replaced with � (U+FFFD): Invalid unicode codepoint (400174)
Unicode parsing error, some characters were replaced with � (U+FFFD): Invalid unicode codepoint (400175)
Unicode parsing error, some characters were replaced with � (U+FFFD): Invalid unicode codepoint (400176)
Unicode parsing error, some characters were replaced with � (U+FFFD): Invalid unicode codepoint (400177)
Unicode parsing error, some characters were replaced with � (U+FFFD): Invalid unicode codepoint (400178)
Unicode parsing error, some characters were replaced with � (U+FFFD): Invalid unicode codepoint (400179)
Unicode parsing error, some characters were replaced with � (U+FFFD): Invalid unicode codepoint (40017a)
Unicode parsing error, some characters were replaced with � (U+FFFD): Invalid unicode codepoint (40017b)
Unicode parsing error, some characters were replaced with � (U+FFFD): Invalid unicode codepoint (40017c)
Unicode parsing error, some characters were replaced with � (U+FFFD): Invalid unicode codepoint (40017d)
Unicode parsing error, some characters were replaced with � (U+FFFD): Invalid unicode codepoint (40017e)
Unicode parsing error, some characters were replaced with � (U+FFFD): Invalid unicode codepoint (40017f)
Unicode parsing error, some characters were replaced with � (U+FFFD): Invalid unicode codepoint (400180)
Unicode parsing error, some characters were replaced with � (U+FFFD): Invalid unicode codepoint (400181)
Unicode parsing error, some characters were replaced with � (U+FFFD): Invalid unicode codepoint (400182)
Unicode parsing error, some characters were replaced with � (U+FFFD): Invalid unicode codepoint (400183)
Unicode parsing error, some characters were replaced with � (U+FFFD): Invalid unicode codepoint (400184)
Unicode parsing error, some characters were replaced with � (U+FFFD): Invalid unicode codepoint (400185)
Unicode parsing error, some characters were replaced with � (U+FFFD): Invalid unicode codepoint (400186)
Unicode parsing error, some characters were replaced with � (U+FFFD): Invalid unicode codepoint (400187)
Unicode parsing error, some characters were replaced with � (U+FFFD): Invalid unicode codepoint (400188)
Unicode parsing error, some characters were replaced with � (U+FFFD): Invalid unicode codepoint (400189)
Unicode parsing error, some characters were replaced with � (U+FFFD): Invalid unicode codepoint (40018a)
Unicode parsing error, some characters were replaced with � (U+FFFD): Invalid unicode codepoint (40018b)
Unicode parsing error, some characters were replaced with � (U+FFFD): Invalid unicode codepoint (40018c)
Unicode parsing error, some characters were replaced with � (U+FFFD): Invalid unicode codepoint (40018d)
Unicode parsing error, some characters were replaced with � (U+FFFD): Invalid unicode codepoint (40018e)
Unicode parsing error, some characters were replaced with � (U+FFFD): Invalid unicode codepoint (40018f)
Unicode parsing error, some characters were replaced with � (U+FFFD): Invalid unicode codepoint (400190)
Unicode parsing error, some characters were replaced with � (U+FFFD): Invalid unicode codepoint (400191)
Unicode parsing error, some characters were replaced with � (U+FFFD): Invalid unicode codepoint (400192)
Unicode parsing error, some characters were replaced with � (U+FFFD): Invalid unicode codepoint (400193)
Unicode parsing error, some characters were replaced with � (U+FFFD): Invalid unicode codepoint (400194)
Unicode parsing error, some characters were replaced with � (U+FFFD): Invalid unicode codepoint (400195)
Unicode parsing error, some characters were replaced with � (U+FFFD): Invalid unicode codepoint (400196)
Unicode parsing error, some characters were replaced with � (U+FFFD): Invalid unicode codepoint (400197)
Unicode parsing error, some characters were replaced with � (U+FFFD): Invalid unicode codepoint (400198)
Unicode parsing error, some characters were replaced with � (U+FFFD): Invalid unicode codepoint (400199)
Unicode parsing error, some characters were replaced with � (U+FFFD): Invalid unicode codepoint (40019a)
Unicode parsing error, some characters were replaced with � (U+FFFD): Invalid unicode codepoint (40019b)
Unicode parsing error, some characters were replaced with � (U+FFFD): Invalid unicode codepoint (40019c)
Unicode parsing error, some characters were replaced with � (U+FFFD): Invalid unicode codepoint (40019d)
Unicode parsing error, some characters were replaced with � (U+FFFD): Invalid unicode codepoint (40019e)
Unicode parsing error, some characters were replaced with � (U+FFFD): Invalid unicode codepoint (40019f)
Unicode parsing error, some characters were replaced with � (U+FFFD): Invalid unicode codepoint (4001a0)
Unicode parsing error, some characters were replaced with � (U+FFFD): Invalid unicode codepoint (4001a1)
Unicode parsing error, some characters were replaced with � (U+FFFD): Invalid unicode codepoint (4001a2)
Unicode parsing error, some characters were replaced with � (U+FFFD): Invalid unicode codepoint (4001a3)
Unicode parsing error, some characters were replaced with � (U+FFFD): Invalid unicode codepoint (4001a4)
Unicode parsing error, some characters were replaced with � (U+FFFD): Invalid unicode codepoint (4001a5)
Unicode parsing error, some characters were replaced with � (U+FFFD): Invalid unicode codepoint (4001a6)
Unicode parsing error, some characters were replaced with � (U+FFFD): Invalid unicode codepoint (4001a7)
Unicode parsing error, some characters were replaced with � (U+FFFD): Invalid unicode codepoint (4001a8)
Unicode parsing error, some characters were replaced with � (U+FFFD): Invalid unicode codepoint (4001a9)
Unicode parsing error, some characters were replaced with � (U+FFFD): Invalid unicode codepoint (4001aa)
Unicode parsing error, some characters were replaced with � (U+FFFD): Invalid unicode codepoint (4001ab)
Unicode parsing error, some characters were replaced with � (U+FFFD): Invalid unicode codepoint (4001ac)
Unicode parsing error, some characters were replaced with � (U+FFFD): Invalid unicode codepoint (4001ad)
Unicode parsing error, some characters were replaced with � (U+FFFD): Invalid unicode codepoint (4001ae)
Unicode parsing error, some characters were replaced with � (U+FFFD): Invalid unicode codepoint (4001af)
Unicode parsing error, some characters were replaced with � (U+FFFD): Invalid unicode codepoint (4001b0)
Unicode parsing error, some characters were replaced with � (U+FFFD): Invalid unicode codepoint (4001b1)
Unicode parsing error, some characters were replaced with � (U+FFFD): Invalid unicode codepoint (4001b2)
Unicode parsing error, some characters were replaced with � (U+FFFD): Invalid unicode codepoint (4001b3)
Unicode parsing error, some characters were replaced with � (U+FFFD): Invalid unicode codepoint (4001b4)
Unicode parsing error, some characters were replaced with � (U+FFFD): Invalid unicode codepoint (4001b5)
Unicode parsing error, some characters were replaced with � (U+FFFD): Invalid unicode codepoint (4001b6)
Unicode parsing error, some characters were replaced with � (U+FFFD): Invalid unicode codepoint (4001b7)
Unicode parsing error, some characters were replaced with � (U+FFFD): Invalid unicode codepoint (4001b8)
Unicode parsing error, some characters were replaced with � (U+FFFD): Invalid unicode codepoint (4001b9)
Unicode parsing error, some characters were replaced with � (U+FFFD): Invalid unicode codepoint (4001ba)
Unicode parsing error, some characters were replaced with � (U+FFFD): Invalid unicode codepoint (4001bb)
Unicode parsing error, some characters were replaced with � (U+FFFD): Invalid unicode codepoint (4001bc)
Unicode parsing error, some characters were replaced with � (U+FFFD): Invalid unicode codepoint (4001bd)
Unicode parsing error, some characters were replaced with � (U+FFFD): Invalid unicode codepoint (4001be)
Unicode parsing error, some characters were replaced with � (U+FFFD): Invalid unicode codepoint (4001bf)
Unicode parsing error, some characters were replaced with � (U+FFFD): Invalid unicode codepoint (4001c0)
Unicode parsing error, some characters were replaced with � (U+FFFD): Invalid unicode codepoint (4001c1)
Unicode parsing error, some characters were replaced with � (U+FFFD): Invalid unicode codepoint (4001c2)
Unicode parsing error, some characters were replaced with � (U+FFFD): Invalid unicode codepoint (4001c3)
Unicode parsing error, some characters were replaced with � (U+FFFD): Invalid unicode codepoint (4001c4)
Unicode parsing error, some characters were replaced with � (U+FFFD): Invalid unicode codepoint (4001c5)
Unicode parsing error, some characters were replaced with � (U+FFFD): Invalid unicode codepoint (4001c6)
Unicode parsing error, some characters were replaced with � (U+FFFD): Invalid unicode codepoint (4001c7)
Unicode parsing error, some characters were replaced with � (U+FFFD): Invalid unicode codepoint (4001c8)
Unicode parsing error, some characters were replaced with � (U+FFFD): Invalid unicode codepoint (4001c9)
Unicode parsing error, some characters were replaced with � (U+FFFD): Invalid unicode codepoint (4001ca)
Unicode parsing error, some characters were replaced with � (U+FFFD): Invalid unicode codepoint (4001cb)
Unicode parsing error, some characters were replaced with � (U+FFFD): Invalid unicode codepoint (4001cc)
Unicode parsing error, some characters were replaced with � (U+FFFD): Invalid unicode codepoint (4001cd)
Unicode parsing error, some characters were replaced with � (U+FFFD): Invalid unicode codepoint (4001ce)
Unicode parsing error, some characters were replaced with � (U+FFFD): Invalid unicode codepoint (4001cf)
Unicode parsing error, some characters were replaced with � (U+FFFD): Invalid unicode codepoint (4001d0)
Unicode parsing error, some characters were replaced with � (U+FFFD): Invalid unicode codepoint (4001d1)
Unicode parsing error, some characters were replaced with � (U+FFFD): Invalid unicode codepoint (4001d2)
Unicode parsing error, some characters were replaced with � (U+FFFD): Invalid unicode codepoint (4001d3)
Unicode parsing error, some characters were replaced with � (U+FFFD): Invalid unicode codepoint (4001d4)
Unicode parsing error, some characters were replaced with � (U+FFFD): Invalid unicode codepoint (4001d5)
Unicode parsing error, some characters were replaced with � (U+FFFD): Invalid unicode codepoint (4001d6)
Unicode parsing error, some characters were replaced with � (U+FFFD): Invalid unicode codepoint (4001d7)
Unicode parsing error, some characters were replaced with � (U+FFFD): Invalid unicode codepoint (4001d8)
Unicode parsing error, some characters were replaced with � (U+FFFD): Invalid unicode codepoint (4001d9)
Unicode parsing error, some characters were replaced with � (U+FFFD): Invalid unicode codepoint (4001da)
Unicode parsing error, some characters were replaced with � (U+FFFD): Invalid unicode codepoint (4001db)
Unicode parsing error, some characters were replaced with � (U+FFFD): Invalid unicode codepoint (4001dc)
Unicode parsing error, some characters were replaced with � (U+FFFD): Invalid unicode codepoint (4001dd)
Unicode parsing error, some characters were replaced with � (U+FFFD): Invalid unicode codepoint (4001de)
Unicode parsing error, some characters were replaced with � (U+FFFD): Invalid unicode codepoint (4001df)
Unicode parsing error, some characters were replaced with � (U+FFFD): Invalid unicode codepoint (4001e0)
Unicode parsing error, some characters were replaced with � (U+FFFD): Invalid unicode codepoint (4001e1)
Unicode parsing error, some characters were replaced with � (U+FFFD): Invalid unicode codepoint (4001e2)
Unicode parsing error, some characters were replaced with � (U+FFFD): Invalid unicode codepoint (4001e3)
Unicode parsing error, some characters were replaced with � (U+FFFD): Invalid unicode codepoint (4001e4)
Unicode parsing error, some characters were replaced with � (U+FFFD): Invalid unicode codepoint (4001e5)
Unicode parsing error, some characters were replaced with � (U+FFFD): Invalid unicode codepoint (4001e6)
Unicode parsing error, some characters were replaced with � (U+FFFD): Invalid unicode codepoint (4001e7)
Unicode parsing error, some characters were replaced with � (U+FFFD): Invalid unicode codepoint (4001e8)
Unicode parsing error, some characters were replaced with � (U+FFFD): Invalid unicode codepoint (4001e9)
Unicode parsing error, some characters were replaced with � (U+FFFD): Invalid unicode codepoint (4001ea)
Unicode parsing error, some characters were replaced with � (U+FFFD): Invalid unicode codepoint (4001eb)
Unicode parsing error, some characters were replaced with � (U+FFFD): Invalid unicode codepoint (4001ec)
Unicode parsing error, some characters were replaced with � (U+FFFD): Invalid unicode codepoint (4001ed)
Unicode parsing error, some characters were replaced with � (U+FFFD): Invalid unicode codepoint (4001ee)
Unicode parsing error, some characters were replaced with � (U+FFFD): Invalid unicode codepoint (4001ef)
Unicode parsing error, some characters were replaced with � (U+FFFD): Invalid unicode codepoint (4001f0)
Unicode parsing error, some characters were replaced with � (U+FFFD): Invalid unicode codepoint (4001f1)
Unicode parsing error, some characters were replaced with � (U+FFFD): Invalid unicode codepoint (4001f2)
Unicode parsing error, some characters were replaced with � (U+FFFD): Invalid unicode codepoint (4001f3)
Unicode parsing error, some characters were replaced with � (U+FFFD): Invalid unicode codepoint (4001f4)
Unicode parsing error, some characters were replaced with � (U+FFFD): Invalid unicode codepoint (4001f5)
Unicode parsing error, some characters were replaced with � (U+FFFD): Invalid unicode codepoint (4001f6)
Unicode parsing error, some characters were replaced with � (U+FFFD): Invalid unicode codepoint (4001f7)
Unicode parsing error, some characters were replaced with � (U+FFFD): Invalid unicode codepoint (4001f8)
Unicode parsing error, some characters were replaced with � (U+FFFD): Invalid unicode codepoint (4001f9)
Unicode parsing error, some characters were replaced with � (U+FFFD): Invalid unicode codepoint (4001fa)
Unicode parsing error, some characters were replaced with � (U+FFFD): Invalid unicode codepoint (4001fb)
Unicode parsing error, some characters were replaced with � (U+FFFD): Invalid unicode codepoint (4001fc)
Unicode parsing error, some characters were replaced with � (U+FFFD): Invalid unicode codepoint (4001fd)
Unicode parsing error, some characters were replaced with � (U+FFFD): Invalid unicode codepoint (4001fe)
Unicode parsing error, some characters were replaced with � (U+FFFD): Invalid unicode codepoint (4001ff)
Unicode parsing error, some characters were replaced with � (U+FFFD): Invalid unicode codepoint (400000)
Unicode parsing error, some characters were replaced with � (U+FFFD): Invalid unicode codepoint (40003f)
Unicode parsing error, some characters were replaced with � (U+FFFD): Invalid unicode codepoint (400040)
Unicode parsing error, some characters were replaced with � (U+FFFD): Invalid unicode codepoint (400041)
Unicode parsing error, some characters were replaced with � (U+FFFD): Invalid unicode codepoint (400044)
Unicode parsing error, some characters were replaced with � (U+FFFD): Invalid unicode codepoint (400046)
Unicode parsing error, some characters were replaced with � (U+FFFD): Invalid unicode codepoint (400047)
Unicode parsing error, some characters were replaced with � (U+FFFD): Invalid unicode codepoint (40004f)
Unicode parsing error, some characters were replaced with � (U+FFFD): Invalid unicode codepoint (400050)
Unicode parsing error, some characters were replaced with � (U+FFFD): Invalid unicode codepoint (400051)
Unicode parsing error, some characters were replaced with � (U+FFFD): Invalid unicode codepoint (400052)
Unicode parsing error, some characters were replaced with � (U+FFFD): Invalid unicode codepoint (400053)
Unicode parsing error, some characters were replaced with � (U+FFFD): Invalid unicode codepoint (400074)
Unicode parsing error, some characters were replaced with � (U+FFFD): Invalid unicode codepoint (400075)
Unicode parsing error, some characters were replaced with � (U+FFFD): Invalid unicode codepoint (400076)
Unicode parsing error, some characters were replaced with � (U+FFFD): Invalid unicode codepoint (400077)
Unicode parsing error, some characters were replaced with � (U+FFFD): Invalid unicode codepoint (400078)
Unicode parsing error, some characters were replaced with � (U+FFFD): Invalid unicode codepoint (400079)
Unicode parsing error, some characters were replaced with � (U+FFFD): Invalid unicode codepoint (40007a)
Unicode parsing error, some characters were replaced with � (U+FFFD): Invalid unicode codepoint (40007b)
Unicode parsing error, some characters were replaced with � (U+FFFD): Invalid unicode codepoint (40007c)
Unicode parsing error, some characters were replaced with � (U+FFFD): Invalid unicode codepoint (40007d)
Unicode parsing error, some characters were replaced with � (U+FFFD): Invalid unicode codepoint (40007e)
Unicode parsing error, some characters were replaced with � (U+FFFD): Invalid unicode codepoint (40007f)
Unicode parsing error, some characters were replaced with � (U+FFFD): Invalid unicode codepoint (400080)
Unicode parsing error, some characters were replaced with � (U+FFFD): Invalid unicode codepoint (400090)
Unicode parsing error, some characters were replaced with � (U+FFFD): Invalid unicode codepoint (400091)
Unicode parsing error, some characters were replaced with � (U+FFFD): Invalid unicode codepoint (400092)
Unicode parsing error, some characters were replaced with � (U+FFFD): Invalid unicode codepoint (400093)
Unicode parsing error, some characters were replaced with � (U+FFFD): Invalid unicode codepoint (400094)
Unicode parsing error, some characters were replaced with � (U+FFFD): Invalid unicode codepoint (400095)
Unicode parsing error, some characters were replaced with � (U+FFFD): Invalid unicode codepoint (400096)
Unicode parsing error, some characters were replaced with � (U+FFFD): Invalid unicode codepoint (400097)
Unicode parsing error, some characters were replaced with � (U+FFFD): Invalid unicode codepoint (400098)
Unicode parsing error, some characters were replaced with � (U+FFFD): Invalid unicode codepoint (400099)
Unicode parsing error, some characters were replaced with � (U+FFFD): Invalid unicode codepoint (40009a)
Unicode parsing error, some characters were replaced with � (U+FFFD): Invalid unicode codepoint (40009b)
Unicode parsing error, some characters were replaced with � (U+FFFD): Invalid unicode codepoint (40009c)
Unicode parsing error, some characters were replaced with � (U+FFFD): Invalid unicode codepoint (40009d)
Unicode parsing error, some characters were replaced with � (U+FFFD): Invalid unicode codepoint (40009e)
Unicode parsing error, some characters were replaced with � (U+FFFD): Invalid unicode codepoint (40009f)
Unicode parsing error, some characters were replaced with � (U+FFFD): Invalid unicode codepoint (4000a0)
Unicode parsing error, some characters were replaced with � (U+FFFD): Invalid unicode codepoint (4000a1)
Unicode parsing error, some characters were replaced with � (U+FFFD): Invalid unicode codepoint (4000a2)
Unicode parsing error, some characters were replaced with � (U+FFFD): Invalid unicode codepoint (4000a3)
Unicode parsing error, some characters were replaced with � (U+FFFD): Invalid unicode codepoint (4000a4)
Unicode parsing error, some characters were replaced with � (U+FFFD): Invalid unicode codepoint (4000a5)
Unicode parsing error, some characters were replaced with � (U+FFFD): Invalid unicode codepoint (4000a6)
Unicode parsing error, some characters were replaced with � (U+FFFD): Invalid unicode codepoint (4000a7)
Unicode parsing error, some characters were replaced with � (U+FFFD): Invalid unicode codepoint (4000a8)
Unicode parsing error, some characters were replaced with � (U+FFFD): Invalid unicode codepoint (4000a9)
Unicode parsing error, some characters were replaced with � (U+FFFD): Invalid unicode codepoint (4000aa)
Unicode parsing error, some characters were replaced with � (U+FFFD): Invalid unicode codepoint (4000ab)
Unicode parsing error, some characters were replaced with � (U+FFFD): Invalid unicode codepoint (4000ac)
Unicode parsing error, some characters were replaced with � (U+FFFD): Invalid unicode codepoint (4000ad)
Unicode parsing error, some characters were replaced with � (U+FFFD): Invalid unicode codepoint (4000ae)
Unicode parsing error, some characters were replaced with � (U+FFFD): Invalid unicode codepoint (4000af)
Unicode parsing error, some characters were replaced with � (U+FFFD): Invalid unicode codepoint (4000b0)
Unicode parsing error, some characters were replaced with � (U+FFFD): Invalid unicode codepoint (4000b1)
Unicode parsing error, some characters were replaced with � (U+FFFD): Invalid unicode codepoint (4000b2)
Unicode parsing error, some characters were replaced with � (U+FFFD): Invalid unicode codepoint (4000b3)
Unicode parsing error, some characters were replaced with � (U+FFFD): Invalid unicode codepoint (4000b4)
Unicode parsing error, some characters were replaced with � (U+FFFD): Invalid unicode codepoint (4000b5)
Unicode parsing error, some characters were replaced with � (U+FFFD): Invalid unicode codepoint (4000b6)
Unicode parsing error, some characters were replaced with � (U+FFFD): Invalid unicode codepoint (4000b7)
Unicode parsing error, some characters were replaced with � (U+FFFD): Invalid unicode codepoint (4000b8)
Unicode parsing error, some characters were replaced with � (U+FFFD): Invalid unicode codepoint (4000b9)
Unicode parsing error, some characters were replaced with � (U+FFFD): Invalid unicode codepoint (4000ba)
Unicode parsing error, some characters were replaced with � (U+FFFD): Invalid unicode codepoint (4000bb)
Unicode parsing error, some characters were replaced with � (U+FFFD): Invalid unicode codepoint (4000bc)
Unicode parsing error, some characters were replaced with � (U+FFFD): Invalid unicode codepoint (4000bd)
Unicode parsing error, some characters were replaced with � (U+FFFD): Invalid unicode codepoint (4000be)
Unicode parsing error, some characters were replaced with � (U+FFFD): Invalid unicode codepoint (4000bf)
Unicode parsing error, some characters were replaced with � (U+FFFD): Invalid unicode codepoint (4000c0)
Unicode parsing error, some characters were replaced with � (U+FFFD): Invalid unicode codepoint (4000c1)
Unicode parsing error, some characters were replaced with � (U+FFFD): Invalid unicode codepoint (4000c2)
Unicode parsing error, some characters were replaced with � (U+FFFD): Invalid unicode codepoint (4000c3)
Unicode parsing error, some characters were replaced with � (U+FFFD): Invalid unicode codepoint (4000c4)
Unicode parsing error, some characters were replaced with � (U+FFFD): Invalid unicode codepoint (4000c5)
Unicode parsing error, some characters were replaced with � (U+FFFD): Invalid unicode codepoint (4000c6)
Unicode parsing error, some characters were replaced with � (U+FFFD): Invalid unicode codepoint (4000c7)
Unicode parsing error, some characters were replaced with � (U+FFFD): Invalid unicode codepoint (4000c8)
Unicode parsing error, some characters were replaced with � (U+FFFD): Invalid unicode codepoint (4000c9)
Unicode parsing error, some characters were replaced with � (U+FFFD): Invalid unicode codepoint (4000ca)
Unicode parsing error, some characters were replaced with � (U+FFFD): Invalid unicode codepoint (4000cb)
Unicode parsing error, some characters were replaced with � (U+FFFD): Invalid unicode codepoint (4000cc)
Unicode parsing error, some characters were replaced with � (U+FFFD): Invalid unicode codepoint (4000cd)
Unicode parsing error, some characters were replaced with � (U+FFFD): Invalid unicode codepoint (4000ce)
Unicode parsing error, some characters were replaced with � (U+FFFD): Invalid unicode codepoint (4000cf)
Unicode parsing error, some characters were replaced with � (U+FFFD): Invalid unicode codepoint (4000d0)
Unicode parsing error, some characters were replaced with � (U+FFFD): Invalid unicode codepoint (4000d1)
Unicode parsing error, some characters were replaced with � (U+FFFD): Invalid unicode codepoint (4000d2)
Unicode parsing error, some characters were replaced with � (U+FFFD): Invalid unicode codepoint (4000d3)
Unicode parsing error, some characters were replaced with � (U+FFFD): Invalid unicode codepoint (4000d4)
Unicode parsing error, some characters were replaced with � (U+FFFD): Invalid unicode codepoint (4000d5)
Unicode parsing error, some characters were replaced with � (U+FFFD): Invalid unicode codepoint (4000d6)
Unicode parsing error, some characters were replaced with � (U+FFFD): Invalid unicode codepoint (4000d7)
Unicode parsing error, some characters were replaced with � (U+FFFD): Invalid unicode codepoint (4000d8)
Unicode parsing error, some characters were replaced with � (U+FFFD): Invalid unicode codepoint (4000d9)
Unicode parsing error, some characters were replaced with � (U+FFFD): Invalid unicode codepoint (4000da)
Unicode parsing error, some characters were replaced with � (U+FFFD): Invalid unicode codepoint (4000db)
Unicode parsing error, some characters were replaced with � (U+FFFD): Invalid unicode codepoint (4000dc)
Unicode parsing error, some characters were replaced with � (U+FFFD): Invalid unicode codepoint (4000dd)
Unicode parsing error, some characters were replaced with � (U+FFFD): Invalid unicode codepoint (4000de)
Unicode parsing error, some characters were replaced with � (U+FFFD): Invalid unicode codepoint (4000df)
Unicode parsing error, some characters were replaced with � (U+FFFD): Invalid unicode codepoint (4000e0)
Unicode parsing error, some characters were replaced with � (U+FFFD): Invalid unicode codepoint (4000e1)
Unicode parsing error, some characters were replaced with � (U+FFFD): Invalid unicode codepoint (4000e2)
Unicode parsing error, some characters were replaced with � (U+FFFD): Invalid unicode codepoint (4000e3)
Unicode parsing error, some characters were replaced with � (U+FFFD): Invalid unicode codepoint (4000e4)
Unicode parsing error, some characters were replaced with � (U+FFFD): Invalid unicode codepoint (4000e5)
Unicode parsing error, some characters were replaced with � (U+FFFD): Invalid unicode codepoint (4000e6)
Unicode parsing error, some characters were replaced with � (U+FFFD): Invalid unicode codepoint (4000e7)
Unicode parsing error, some characters were replaced with � (U+FFFD): Invalid unicode codepoint (4000e8)
Unicode parsing error, some characters were replaced with � (U+FFFD): Invalid unicode codepoint (4000e9)
Unicode parsing error, some characters were replaced with � (U+FFFD): Invalid unicode codepoint (4000ea)
Unicode parsing error, some characters were replaced with � (U+FFFD): Invalid unicode codepoint (4000eb)
Unicode parsing error, some characters were replaced with � (U+FFFD): Invalid unicode codepoint (4000ec)
Unicode parsing error, some characters were replaced with � (U+FFFD): Invalid unicode codepoint (4000ed)
Unicode parsing error, some characters were replaced with � (U+FFFD): Invalid unicode codepoint (4000ee)
Unicode parsing error, some characters were replaced with � (U+FFFD): Invalid unicode codepoint (4000ef)
Unicode parsing error, some characters were replaced with � (U+FFFD): Invalid unicode codepoint (4000f0)
Unicode parsing error, some characters were replaced with � (U+FFFD): Invalid unicode codepoint (4000f1)
Unicode parsing error, some characters were replaced with � (U+FFFD): Invalid unicode codepoint (4000f2)
Unicode parsing error, some characters were replaced with � (U+FFFD): Invalid unicode codepoint (4000f3)
Unicode parsing error, some characters were replaced with � (U+FFFD): Invalid unicode codepoint (4000f4)
Unicode parsing error, some characters were replaced with � (U+FFFD): Invalid unicode codepoint (4000f5)
Unicode parsing error, some characters were replaced with � (U+FFFD): Invalid unicode codepoint (4000f6)
Unicode parsing error, some characters were replaced with � (U+FFFD): Invalid unicode codepoint (4000f7)
Unicode parsing error, some characters were replaced with � (U+FFFD): Invalid unicode codepoint (4000f8)
Unicode parsing error, some characters were replaced with � (U+FFFD): Invalid unicode codepoint (4000f9)
Unicode parsing error, some characters were replaced with � (U+FFFD): Invalid unicode codepoint (4000fa)
Unicode parsing error, some characters were replaced with � (U+FFFD): Invalid unicode codepoint (4000fb)
Unicode parsing error, some characters were replaced with � (U+FFFD): Invalid unicode codepoint (4000fc)
Unicode parsing error, some characters were replaced with � (U+FFFD): Invalid unicode codepoint (4000fd)
Unicode parsing error, some characters were replaced with � (U+FFFD): Invalid unicode codepoint (4000fe)
Unicode parsing error, some characters were replaced with � (U+FFFD): Invalid unicode codepoint (4000ff)
Unicode parsing error, some characters were replaced with � (U+FFFD): Invalid unicode codepoint (400100)
Unicode parsing error, some characters were replaced with � (U+FFFD): Invalid unicode codepoint (400101)
Unicode parsing error, some characters were replaced with � (U+FFFD): Invalid unicode codepoint (400102)
Unicode parsing error, some characters were replaced with � (U+FFFD): Invalid unicode codepoint (400103)
Unicode parsing error, some characters were replaced with � (U+FFFD): Invalid unicode codepoint (400104)
Unicode parsing error, some characters were replaced with � (U+FFFD): Invalid unicode codepoint (400105)
Unicode parsing error, some characters were replaced with � (U+FFFD): Invalid unicode codepoint (400106)
Unicode parsing error, some characters were replaced with � (U+FFFD): Invalid unicode codepoint (400107)
Unicode parsing error, some characters were replaced with � (U+FFFD): Invalid unicode codepoint (400108)
Unicode parsing error, some characters were replaced with � (U+FFFD): Invalid unicode codepoint (400109)
Unicode parsing error, some characters were replaced with � (U+FFFD): Invalid unicode codepoint (40010a)
Unicode parsing error, some characters were replaced with � (U+FFFD): Invalid unicode codepoint (40010b)
Unicode parsing error, some characters were replaced with � (U+FFFD): Invalid unicode codepoint (40010c)
Unicode parsing error, some characters were replaced with � (U+FFFD): Invalid unicode codepoint (40010d)
Unicode parsing error, some characters were replaced with � (U+FFFD): Invalid unicode codepoint (40010e)
Unicode parsing error, some characters were replaced with � (U+FFFD): Invalid unicode codepoint (40010f)
Unicode parsing error, some characters were replaced with � (U+FFFD): Invalid unicode codepoint (400110)
Unicode parsing error, some characters were replaced with � (U+FFFD): Invalid unicode codepoint (400111)
Unicode parsing error, some characters were replaced with � (U+FFFD): Invalid unicode codepoint (400112)
Unicode parsing error, some characters were replaced with � (U+FFFD): Invalid unicode codepoint (400113)
Unicode parsing error, some characters were replaced with � (U+FFFD): Invalid unicode codepoint (400114)
Unicode parsing error, some characters were replaced with � (U+FFFD): Invalid unicode codepoint (400115)
Unicode parsing error, some characters were replaced with � (U+FFFD): Invalid unicode codepoint (400116)
Unicode parsing error, some characters were replaced with � (U+FFFD): Invalid unicode codepoint (400117)
Unicode parsing error, some characters were replaced with � (U+FFFD): Invalid unicode codepoint (400118)
Unicode parsing error, some characters were replaced with � (U+FFFD): Invalid unicode codepoint (400119)
Unicode parsing error, some characters were replaced with � (U+FFFD): Invalid unicode codepoint (40011a)
Unicode parsing error, some characters were replaced with � (U+FFFD): Invalid unicode codepoint (40011b)
Unicode parsing error, some characters were replaced with � (U+FFFD): Invalid unicode codepoint (40011c)
Unicode parsing error, some characters were replaced with � (U+FFFD): Invalid unicode codepoint (40011d)
Unicode parsing error, some characters were replaced with � (U+FFFD): Invalid unicode codepoint (40011e)
Unicode parsing error, some characters were replaced with � (U+FFFD): Invalid unicode codepoint (40011f)
Unicode parsing error, some characters were replaced with � (U+FFFD): Invalid unicode codepoint (400120)
Unicode parsing error, some characters were replaced with � (U+FFFD): Invalid unicode codepoint (400121)
Unicode parsing error, some characters were replaced with � (U+FFFD): Invalid unicode codepoint (400122)
Unicode parsing error, some characters were replaced with � (U+FFFD): Invalid unicode codepoint (400123)
Unicode parsing error, some characters were replaced with � (U+FFFD): Invalid unicode codepoint (400124)
Unicode parsing error, some characters were replaced with � (U+FFFD): Invalid unicode codepoint (400125)
Unicode parsing error, some characters were replaced with � (U+FFFD): Invalid unicode codepoint (400126)
Unicode parsing error, some characters were replaced with � (U+FFFD): Invalid unicode codepoint (400127)
Unicode parsing error, some characters were replaced with � (U+FFFD): Invalid unicode codepoint (400128)
Unicode parsing error, some characters were replaced with � (U+FFFD): Invalid unicode codepoint (400129)
Unicode parsing error, some characters were replaced with � (U+FFFD): Invalid unicode codepoint (40012a)
Unicode parsing error, some characters were replaced with � (U+FFFD): Invalid unicode codepoint (40012b)
Unicode parsing error, some characters were replaced with � (U+FFFD): Invalid unicode codepoint (40012c)
Unicode parsing error, some characters were replaced with � (U+FFFD): Invalid unicode codepoint (40012d)
Unicode parsing error, some characters were replaced with � (U+FFFD): Invalid unicode codepoint (40012e)
Unicode parsing error, some characters were replaced with � (U+FFFD): Invalid unicode codepoint (40012f)
Unicode parsing error, some characters were replaced with � (U+FFFD): Invalid unicode codepoint (400130)
Unicode parsing error, some characters were replaced with � (U+FFFD): Invalid unicode codepoint (400131)
Unicode parsing error, some characters were replaced with � (U+FFFD): Invalid unicode codepoint (400132)
Unicode parsing error, some characters were replaced with � (U+FFFD): Invalid unicode codepoint (400133)
Unicode parsing error, some characters were replaced with � (U+FFFD): Invalid unicode codepoint (400134)
Unicode parsing error, some characters were replaced with � (U+FFFD): Invalid unicode codepoint (400135)
Unicode parsing error, some characters were replaced with � (U+FFFD): Invalid unicode codepoint (400136)
Unicode parsing error, some characters were replaced with � (U+FFFD): Invalid unicode codepoint (400137)
Unicode parsing error, some characters were replaced with � (U+FFFD): Invalid unicode codepoint (400138)
Unicode parsing error, some characters were replaced with � (U+FFFD): Invalid unicode codepoint (400139)
Unicode parsing error, some characters were replaced with � (U+FFFD): Invalid unicode codepoint (40013a)
Unicode parsing error, some characters were replaced with � (U+FFFD): Invalid unicode codepoint (40013b)
Unicode parsing error, some characters were replaced with � (U+FFFD): Invalid unicode codepoint (40013c)
Unicode parsing error, some characters were replaced with � (U+FFFD): Invalid unicode codepoint (40013d)
Unicode parsing error, some characters were replaced with � (U+FFFD): Invalid unicode codepoint (40013e)
Unicode parsing error, some characters were replaced with � (U+FFFD): Invalid unicode codepoint (40013f)
Unicode parsing error, some characters were replaced with � (U+FFFD): Invalid unicode codepoint (400140)
Unicode parsing error, some characters were replaced with � (U+FFFD): Invalid unicode codepoint (400141)
Unicode parsing error, some characters were replaced with � (U+FFFD): Invalid unicode codepoint (400142)
Unicode parsing error, some characters were replaced with � (U+FFFD): Invalid unicode codepoint (400143)
Unicode parsing error, some characters were replaced with � (U+FFFD): Invalid unicode codepoint (400144)
Unicode parsing error, some characters were replaced with � (U+FFFD): Invalid unicode codepoint (400145)
Unicode parsing error, some characters were replaced with � (U+FFFD): Invalid unicode codepoint (400146)
Unicode parsing error, some characters were replaced with � (U+FFFD): Invalid unicode codepoint (400147)
Unicode parsing error, some characters were replaced with � (U+FFFD): Invalid unicode codepoint (400148)
Unicode parsing error, some characters were replaced with � (U+FFFD): Invalid unicode codepoint (400149)
Unicode parsing error, some characters were replaced with � (U+FFFD): Invalid unicode codepoint (40014a)
Unicode parsing error, some characters were replaced with � (U+FFFD): Invalid unicode codepoint (40014b)
Unicode parsing error, some characters were replaced with � (U+FFFD): Invalid unicode codepoint (40014c)
Unicode parsing error, some characters were replaced with � (U+FFFD): Invalid unicode codepoint (40014d)
Unicode parsing error, some characters were replaced with � (U+FFFD): Invalid unicode codepoint (40014e)
Unicode parsing error, some characters were replaced with � (U+FFFD): Invalid unicode codepoint (40014f)
Unicode parsing error, some characters were replaced with � (U+FFFD): Invalid unicode codepoint (400150)
Unicode parsing error, some characters were replaced with � (U+FFFD): Invalid unicode codepoint (400151)
Unicode parsing error, some characters were replaced with � (U+FFFD): Invalid unicode codepoint (400152)
Unicode parsing error, some characters were replaced with � (U+FFFD): Invalid unicode codepoint (400153)
Unicode parsing error, some characters were replaced with � (U+FFFD): Invalid unicode codepoint (400154)
Unicode parsing error, some characters were replaced with � (U+FFFD): Invalid unicode codepoint (400155)
Unicode parsing error, some characters were replaced with � (U+FFFD): Invalid unicode codepoint (400156)
Unicode parsing error, some characters were replaced with � (U+FFFD): Invalid unicode codepoint (400157)
Unicode parsing error, some characters were replaced with � (U+FFFD): Invalid unicode codepoint (400158)
Unicode parsing error, some characters were replaced with � (U+FFFD): Invalid unicode codepoint (400159)
Unicode parsing error, some characters were replaced with � (U+FFFD): Invalid unicode codepoint (40015a)
Unicode parsing error, some characters were replaced with � (U+FFFD): Invalid unicode codepoint (40015b)
Unicode parsing error, some characters were replaced with � (U+FFFD): Invalid unicode codepoint (40015c)
Unicode parsing error, some characters were replaced with � (U+FFFD): Invalid unicode codepoint (40015d)
Unicode parsing error, some characters were replaced with � (U+FFFD): Invalid unicode codepoint (40015e)
Unicode parsing error, some characters were replaced with � (U+FFFD): Invalid unicode codepoint (40015f)
Unicode parsing error, some characters were replaced with � (U+FFFD): Invalid unicode codepoint (400160)
Unicode parsing error, some characters were replaced with � (U+FFFD): Invalid unicode codepoint (400161)
Unicode parsing error, some characters were replaced with � (U+FFFD): Invalid unicode codepoint (400162)
Unicode parsing error, some characters were replaced with � (U+FFFD): Invalid unicode codepoint (400163)
Unicode parsing error, some characters were replaced with � (U+FFFD): Invalid unicode codepoint (400164)
Unicode parsing error, some characters were replaced with � (U+FFFD): Invalid unicode codepoint (400165)
Unicode parsing error, some characters were replaced with � (U+FFFD): Invalid unicode codepoint (400166)
Unicode parsing error, some characters were replaced with � (U+FFFD): Invalid unicode codepoint (400167)
Unicode parsing error, some characters were replaced with � (U+FFFD): Invalid unicode codepoint (400168)
Unicode parsing error, some characters were replaced with � (U+FFFD): Invalid unicode codepoint (400169)
Unicode parsing error, some characters were replaced with � (U+FFFD): Invalid unicode codepoint (40016a)
Unicode parsing error, some characters were replaced with � (U+FFFD): Invalid unicode codepoint (40016b)
Unicode parsing error, some characters were replaced with � (U+FFFD): Invalid unicode codepoint (40016c)
Unicode parsing error, some characters were replaced with � (U+FFFD): Invalid unicode codepoint (40016d)
Unicode parsing error, some characters were replaced with � (U+FFFD): Invalid unicode codepoint (40016e)
Unicode parsing error, some characters were replaced with � (U+FFFD): Invalid unicode codepoint (40016f)
Unicode parsing error, some characters were replaced with � (U+FFFD): Invalid unicode codepoint (400170)
Unicode parsing error, some characters were replaced with � (U+FFFD): Invalid unicode codepoint (400171)
Unicode parsing error, some characters were replaced with � (U+FFFD): Invalid unicode codepoint (400172)
Unicode parsing error, some characters were replaced with � (U+FFFD): Invalid unicode codepoint (400173)
Unicode parsing error, some characters were replaced with � (U+FFFD): Invalid unicode codepoint (400174)
Unicode parsing error, some characters were replaced with � (U+FFFD): Invalid unicode codepoint (400175)
Unicode parsing error, some characters were replaced with � (U+FFFD): Invalid unicode codepoint (400176)
Unicode parsing error, some characters were replaced with � (U+FFFD): Invalid unicode codepoint (400177)
Unicode parsing error, some characters were replaced with � (U+FFFD): Invalid unicode codepoint (400178)
Unicode parsing error, some characters were replaced with � (U+FFFD): Invalid unicode codepoint (400179)
Unicode parsing error, some characters were replaced with � (U+FFFD): Invalid unicode codepoint (40017a)
Unicode parsing error, some characters were replaced with � (U+FFFD): Invalid unicode codepoint (40017b)
Unicode parsing error, some characters were replaced with � (U+FFFD): Invalid unicode codepoint (40017c)
Unicode parsing error, some characters were replaced with � (U+FFFD): Invalid unicode codepoint (40017d)
Unicode parsing error, some characters were replaced with � (U+FFFD): Invalid unicode codepoint (40017e)
Unicode parsing error, some characters were replaced with � (U+FFFD): Invalid unicode codepoint (40017f)
Unicode parsing error, some characters were replaced with � (U+FFFD): Invalid unicode codepoint (400180)
Unicode parsing error, some characters were replaced with � (U+FFFD): Invalid unicode codepoint (400181)
Unicode parsing error, some characters were replaced with � (U+FFFD): Invalid unicode codepoint (400182)
Unicode parsing error, some characters were replaced with � (U+FFFD): Invalid unicode codepoint (400183)
Unicode parsing error, some characters were replaced with � (U+FFFD): Invalid unicode codepoint (400184)
Unicode parsing error, some characters were replaced with � (U+FFFD): Invalid unicode codepoint (400185)
Unicode parsing error, some characters were replaced with � (U+FFFD): Invalid unicode codepoint (400186)
Unicode parsing error, some characters were replaced with � (U+FFFD): Invalid unicode codepoint (400187)
Unicode parsing error, some characters were replaced with � (U+FFFD): Invalid unicode codepoint (400188)
Unicode parsing error, some characters were replaced with � (U+FFFD): Invalid unicode codepoint (400189)
Unicode parsing error, some characters were replaced with � (U+FFFD): Invalid unicode codepoint (40018a)
Unicode parsing error, some characters were replaced with � (U+FFFD): Invalid unicode codepoint (40018b)
Unicode parsing error, some characters were replaced with � (U+FFFD): Invalid unicode codepoint (40018c)
Unicode parsing error, some characters were replaced with � (U+FFFD): Invalid unicode codepoint (40018d)
Unicode parsing error, some characters were replaced with � (U+FFFD): Invalid unicode codepoint (40018e)
Unicode parsing error, some characters were replaced with � (U+FFFD): Invalid unicode codepoint (40018f)
Unicode parsing error, some characters were replaced with � (U+FFFD): Invalid unicode codepoint (400190)
Unicode parsing error, some characters were replaced with � (U+FFFD): Invalid unicode codepoint (400191)
Unicode parsing error, some characters were replaced with � (U+FFFD): Invalid unicode codepoint (400192)
Unicode parsing error, some characters were replaced with � (U+FFFD): Invalid unicode codepoint (400193)
Unicode parsing error, some characters were replaced with � (U+FFFD): Invalid unicode codepoint (400194)
Unicode parsing error, some characters were replaced with � (U+FFFD): Invalid unicode codepoint (400195)
Unicode parsing error, some characters were replaced with � (U+FFFD): Invalid unicode codepoint (400196)
Unicode parsing error, some characters were replaced with � (U+FFFD): Invalid unicode codepoint (400197)
Unicode parsing error, some characters were replaced with � (U+FFFD): Invalid unicode codepoint (400198)
Unicode parsing error, some characters were replaced with � (U+FFFD): Invalid unicode codepoint (400199)
Unicode parsing error, some characters were replaced with � (U+FFFD): Invalid unicode codepoint (40019a)
Unicode parsing error, some characters were replaced with � (U+FFFD): Invalid unicode codepoint (40019b)
Unicode parsing error, some characters were replaced with � (U+FFFD): Invalid unicode codepoint (40019c)
Unicode parsing error, some characters were replaced with � (U+FFFD): Invalid unicode codepoint (40019d)
Unicode parsing error, some characters were replaced with � (U+FFFD): Invalid unicode codepoint (40019e)
Unicode parsing error, some characters were replaced with � (U+FFFD): Invalid unicode codepoint (40019f)
Unicode parsing error, some characters were replaced with � (U+FFFD): Invalid unicode codepoint (4001a0)
Unicode parsing error, some characters were replaced with � (U+FFFD): Invalid unicode codepoint (4001a1)
Unicode parsing error, some characters were replaced with � (U+FFFD): Invalid unicode codepoint (4001a2)
Unicode parsing error, some characters were replaced with � (U+FFFD): Invalid unicode codepoint (4001a3)
Unicode parsing error, some characters were replaced with � (U+FFFD): Invalid unicode codepoint (4001a4)
Unicode parsing error, some characters were replaced with � (U+FFFD): Invalid unicode codepoint (4001a5)
Unicode parsing error, some characters were replaced with � (U+FFFD): Invalid unicode codepoint (4001a6)
Unicode parsing error, some characters were replaced with � (U+FFFD): Invalid unicode codepoint (4001a7)
Unicode parsing error, some characters were replaced with � (U+FFFD): Invalid unicode codepoint (4001a8)
Unicode parsing error, some characters were replaced with � (U+FFFD): Invalid unicode codepoint (4001a9)
Unicode parsing error, some characters were replaced with � (U+FFFD): Invalid unicode codepoint (4001aa)
Unicode parsing error, some characters were replaced with � (U+FFFD): Invalid unicode codepoint (4001ab)
Unicode parsing error, some characters were replaced with � (U+FFFD): Invalid unicode codepoint (4001ac)
Unicode parsing error, some characters were replaced with � (U+FFFD): Invalid unicode codepoint (4001ad)
Unicode parsing error, some characters were replaced with � (U+FFFD): Invalid unicode codepoint (4001ae)
Unicode parsing error, some characters were replaced with � (U+FFFD): Invalid unicode codepoint (4001af)
Unicode parsing error, some characters were replaced with � (U+FFFD): Invalid unicode codepoint (4001b0)
Unicode parsing error, some characters were replaced with � (U+FFFD): Invalid unicode codepoint (4001b1)
Unicode parsing error, some characters were replaced with � (U+FFFD): Invalid unicode codepoint (4001b2)
Unicode parsing error, some characters were replaced with � (U+FFFD): Invalid unicode codepoint (4001b3)
Unicode parsing error, some characters were replaced with � (U+FFFD): Invalid unicode codepoint (4001b4)
Unicode parsing error, some characters were replaced with � (U+FFFD): Invalid unicode codepoint (4001b5)
Unicode parsing error, some characters were replaced with � (U+FFFD): Invalid unicode codepoint (4001b6)
Unicode parsing error, some characters were replaced with � (U+FFFD): Invalid unicode codepoint (4001b7)
Unicode parsing error, some characters were replaced with � (U+FFFD): Invalid unicode codepoint (4001b8)
Unicode parsing error, some characters were replaced with � (U+FFFD): Invalid unicode codepoint (4001b9)
Unicode parsing error, some characters were replaced with � (U+FFFD): Invalid unicode codepoint (4001ba)
Unicode parsing error, some characters were replaced with � (U+FFFD): Invalid unicode codepoint (4001bb)
Unicode parsing error, some characters were replaced with � (U+FFFD): Invalid unicode codepoint (4001bc)
Unicode parsing error, some characters were replaced with � (U+FFFD): Invalid unicode codepoint (4001bd)
Unicode parsing error, some characters were replaced with � (U+FFFD): Invalid unicode codepoint (4001be)
Unicode parsing error, some characters were replaced with � (U+FFFD): Invalid unicode codepoint (4001bf)
Unicode parsing error, some characters were replaced with � (U+FFFD): Invalid unicode codepoint (4001c0)
Unicode parsing error, some characters were replaced with � (U+FFFD): Invalid unicode codepoint (4001c1)
Unicode parsing error, some characters were replaced with � (U+FFFD): Invalid unicode codepoint (4001c2)
Unicode parsing error, some characters were replaced with � (U+FFFD): Invalid unicode codepoint (4001c3)
Unicode parsing error, some characters were replaced with � (U+FFFD): Invalid unicode codepoint (4001c4)
Unicode parsing error, some characters were replaced with � (U+FFFD): Invalid unicode codepoint (4001c5)
Unicode parsing error, some characters were replaced with � (U+FFFD): Invalid unicode codepoint (4001c6)
Unicode parsing error, some characters were replaced with � (U+FFFD): Invalid unicode codepoint (4001c7)
Unicode parsing error, some characters were replaced with � (U+FFFD): Invalid unicode codepoint (4001c8)
Unicode parsing error, some characters were replaced with � (U+FFFD): Invalid unicode codepoint (4001c9)
Unicode parsing error, some characters were replaced with � (U+FFFD): Invalid unicode codepoint (4001ca)
Unicode parsing error, some characters were replaced with � (U+FFFD): Invalid unicode codepoint (4001cb)
Unicode parsing error, some characters were replaced with � (U+FFFD): Invalid unicode codepoint (4001cc)
Unicode parsing error, some characters were replaced with � (U+FFFD): Invalid unicode codepoint (4001cd)
Unicode parsing error, some characters were replaced with � (U+FFFD): Invalid unicode codepoint (4001ce)
Unicode parsing error, some characters were replaced with � (U+FFFD): Invalid unicode codepoint (4001cf)
Unicode parsing error, some characters were replaced with � (U+FFFD): Invalid unicode codepoint (4001d0)
Unicode parsing error, some characters were replaced with � (U+FFFD): Invalid unicode codepoint (4001d1)
Unicode parsing error, some characters were replaced with � (U+FFFD): Invalid unicode codepoint (4001d2)
Unicode parsing error, some characters were replaced with � (U+FFFD): Invalid unicode codepoint (4001d3)
Unicode parsing error, some characters were replaced with � (U+FFFD): Invalid unicode codepoint (4001d4)
Unicode parsing error, some characters were replaced with � (U+FFFD): Invalid unicode codepoint (4001d5)
Unicode parsing error, some characters were replaced with � (U+FFFD): Invalid unicode codepoint (4001d6)
Unicode parsing error, some characters were replaced with � (U+FFFD): Invalid unicode codepoint (4001d7)
Unicode parsing error, some characters were replaced with � (U+FFFD): Invalid unicode codepoint (4001d8)
Unicode parsing error, some characters were replaced with � (U+FFFD): Invalid unicode codepoint (4001d9)
Unicode parsing error, some characters were replaced with � (U+FFFD): Invalid unicode codepoint (4001da)
Unicode parsing error, some characters were replaced with � (U+FFFD): Invalid unicode codepoint (4001db)
Unicode parsing error, some characters were replaced with � (U+FFFD): Invalid unicode codepoint (4001dc)
Unicode parsing error, some characters were replaced with � (U+FFFD): Invalid unicode codepoint (4001dd)
Unicode parsing error, some characters were replaced with � (U+FFFD): Invalid unicode codepoint (4001de)
Unicode parsing error, some characters were replaced with � (U+FFFD): Invalid unicode codepoint (4001df)
Unicode parsing error, some characters were replaced with � (U+FFFD): Invalid unicode codepoint (4001e0)
Unicode parsing error, some characters were replaced with � (U+FFFD): Invalid unicode codepoint (4001e1)
Unicode parsing error, some characters were replaced with � (U+FFFD): Invalid unicode codepoint (4001e2)
Unicode parsing error, some characters were replaced with � (U+FFFD): Invalid unicode codepoint (4001e3)
Unicode parsing error, some characters were replaced with � (U+FFFD): Invalid unicode codepoint (4001e4)
Unicode parsing error, some characters were replaced with � (U+FFFD): Invalid unicode codepoint (4001e5)
Unicode parsing error, some characters were replaced with � (U+FFFD): Invalid unicode codepoint (4001e6)
Unicode parsing error, some characters were replaced with � (U+FFFD): Invalid unicode codepoint (4001e7)
Unicode parsing error, some characters were replaced with � (U+FFFD): Invalid unicode codepoint (4001e8)
Unicode parsing error, some characters were replaced with � (U+FFFD): Invalid unicode codepoint (4001e9)
Unicode parsing error, some characters were replaced with � (U+FFFD): Invalid unicode codepoint (4001ea)
Unicode parsing error, some characters were replaced with � (U+FFFD): Invalid unicode codepoint (4001eb)
Unicode parsing error, some characters were replaced with � (U+FFFD): Invalid unicode codepoint (4001ec)
Unicode parsing error, some characters were replaced with � (U+FFFD): Invalid unicode codepoint (4001ed)
Unicode parsing error, some characters were replaced with � (U+FFFD): Invalid unicode codepoint (4001ee)
Unicode parsing error, some characters were replaced with � (U+FFFD): Invalid unicode codepoint (4001ef)
Unicode parsing error, some characters were replaced with � (U+FFFD): Invalid unicode codepoint (4001f0)
Unicode parsing error, some characters were replaced with � (U+FFFD): Invalid unicode codepoint (4001f1)
Unicode parsing error, some characters were replaced with � (U+FFFD): Invalid unicode codepoint (4001f2)
Unicode parsing error, some characters were replaced with � (U+FFFD): Invalid unicode codepoint (4001f3)
Unicode parsing error, some characters were replaced with � (U+FFFD): Invalid unicode codepoint (4001f4)
Unicode parsing error, some characters were replaced with � (U+FFFD): Invalid unicode codepoint (4001f5)
Unicode parsing error, some characters were replaced with � (U+FFFD): Invalid unicode codepoint (4001f6)
Unicode parsing error, some characters were replaced with � (U+FFFD): Invalid unicode codepoint (4001f7)
Unicode parsing error, some characters were replaced with � (U+FFFD): Invalid unicode codepoint (4001f8)
Unicode parsing error, some characters were replaced with � (U+FFFD): Invalid unicode codepoint (4001f9)
Unicode parsing error, some characters were replaced with � (U+FFFD): Invalid unicode codepoint (4001fa)
Unicode parsing error, some characters were replaced with � (U+FFFD): Invalid unicode codepoint (4001fb)
Unicode parsing error, some characters were replaced with � (U+FFFD): Invalid unicode codepoint (4001fc)
Unicode parsing error, some characters were replaced with � (U+FFFD): Invalid unicode codepoint (4001fd)
Unicode parsing error, some characters were replaced with � (U+FFFD): Invalid unicode codepoint (4001fe)
Unicode parsing error, some characters were replaced with � (U+FFFD): Invalid unicode codepoint (4001ff)
ERROR: String formatting error: not all arguments converted during string formatting.
   at: validated_evaluate (core/variant/variant_op.h:829)
   GDScript backtrace (most recent call first):
       [0] test_a_plant_button_says_the_price_and_nothing_else (res://test/unit/test_selftest.gd:13238)
       [1] _run_single_test (res://tools/run_tests.gd:557)
       [2] _run_all_tests (res://tools/run_tests.gd:451)
       [3] _run_single_test (res://tools/run_tests.gd:583)
       [4] test_a_read_line_is_retired_and_an_unread_one_resumes (res://test/unit/test_selftest.gd:13205)
       [5] instantiate_scene (res://tools/run_tests.gd:893)
WARNING: Budgets: hud_stats_row no longer rests at floor, so BUDGET_FLOOR_ACCEPTED is stale.
   at: push_warning (core/variant/variant_utility.cpp:1033)
   GDScript backtrace (most recent call first):
       [0] warn_new_floors (res://game/game_budget.gd:335)
       [1] check_budgets (res://game/game_budget.gd:286)
       [2] check_budgets (res://game/game.gd:4137)
       [3] _ready (res://game/game.gd:683)
       [4] instantiate_scene (res://tools/run_tests.gd:886)
       [5] test_the_hud_lays_itself_out_against_the_live_viewport_not_the_setting (res://test/unit/test_selftest.gd:15194)
       [6] _pump (res://test/unit/test_selftest.gd:3250)
WARNING: Budgets: hud_stats_row no longer rests at floor, so BUDGET_FLOOR_ACCEPTED is stale.
   at: push_warning (core/variant/variant_utility.cpp:1033)
   GDScript backtrace (most recent call first):
       [0] warn_new_floors (res://game/game_budget.gd:335)
       [1] check_budgets (res://game/game_budget.gd:286)
       [2] check_budgets (res://game/game.gd:4137)
       [3] _ready (res://game/game.gd:683)
       [4] instantiate_scene (res://tools/run_tests.gd:886)
       [5] test_the_hud_lays_itself_out_against_the_live_viewport_not_the_setting (res://test/unit/test_selftest.gd:15194)
       [6] _pump (res://test/unit/test_selftest.gd:3250)
WARNING: Hud: the top row needs 1150px of viewport width and has 800. The StatsRow will hold its minimum size and the wave button will sit 350px off the right edge.
   at: push_warning (core/variant/variant_utility.cpp:1033)
   GDScript backtrace (most recent call first):
       [0] _report_if_too_narrow (res://game/hud.gd:1517)
       [1] _apply_viewport_layout (res://game/hud.gd:1490)
       [2] _ready (res://game/hud.gd:1433)
       [3] _ready (res://game/game.gd:621)
       [4] instantiate_scene (res://tools/run_tests.gd:886)
       [5] test_a_canvas_too_narrow_for_the_top_row_reports_the_shortfall (res://test/unit/test_selftest.gd:15359)
       [6] _run_single_test (res://tools/run_tests.gd:557)
       [7] _run_all_tests (res://tools/run_tests.gd:451)
       [8] _run_single_test (res://tools/run_tests.gd:583)
       [9] test_the_top_row_fits_the_narrowest_viewport_the_stretch_mode_can_produce (res://test/unit/test_selftest.gd:15346)
       [10] _pump (res://test/unit/test_selftest.gd:3250)
WARNING: Budget 'hud_message_row' (Hud.eaten_message() and siblings, declared in res://game/hud.gd) is down to -294 px, under the 40 this build declares. widest message-row string 818 of 524 px max -- -294 px left. When it runs out: a message renders trimmed to an ellipsis and nothing errors -- shorten the message, shorten the name, or widen the row ("Click Uproot again to dig up your Bomb Dandelion — it will not grow back. Its 70 upgrade seeds are not refunded."). Read it with `python tools/devtools.py cmd budgets`; if the spend is intended, move Game.BUDGET_FLOOR["hud_message_row"] to -294 in the same commit.
   at: push_warning (core/variant/variant_utility.cpp:1033)
   GDScript backtrace (most recent call first):
       [0] check_budgets (res://game/game_budget.gd:280)
       [1] check_budgets (res://game/game.gd:4137)
       [2] _ready (res://game/game.gd:683)
       [3] instantiate_scene (res://tools/run_tests.gd:886)
       [4] test_a_canvas_too_narrow_for_the_top_row_reports_the_shortfall (res://test/unit/test_selftest.gd:15359)
       [5] _run_single_test (res://tools/run_tests.gd:557)
       [6] _run_all_tests (res://tools/run_tests.gd:451)
       [7] _run_single_test (res://tools/run_tests.gd:583)
       [8] test_the_top_row_fits_the_narrowest_viewport_the_stretch_mode_can_produce (res://test/unit/test_selftest.gd:15346)
       [9] _pump (res://test/unit/test_selftest.gd:3250)
WARNING: Budgets: hud_stats_row no longer rests at floor, so BUDGET_FLOOR_ACCEPTED is stale.
   at: push_warning (core/variant/variant_utility.cpp:1033)
   GDScript backtrace (most recent call first):
       [0] warn_new_floors (res://game/game_budget.gd:335)
       [1] check_budgets (res://game/game_budget.gd:286)
       [2] check_budgets (res://game/game.gd:4137)
       [3] _ready (res://game/game.gd:683)
       [4] instantiate_scene (res://tools/run_tests.gd:886)
       [5] test_no_two_hud_controls_share_pixels_at_any_viewport_shape (res://test/unit/test_selftest.gd:15398)
       [6] _pump (res://test/unit/test_selftest.gd:3250)
WARNING: Budgets: hud_stats_row no longer rests at floor, so BUDGET_FLOOR_ACCEPTED is stale.
   at: push_warning (core/variant/variant_utility.cpp:1033)
   GDScript backtrace (most recent call first):
       [0] warn_new_floors (res://game/game_budget.gd:335)
       [1] check_budgets (res://game/game_budget.gd:286)
       [2] check_budgets (res://game/game.gd:4137)
       [3] _ready (res://game/game.gd:683)
       [4] instantiate_scene (res://tools/run_tests.gd:886)
       [5] test_no_two_hud_controls_share_pixels_at_any_viewport_shape (res://test/unit/test_selftest.gd:15398)
       [6] _pump (res://test/unit/test_selftest.gd:3250)
WARNING: RunConfig: cannot write user://no_such_dir_bia/does_not_exist.save.tmp (File not found). The record stands in memory only, and the previous save is untouched.
   at: push_warning (core/variant/variant_utility.cpp:1033)
   GDScript backtrace (most recent call first):
       [0] _save (res://game/run_config.gd:1844)
       [1] store_key_bindings (res://game/run_config.gd:778)
       [2] test_a_binding_that_did_not_reach_disk_says_so (res://test/unit/test_selftest.gd:19814)
       [3] _run_single_test (res://tools/run_tests.gd:557)
       [4] _run_all_tests (res://tools/run_tests.gd:451)
       [5] _run_single_test (res://tools/run_tests.gd:583)
       [6] test_the_drag_cue_and_the_drag_commit_choose_the_same_cell (res://test/unit/test_selftest.gd:19778)
       [7] instantiate_scene (res://tools/run_tests.gd:893)
Unicode parsing error, some characters were replaced with � (U+FFFD): Invalid unicode codepoint (400000)
Unicode parsing error, some characters were replaced with � (U+FFFD): Invalid unicode codepoint (40003f)
Unicode parsing error, some characters were replaced with � (U+FFFD): Invalid unicode codepoint (400040)
Unicode parsing error, some characters were replaced with � (U+FFFD): Invalid unicode codepoint (400041)
Unicode parsing error, some characters were replaced with � (U+FFFD): Invalid unicode codepoint (400044)
Unicode parsing error, some characters were replaced with � (U+FFFD): Invalid unicode codepoint (400046)
Unicode parsing error, some characters were replaced with � (U+FFFD): Invalid unicode codepoint (400047)
Unicode parsing error, some characters were replaced with � (U+FFFD): Invalid unicode codepoint (40004f)
Unicode parsing error, some characters were replaced with � (U+FFFD): Invalid unicode codepoint (400050)
Unicode parsing error, some characters were replaced with � (U+FFFD): Invalid unicode codepoint (400051)
Unicode parsing error, some characters were replaced with � (U+FFFD): Invalid unicode codepoint (400052)
Unicode parsing error, some characters were replaced with � (U+FFFD): Invalid unicode codepoint (400053)
Unicode parsing error, some characters were replaced with � (U+FFFD): Invalid unicode codepoint (400074)
Unicode parsing error, some characters were replaced with � (U+FFFD): Invalid unicode codepoint (400075)
Unicode parsing error, some characters were replaced with � (U+FFFD): Invalid unicode codepoint (400076)
Unicode parsing error, some characters were replaced with � (U+FFFD): Invalid unicode codepoint (400077)
Unicode parsing error, some characters were replaced with � (U+FFFD): Invalid unicode codepoint (400078)
Unicode parsing error, some characters were replaced with � (U+FFFD): Invalid unicode codepoint (400079)
Unicode parsing error, some characters were replaced with � (U+FFFD): Invalid unicode codepoint (40007a)
Unicode parsing error, some characters were replaced with � (U+FFFD): Invalid unicode codepoint (40007b)
Unicode parsing error, some characters were replaced with � (U+FFFD): Invalid unicode codepoint (40007c)
Unicode parsing error, some characters were replaced with � (U+FFFD): Invalid unicode codepoint (40007d)
Unicode parsing error, some characters were replaced with � (U+FFFD): Invalid unicode codepoint (40007e)
Unicode parsing error, some characters were replaced with � (U+FFFD): Invalid unicode codepoint (40007f)
Unicode parsing error, some characters were replaced with � (U+FFFD): Invalid unicode codepoint (400080)
Unicode parsing error, some characters were replaced with � (U+FFFD): Invalid unicode codepoint (400090)
Unicode parsing error, some characters were replaced with � (U+FFFD): Invalid unicode codepoint (400091)
Unicode parsing error, some characters were replaced with � (U+FFFD): Invalid unicode codepoint (400092)
Unicode parsing error, some characters were replaced with � (U+FFFD): Invalid unicode codepoint (400093)
Unicode parsing error, some characters were replaced with � (U+FFFD): Invalid unicode codepoint (400094)
Unicode parsing error, some characters were replaced with � (U+FFFD): Invalid unicode codepoint (400095)
Unicode parsing error, some characters were replaced with � (U+FFFD): Invalid unicode codepoint (400096)
Unicode parsing error, some characters were replaced with � (U+FFFD): Invalid unicode codepoint (400097)
Unicode parsing error, some characters were replaced with � (U+FFFD): Invalid unicode codepoint (400098)
Unicode parsing error, some characters were replaced with � (U+FFFD): Invalid unicode codepoint (400099)
Unicode parsing error, some characters were replaced with � (U+FFFD): Invalid unicode codepoint (40009a)
Unicode parsing error, some characters were replaced with � (U+FFFD): Invalid unicode codepoint (40009b)
Unicode parsing error, some characters were replaced with � (U+FFFD): Invalid unicode codepoint (40009c)
Unicode parsing error, some characters were replaced with � (U+FFFD): Invalid unicode codepoint (40009d)
Unicode parsing error, some characters were replaced with � (U+FFFD): Invalid unicode codepoint (40009e)
Unicode parsing error, some characters were replaced with � (U+FFFD): Invalid unicode codepoint (40009f)
Unicode parsing error, some characters were replaced with � (U+FFFD): Invalid unicode codepoint (4000a0)
Unicode parsing error, some characters were replaced with � (U+FFFD): Invalid unicode codepoint (4000a1)
Unicode parsing error, some characters were replaced with � (U+FFFD): Invalid unicode codepoint (4000a2)
Unicode parsing error, some characters were replaced with � (U+FFFD): Invalid unicode codepoint (4000a3)
Unicode parsing error, some characters were replaced with � (U+FFFD): Invalid unicode codepoint (4000a4)
Unicode parsing error, some characters were replaced with � (U+FFFD): Invalid unicode codepoint (4000a5)
Unicode parsing error, some characters were replaced with � (U+FFFD): Invalid unicode codepoint (4000a6)
Unicode parsing error, some characters were replaced with � (U+FFFD): Invalid unicode codepoint (4000a7)
Unicode parsing error, some characters were replaced with � (U+FFFD): Invalid unicode codepoint (4000a8)
Unicode parsing error, some characters were replaced with � (U+FFFD): Invalid unicode codepoint (4000a9)
Unicode parsing error, some characters were replaced with � (U+FFFD): Invalid unicode codepoint (4000aa)
Unicode parsing error, some characters were replaced with � (U+FFFD): Invalid unicode codepoint (4000ab)
Unicode parsing error, some characters were replaced with � (U+FFFD): Invalid unicode codepoint (4000ac)
Unicode parsing error, some characters were replaced with � (U+FFFD): Invalid unicode codepoint (4000ad)
Unicode parsing error, some characters were replaced with � (U+FFFD): Invalid unicode codepoint (4000ae)
Unicode parsing error, some characters were replaced with � (U+FFFD): Invalid unicode codepoint (4000af)
Unicode parsing error, some characters were replaced with � (U+FFFD): Invalid unicode codepoint (4000b0)
Unicode parsing error, some characters were replaced with � (U+FFFD): Invalid unicode codepoint (4000b1)
Unicode parsing error, some characters were replaced with � (U+FFFD): Invalid unicode codepoint (4000b2)
Unicode parsing error, some characters were replaced with � (U+FFFD): Invalid unicode codepoint (4000b3)
Unicode parsing error, some characters were replaced with � (U+FFFD): Invalid unicode codepoint (4000b4)
Unicode parsing error, some characters were replaced with � (U+FFFD): Invalid unicode codepoint (4000b5)
Unicode parsing error, some characters were replaced with � (U+FFFD): Invalid unicode codepoint (4000b6)
Unicode parsing error, some characters were replaced with � (U+FFFD): Invalid unicode codepoint (4000b7)
Unicode parsing error, some characters were replaced with � (U+FFFD): Invalid unicode codepoint (4000b8)
Unicode parsing error, some characters were replaced with � (U+FFFD): Invalid unicode codepoint (4000b9)
Unicode parsing error, some characters were replaced with � (U+FFFD): Invalid unicode codepoint (4000ba)
Unicode parsing error, some characters were replaced with � (U+FFFD): Invalid unicode codepoint (4000bb)
Unicode parsing error, some characters were replaced with � (U+FFFD): Invalid unicode codepoint (4000bc)
Unicode parsing error, some characters were replaced with � (U+FFFD): Invalid unicode codepoint (4000bd)
Unicode parsing error, some characters were replaced with � (U+FFFD): Invalid unicode codepoint (4000be)
Unicode parsing error, some characters were replaced with � (U+FFFD): Invalid unicode codepoint (4000bf)
Unicode parsing error, some characters were replaced with � (U+FFFD): Invalid unicode codepoint (4000c0)
Unicode parsing error, some characters were replaced with � (U+FFFD): Invalid unicode codepoint (4000c1)
Unicode parsing error, some characters were replaced with � (U+FFFD): Invalid unicode codepoint (4000c2)
Unicode parsing error, some characters were replaced with � (U+FFFD): Invalid unicode codepoint (4000c3)
Unicode parsing error, some characters were replaced with � (U+FFFD): Invalid unicode codepoint (4000c4)
Unicode parsing error, some characters were replaced with � (U+FFFD): Invalid unicode codepoint (4000c5)
Unicode parsing error, some characters were replaced with � (U+FFFD): Invalid unicode codepoint (4000c6)
Unicode parsing error, some characters were replaced with � (U+FFFD): Invalid unicode codepoint (4000c7)
Unicode parsing error, some characters were replaced with � (U+FFFD): Invalid unicode codepoint (4000c8)
Unicode parsing error, some characters were replaced with � (U+FFFD): Invalid unicode codepoint (4000c9)
Unicode parsing error, some characters were replaced with � (U+FFFD): Invalid unicode codepoint (4000ca)
Unicode parsing error, some characters were replaced with � (U+FFFD): Invalid unicode codepoint (4000cb)
Unicode parsing error, some characters were replaced with � (U+FFFD): Invalid unicode codepoint (4000cc)
Unicode parsing error, some characters were replaced with � (U+FFFD): Invalid unicode codepoint (4000cd)
Unicode parsing error, some characters were replaced with � (U+FFFD): Invalid unicode codepoint (4000ce)
Unicode parsing error, some characters were replaced with � (U+FFFD): Invalid unicode codepoint (4000cf)
Unicode parsing error, some characters were replaced with � (U+FFFD): Invalid unicode codepoint (4000d0)
Unicode parsing error, some characters were replaced with � (U+FFFD): Invalid unicode codepoint (4000d1)
Unicode parsing error, some characters were replaced with � (U+FFFD): Invalid unicode codepoint (4000d2)
Unicode parsing error, some characters were replaced with � (U+FFFD): Invalid unicode codepoint (4000d3)
Unicode parsing error, some characters were replaced with � (U+FFFD): Invalid unicode codepoint (4000d4)
Unicode parsing error, some characters were replaced with � (U+FFFD): Invalid unicode codepoint (4000d5)
Unicode parsing error, some characters were replaced with � (U+FFFD): Invalid unicode codepoint (4000d6)
Unicode parsing error, some characters were replaced with � (U+FFFD): Invalid unicode codepoint (4000d7)
Unicode parsing error, some characters were replaced with � (U+FFFD): Invalid unicode codepoint (4000d8)
Unicode parsing error, some characters were replaced with � (U+FFFD): Invalid unicode codepoint (4000d9)
Unicode parsing error, some characters were replaced with � (U+FFFD): Invalid unicode codepoint (4000da)
Unicode parsing error, some characters were replaced with � (U+FFFD): Invalid unicode codepoint (4000db)
Unicode parsing error, some characters were replaced with � (U+FFFD): Invalid unicode codepoint (4000dc)
Unicode parsing error, some characters were replaced with � (U+FFFD): Invalid unicode codepoint (4000dd)
Unicode parsing error, some characters were replaced with � (U+FFFD): Invalid unicode codepoint (4000de)
Unicode parsing error, some characters were replaced with � (U+FFFD): Invalid unicode codepoint (4000df)
Unicode parsing error, some characters were replaced with � (U+FFFD): Invalid unicode codepoint (4000e0)
Unicode parsing error, some characters were replaced with � (U+FFFD): Invalid unicode codepoint (4000e1)
Unicode parsing error, some characters were replaced with � (U+FFFD): Invalid unicode codepoint (4000e2)
Unicode parsing error, some characters were replaced with � (U+FFFD): Invalid unicode codepoint (4000e3)
Unicode parsing error, some characters were replaced with � (U+FFFD): Invalid unicode codepoint (4000e4)
Unicode parsing error, some characters were replaced with � (U+FFFD): Invalid unicode codepoint (4000e5)
Unicode parsing error, some characters were replaced with � (U+FFFD): Invalid unicode codepoint (4000e6)
Unicode parsing error, some characters were replaced with � (U+FFFD): Invalid unicode codepoint (4000e7)
Unicode parsing error, some characters were replaced with � (U+FFFD): Invalid unicode codepoint (4000e8)
Unicode parsing error, some characters were replaced with � (U+FFFD): Invalid unicode codepoint (4000e9)
Unicode parsing error, some characters were replaced with � (U+FFFD): Invalid unicode codepoint (4000ea)
Unicode parsing error, some characters were replaced with � (U+FFFD): Invalid unicode codepoint (4000eb)
Unicode parsing error, some characters were replaced with � (U+FFFD): Invalid unicode codepoint (4000ec)
Unicode parsing error, some characters were replaced with � (U+FFFD): Invalid unicode codepoint (4000ed)
Unicode parsing error, some characters were replaced with � (U+FFFD): Invalid unicode codepoint (4000ee)
Unicode parsing error, some characters were replaced with � (U+FFFD): Invalid unicode codepoint (4000ef)
Unicode parsing error, some characters were replaced with � (U+FFFD): Invalid unicode codepoint (4000f0)
Unicode parsing error, some characters were replaced with � (U+FFFD): Invalid unicode codepoint (4000f1)
Unicode parsing error, some characters were replaced with � (U+FFFD): Invalid unicode codepoint (4000f2)
Unicode parsing error, some characters were replaced with � (U+FFFD): Invalid unicode codepoint (4000f3)
Unicode parsing error, some characters were replaced with � (U+FFFD): Invalid unicode codepoint (4000f4)
Unicode parsing error, some characters were replaced with � (U+FFFD): Invalid unicode codepoint (4000f5)
Unicode parsing error, some characters were replaced with � (U+FFFD): Invalid unicode codepoint (4000f6)
Unicode parsing error, some characters were replaced with � (U+FFFD): Invalid unicode codepoint (4000f7)
Unicode parsing error, some characters were replaced with � (U+FFFD): Invalid unicode codepoint (4000f8)
Unicode parsing error, some characters were replaced with � (U+FFFD): Invalid unicode codepoint (4000f9)
Unicode parsing error, some characters were replaced with � (U+FFFD): Invalid unicode codepoint (4000fa)
Unicode parsing error, some characters were replaced with � (U+FFFD): Invalid unicode codepoint (4000fb)
Unicode parsing error, some characters were replaced with � (U+FFFD): Invalid unicode codepoint (4000fc)
Unicode parsing error, some characters were replaced with � (U+FFFD): Invalid unicode codepoint (4000fd)
Unicode parsing error, some characters were replaced with � (U+FFFD): Invalid unicode codepoint (4000fe)
Unicode parsing error, some characters were replaced with � (U+FFFD): Invalid unicode codepoint (4000ff)
Unicode parsing error, some characters were replaced with � (U+FFFD): Invalid unicode codepoint (400100)
Unicode parsing error, some characters were replaced with � (U+FFFD): Invalid unicode codepoint (400101)
Unicode parsing error, some characters were replaced with � (U+FFFD): Invalid unicode codepoint (400102)
Unicode parsing error, some characters were replaced with � (U+FFFD): Invalid unicode codepoint (400103)
Unicode parsing error, some characters were replaced with � (U+FFFD): Invalid unicode codepoint (400104)
Unicode parsing error, some characters were replaced with � (U+FFFD): Invalid unicode codepoint (400105)
Unicode parsing error, some characters were replaced with � (U+FFFD): Invalid unicode codepoint (400106)
Unicode parsing error, some characters were replaced with � (U+FFFD): Invalid unicode codepoint (400107)
Unicode parsing error, some characters were replaced with � (U+FFFD): Invalid unicode codepoint (400108)
Unicode parsing error, some characters were replaced with � (U+FFFD): Invalid unicode codepoint (400109)
Unicode parsing error, some characters were replaced with � (U+FFFD): Invalid unicode codepoint (40010a)
Unicode parsing error, some characters were replaced with � (U+FFFD): Invalid unicode codepoint (40010b)
Unicode parsing error, some characters were replaced with � (U+FFFD): Invalid unicode codepoint (40010c)
Unicode parsing error, some characters were replaced with � (U+FFFD): Invalid unicode codepoint (40010d)
Unicode parsing error, some characters were replaced with � (U+FFFD): Invalid unicode codepoint (40010e)
Unicode parsing error, some characters were replaced with � (U+FFFD): Invalid unicode codepoint (40010f)
Unicode parsing error, some characters were replaced with � (U+FFFD): Invalid unicode codepoint (400110)
Unicode parsing error, some characters were replaced with � (U+FFFD): Invalid unicode codepoint (400111)
Unicode parsing error, some characters were replaced with � (U+FFFD): Invalid unicode codepoint (400112)
Unicode parsing error, some characters were replaced with � (U+FFFD): Invalid unicode codepoint (400113)
Unicode parsing error, some characters were replaced with � (U+FFFD): Invalid unicode codepoint (400114)
Unicode parsing error, some characters were replaced with � (U+FFFD): Invalid unicode codepoint (400115)
Unicode parsing error, some characters were replaced with � (U+FFFD): Invalid unicode codepoint (400116)
Unicode parsing error, some characters were replaced with � (U+FFFD): Invalid unicode codepoint (400117)
Unicode parsing error, some characters were replaced with � (U+FFFD): Invalid unicode codepoint (400118)
Unicode parsing error, some characters were replaced with � (U+FFFD): Invalid unicode codepoint (400119)
Unicode parsing error, some characters were replaced with � (U+FFFD): Invalid unicode codepoint (40011a)
Unicode parsing error, some characters were replaced with � (U+FFFD): Invalid unicode codepoint (40011b)
Unicode parsing error, some characters were replaced with � (U+FFFD): Invalid unicode codepoint (40011c)
Unicode parsing error, some characters were replaced with � (U+FFFD): Invalid unicode codepoint (40011d)
Unicode parsing error, some characters were replaced with � (U+FFFD): Invalid unicode codepoint (40011e)
Unicode parsing error, some characters were replaced with � (U+FFFD): Invalid unicode codepoint (40011f)
Unicode parsing error, some characters were replaced with � (U+FFFD): Invalid unicode codepoint (400120)
Unicode parsing error, some characters were replaced with � (U+FFFD): Invalid unicode codepoint (400121)
Unicode parsing error, some characters were replaced with � (U+FFFD): Invalid unicode codepoint (400122)
Unicode parsing error, some characters were replaced with � (U+FFFD): Invalid unicode codepoint (400123)
Unicode parsing error, some characters were replaced with � (U+FFFD): Invalid unicode codepoint (400124)
Unicode parsing error, some characters were replaced with � (U+FFFD): Invalid unicode codepoint (400125)
Unicode parsing error, some characters were replaced with � (U+FFFD): Invalid unicode codepoint (400126)
Unicode parsing error, some characters were replaced with � (U+FFFD): Invalid unicode codepoint (400127)
Unicode parsing error, some characters were replaced with � (U+FFFD): Invalid unicode codepoint (400128)
Unicode parsing error, some characters were replaced with � (U+FFFD): Invalid unicode codepoint (400129)
Unicode parsing error, some characters were replaced with � (U+FFFD): Invalid unicode codepoint (40012a)
Unicode parsing error, some characters were replaced with � (U+FFFD): Invalid unicode codepoint (40012b)
Unicode parsing error, some characters were replaced with � (U+FFFD): Invalid unicode codepoint (40012c)
Unicode parsing error, some characters were replaced with � (U+FFFD): Invalid unicode codepoint (40012d)
Unicode parsing error, some characters were replaced with � (U+FFFD): Invalid unicode codepoint (40012e)
Unicode parsing error, some characters were replaced with � (U+FFFD): Invalid unicode codepoint (40012f)
Unicode parsing error, some characters were replaced with � (U+FFFD): Invalid unicode codepoint (400130)
Unicode parsing error, some characters were replaced with � (U+FFFD): Invalid unicode codepoint (400131)
Unicode parsing error, some characters were replaced with � (U+FFFD): Invalid unicode codepoint (400132)
Unicode parsing error, some characters were replaced with � (U+FFFD): Invalid unicode codepoint (400133)
Unicode parsing error, some characters were replaced with � (U+FFFD): Invalid unicode codepoint (400134)
Unicode parsing error, some characters were replaced with � (U+FFFD): Invalid unicode codepoint (400135)
Unicode parsing error, some characters were replaced with � (U+FFFD): Invalid unicode codepoint (400136)
Unicode parsing error, some characters were replaced with � (U+FFFD): Invalid unicode codepoint (400137)
Unicode parsing error, some characters were replaced with � (U+FFFD): Invalid unicode codepoint (400138)
Unicode parsing error, some characters were replaced with � (U+FFFD): Invalid unicode codepoint (400139)
Unicode parsing error, some characters were replaced with � (U+FFFD): Invalid unicode codepoint (40013a)
Unicode parsing error, some characters were replaced with � (U+FFFD): Invalid unicode codepoint (40013b)
Unicode parsing error, some characters were replaced with � (U+FFFD): Invalid unicode codepoint (40013c)
Unicode parsing error, some characters were replaced with � (U+FFFD): Invalid unicode codepoint (40013d)
Unicode parsing error, some characters were replaced with � (U+FFFD): Invalid unicode codepoint (40013e)
Unicode parsing error, some characters were replaced with � (U+FFFD): Invalid unicode codepoint (40013f)
Unicode parsing error, some characters were replaced with � (U+FFFD): Invalid unicode codepoint (400140)
Unicode parsing error, some characters were replaced with � (U+FFFD): Invalid unicode codepoint (400141)
Unicode parsing error, some characters were replaced with � (U+FFFD): Invalid unicode codepoint (400142)
Unicode parsing error, some characters were replaced with � (U+FFFD): Invalid unicode codepoint (400143)
Unicode parsing error, some characters were replaced with � (U+FFFD): Invalid unicode codepoint (400144)
Unicode parsing error, some characters were replaced with � (U+FFFD): Invalid unicode codepoint (400145)
Unicode parsing error, some characters were replaced with � (U+FFFD): Invalid unicode codepoint (400146)
Unicode parsing error, some characters were replaced with � (U+FFFD): Invalid unicode codepoint (400147)
Unicode parsing error, some characters were replaced with � (U+FFFD): Invalid unicode codepoint (400148)
Unicode parsing error, some characters were replaced with � (U+FFFD): Invalid unicode codepoint (400149)
Unicode parsing error, some characters were replaced with � (U+FFFD): Invalid unicode codepoint (40014a)
Unicode parsing error, some characters were replaced with � (U+FFFD): Invalid unicode codepoint (40014b)
Unicode parsing error, some characters were replaced with � (U+FFFD): Invalid unicode codepoint (40014c)
Unicode parsing error, some characters were replaced with � (U+FFFD): Invalid unicode codepoint (40014d)
Unicode parsing error, some characters were replaced with � (U+FFFD): Invalid unicode codepoint (40014e)
Unicode parsing error, some characters were replaced with � (U+FFFD): Invalid unicode codepoint (40014f)
Unicode parsing error, some characters were replaced with � (U+FFFD): Invalid unicode codepoint (400150)
Unicode parsing error, some characters were replaced with � (U+FFFD): Invalid unicode codepoint (400151)
Unicode parsing error, some characters were replaced with � (U+FFFD): Invalid unicode codepoint (400152)
Unicode parsing error, some characters were replaced with � (U+FFFD): Invalid unicode codepoint (400153)
Unicode parsing error, some characters were replaced with � (U+FFFD): Invalid unicode codepoint (400154)
Unicode parsing error, some characters were replaced with � (U+FFFD): Invalid unicode codepoint (400155)
Unicode parsing error, some characters were replaced with � (U+FFFD): Invalid unicode codepoint (400156)
Unicode parsing error, some characters were replaced with � (U+FFFD): Invalid unicode codepoint (400157)
Unicode parsing error, some characters were replaced with � (U+FFFD): Invalid unicode codepoint (400158)
Unicode parsing error, some characters were replaced with � (U+FFFD): Invalid unicode codepoint (400159)
Unicode parsing error, some characters were replaced with � (U+FFFD): Invalid unicode codepoint (40015a)
Unicode parsing error, some characters were replaced with � (U+FFFD): Invalid unicode codepoint (40015b)
Unicode parsing error, some characters were replaced with � (U+FFFD): Invalid unicode codepoint (40015c)
Unicode parsing error, some characters were replaced with � (U+FFFD): Invalid unicode codepoint (40015d)
Unicode parsing error, some characters were replaced with � (U+FFFD): Invalid unicode codepoint (40015e)
Unicode parsing error, some characters were replaced with � (U+FFFD): Invalid unicode codepoint (40015f)
Unicode parsing error, some characters were replaced with � (U+FFFD): Invalid unicode codepoint (400160)
Unicode parsing error, some characters were replaced with � (U+FFFD): Invalid unicode codepoint (400161)
Unicode parsing error, some characters were replaced with � (U+FFFD): Invalid unicode codepoint (400162)
Unicode parsing error, some characters were replaced with � (U+FFFD): Invalid unicode codepoint (400163)
Unicode parsing error, some characters were replaced with � (U+FFFD): Invalid unicode codepoint (400164)
Unicode parsing error, some characters were replaced with � (U+FFFD): Invalid unicode codepoint (400165)
Unicode parsing error, some characters were replaced with � (U+FFFD): Invalid unicode codepoint (400166)
Unicode parsing error, some characters were replaced with � (U+FFFD): Invalid unicode codepoint (400167)
Unicode parsing error, some characters were replaced with � (U+FFFD): Invalid unicode codepoint (400168)
Unicode parsing error, some characters were replaced with � (U+FFFD): Invalid unicode codepoint (400169)
Unicode parsing error, some characters were replaced with � (U+FFFD): Invalid unicode codepoint (40016a)
Unicode parsing error, some characters were replaced with � (U+FFFD): Invalid unicode codepoint (40016b)
Unicode parsing error, some characters were replaced with � (U+FFFD): Invalid unicode codepoint (40016c)
Unicode parsing error, some characters were replaced with � (U+FFFD): Invalid unicode codepoint (40016d)
Unicode parsing error, some characters were replaced with � (U+FFFD): Invalid unicode codepoint (40016e)
Unicode parsing error, some characters were replaced with � (U+FFFD): Invalid unicode codepoint (40016f)
Unicode parsing error, some characters were replaced with � (U+FFFD): Invalid unicode codepoint (400170)
Unicode parsing error, some characters were replaced with � (U+FFFD): Invalid unicode codepoint (400171)
Unicode parsing error, some characters were replaced with � (U+FFFD): Invalid unicode codepoint (400172)
Unicode parsing error, some characters were replaced with � (U+FFFD): Invalid unicode codepoint (400173)
Unicode parsing error, some characters were replaced with � (U+FFFD): Invalid unicode codepoint (400174)
Unicode parsing error, some characters were replaced with � (U+FFFD): Invalid unicode codepoint (400175)
Unicode parsing error, some characters were replaced with � (U+FFFD): Invalid unicode codepoint (400176)
Unicode parsing error, some characters were replaced with � (U+FFFD): Invalid unicode codepoint (400177)
Unicode parsing error, some characters were replaced with � (U+FFFD): Invalid unicode codepoint (400178)
Unicode parsing error, some characters were replaced with � (U+FFFD): Invalid unicode codepoint (400179)
Unicode parsing error, some characters were replaced with � (U+FFFD): Invalid unicode codepoint (40017a)
Unicode parsing error, some characters were replaced with � (U+FFFD): Invalid unicode codepoint (40017b)
Unicode parsing error, some characters were replaced with � (U+FFFD): Invalid unicode codepoint (40017c)
Unicode parsing error, some characters were replaced with � (U+FFFD): Invalid unicode codepoint (40017d)
Unicode parsing error, some characters were replaced with � (U+FFFD): Invalid unicode codepoint (40017e)
Unicode parsing error, some characters were replaced with � (U+FFFD): Invalid unicode codepoint (40017f)
Unicode parsing error, some characters were replaced with � (U+FFFD): Invalid unicode codepoint (400180)
Unicode parsing error, some characters were replaced with � (U+FFFD): Invalid unicode codepoint (400181)
Unicode parsing error, some characters were replaced with � (U+FFFD): Invalid unicode codepoint (400182)
Unicode parsing error, some characters were replaced with � (U+FFFD): Invalid unicode codepoint (400183)
Unicode parsing error, some characters were replaced with � (U+FFFD): Invalid unicode codepoint (400184)
Unicode parsing error, some characters were replaced with � (U+FFFD): Invalid unicode codepoint (400185)
Unicode parsing error, some characters were replaced with � (U+FFFD): Invalid unicode codepoint (400186)
Unicode parsing error, some characters were replaced with � (U+FFFD): Invalid unicode codepoint (400187)
Unicode parsing error, some characters were replaced with � (U+FFFD): Invalid unicode codepoint (400188)
Unicode parsing error, some characters were replaced with � (U+FFFD): Invalid unicode codepoint (400189)
Unicode parsing error, some characters were replaced with � (U+FFFD): Invalid unicode codepoint (40018a)
Unicode parsing error, some characters were replaced with � (U+FFFD): Invalid unicode codepoint (40018b)
Unicode parsing error, some characters were replaced with � (U+FFFD): Invalid unicode codepoint (40018c)
Unicode parsing error, some characters were replaced with � (U+FFFD): Invalid unicode codepoint (40018d)
Unicode parsing error, some characters were replaced with � (U+FFFD): Invalid unicode codepoint (40018e)
Unicode parsing error, some characters were replaced with � (U+FFFD): Invalid unicode codepoint (40018f)
Unicode parsing error, some characters were replaced with � (U+FFFD): Invalid unicode codepoint (400190)
Unicode parsing error, some characters were replaced with � (U+FFFD): Invalid unicode codepoint (400191)
Unicode parsing error, some characters were replaced with � (U+FFFD): Invalid unicode codepoint (400192)
Unicode parsing error, some characters were replaced with � (U+FFFD): Invalid unicode codepoint (400193)
Unicode parsing error, some characters were replaced with � (U+FFFD): Invalid unicode codepoint (400194)
Unicode parsing error, some characters were replaced with � (U+FFFD): Invalid unicode codepoint (400195)
Unicode parsing error, some characters were replaced with � (U+FFFD): Invalid unicode codepoint (400196)
Unicode parsing error, some characters were replaced with � (U+FFFD): Invalid unicode codepoint (400197)
Unicode parsing error, some characters were replaced with � (U+FFFD): Invalid unicode codepoint (400198)
Unicode parsing error, some characters were replaced with � (U+FFFD): Invalid unicode codepoint (400199)
Unicode parsing error, some characters were replaced with � (U+FFFD): Invalid unicode codepoint (40019a)
Unicode parsing error, some characters were replaced with � (U+FFFD): Invalid unicode codepoint (40019b)
Unicode parsing error, some characters were replaced with � (U+FFFD): Invalid unicode codepoint (40019c)
Unicode parsing error, some characters were replaced with � (U+FFFD): Invalid unicode codepoint (40019d)
Unicode parsing error, some characters were replaced with � (U+FFFD): Invalid unicode codepoint (40019e)
Unicode parsing error, some characters were replaced with � (U+FFFD): Invalid unicode codepoint (40019f)
Unicode parsing error, some characters were replaced with � (U+FFFD): Invalid unicode codepoint (4001a0)
Unicode parsing error, some characters were replaced with � (U+FFFD): Invalid unicode codepoint (4001a1)
Unicode parsing error, some characters were replaced with � (U+FFFD): Invalid unicode codepoint (4001a2)
Unicode parsing error, some characters were replaced with � (U+FFFD): Invalid unicode codepoint (4001a3)
Unicode parsing error, some characters were replaced with � (U+FFFD): Invalid unicode codepoint (4001a4)
Unicode parsing error, some characters were replaced with � (U+FFFD): Invalid unicode codepoint (4001a5)
Unicode parsing error, some characters were replaced with � (U+FFFD): Invalid unicode codepoint (4001a6)
Unicode parsing error, some characters were replaced with � (U+FFFD): Invalid unicode codepoint (4001a7)
Unicode parsing error, some characters were replaced with � (U+FFFD): Invalid unicode codepoint (4001a8)
Unicode parsing error, some characters were replaced with � (U+FFFD): Invalid unicode codepoint (4001a9)
Unicode parsing error, some characters were replaced with � (U+FFFD): Invalid unicode codepoint (4001aa)
Unicode parsing error, some characters were replaced with � (U+FFFD): Invalid unicode codepoint (4001ab)
Unicode parsing error, some characters were replaced with � (U+FFFD): Invalid unicode codepoint (4001ac)
Unicode parsing error, some characters were replaced with � (U+FFFD): Invalid unicode codepoint (4001ad)
Unicode parsing error, some characters were replaced with � (U+FFFD): Invalid unicode codepoint (4001ae)
Unicode parsing error, some characters were replaced with � (U+FFFD): Invalid unicode codepoint (4001af)
Unicode parsing error, some characters were replaced with � (U+FFFD): Invalid unicode codepoint (4001b0)
Unicode parsing error, some characters were replaced with � (U+FFFD): Invalid unicode codepoint (4001b1)
Unicode parsing error, some characters were replaced with � (U+FFFD): Invalid unicode codepoint (4001b2)
Unicode parsing error, some characters were replaced with � (U+FFFD): Invalid unicode codepoint (4001b3)
Unicode parsing error, some characters were replaced with � (U+FFFD): Invalid unicode codepoint (4001b4)
Unicode parsing error, some characters were replaced with � (U+FFFD): Invalid unicode codepoint (4001b5)
Unicode parsing error, some characters were replaced with � (U+FFFD): Invalid unicode codepoint (4001b6)
Unicode parsing error, some characters were replaced with � (U+FFFD): Invalid unicode codepoint (4001b7)
Unicode parsing error, some characters were replaced with � (U+FFFD): Invalid unicode codepoint (4001b8)
Unicode parsing error, some characters were replaced with � (U+FFFD): Invalid unicode codepoint (4001b9)
Unicode parsing error, some characters were replaced with � (U+FFFD): Invalid unicode codepoint (4001ba)
Unicode parsing error, some characters were replaced with � (U+FFFD): Invalid unicode codepoint (4001bb)
Unicode parsing error, some characters were replaced with � (U+FFFD): Invalid unicode codepoint (4001bc)
Unicode parsing error, some characters were replaced with � (U+FFFD): Invalid unicode codepoint (4001bd)
Unicode parsing error, some characters were replaced with � (U+FFFD): Invalid unicode codepoint (4001be)
Unicode parsing error, some characters were replaced with � (U+FFFD): Invalid unicode codepoint (4001bf)
Unicode parsing error, some characters were replaced with � (U+FFFD): Invalid unicode codepoint (4001c0)
Unicode parsing error, some characters were replaced with � (U+FFFD): Invalid unicode codepoint (4001c1)
Unicode parsing error, some characters were replaced with � (U+FFFD): Invalid unicode codepoint (4001c2)
Unicode parsing error, some characters were replaced with � (U+FFFD): Invalid unicode codepoint (4001c3)
Unicode parsing error, some characters were replaced with � (U+FFFD): Invalid unicode codepoint (4001c4)
Unicode parsing error, some characters were replaced with � (U+FFFD): Invalid unicode codepoint (4001c5)
Unicode parsing error, some characters were replaced with � (U+FFFD): Invalid unicode codepoint (4001c6)
Unicode parsing error, some characters were replaced with � (U+FFFD): Invalid unicode codepoint (4001c7)
Unicode parsing error, some characters were replaced with � (U+FFFD): Invalid unicode codepoint (4001c8)
Unicode parsing error, some characters were replaced with � (U+FFFD): Invalid unicode codepoint (4001c9)
Unicode parsing error, some characters were replaced with � (U+FFFD): Invalid unicode codepoint (4001ca)
Unicode parsing error, some characters were replaced with � (U+FFFD): Invalid unicode codepoint (4001cb)
Unicode parsing error, some characters were replaced with � (U+FFFD): Invalid unicode codepoint (4001cc)
Unicode parsing error, some characters were replaced with � (U+FFFD): Invalid unicode codepoint (4001cd)
Unicode parsing error, some characters were replaced with � (U+FFFD): Invalid unicode codepoint (4001ce)
Unicode parsing error, some characters were replaced with � (U+FFFD): Invalid unicode codepoint (4001cf)
Unicode parsing error, some characters were replaced with � (U+FFFD): Invalid unicode codepoint (4001d0)
Unicode parsing error, some characters were replaced with � (U+FFFD): Invalid unicode codepoint (4001d1)
Unicode parsing error, some characters were replaced with � (U+FFFD): Invalid unicode codepoint (4001d2)
Unicode parsing error, some characters were replaced with � (U+FFFD): Invalid unicode codepoint (4001d3)
Unicode parsing error, some characters were replaced with � (U+FFFD): Invalid unicode codepoint (4001d4)
Unicode parsing error, some characters were replaced with � (U+FFFD): Invalid unicode codepoint (4001d5)
Unicode parsing error, some characters were replaced with � (U+FFFD): Invalid unicode codepoint (4001d6)
Unicode parsing error, some characters were replaced with � (U+FFFD): Invalid unicode codepoint (4001d7)
Unicode parsing error, some characters were replaced with � (U+FFFD): Invalid unicode codepoint (4001d8)
Unicode parsing error, some characters were replaced with � (U+FFFD): Invalid unicode codepoint (4001d9)
Unicode parsing error, some characters were replaced with � (U+FFFD): Invalid unicode codepoint (4001da)
Unicode parsing error, some characters were replaced with � (U+FFFD): Invalid unicode codepoint (4001db)
Unicode parsing error, some characters were replaced with � (U+FFFD): Invalid unicode codepoint (4001dc)
Unicode parsing error, some characters were replaced with � (U+FFFD): Invalid unicode codepoint (4001dd)
Unicode parsing error, some characters were replaced with � (U+FFFD): Invalid unicode codepoint (4001de)
Unicode parsing error, some characters were replaced with � (U+FFFD): Invalid unicode codepoint (4001df)
Unicode parsing error, some characters were replaced with � (U+FFFD): Invalid unicode codepoint (4001e0)
Unicode parsing error, some characters were replaced with � (U+FFFD): Invalid unicode codepoint (4001e1)
Unicode parsing error, some characters were replaced with � (U+FFFD): Invalid unicode codepoint (4001e2)
Unicode parsing error, some characters were replaced with � (U+FFFD): Invalid unicode codepoint (4001e3)
Unicode parsing error, some characters were replaced with � (U+FFFD): Invalid unicode codepoint (4001e4)
Unicode parsing error, some characters were replaced with � (U+FFFD): Invalid unicode codepoint (4001e5)
Unicode parsing error, some characters were replaced with � (U+FFFD): Invalid unicode codepoint (4001e6)
Unicode parsing error, some characters were replaced with � (U+FFFD): Invalid unicode codepoint (4001e7)
Unicode parsing error, some characters were replaced with � (U+FFFD): Invalid unicode codepoint (4001e8)
Unicode parsing error, some characters were replaced with � (U+FFFD): Invalid unicode codepoint (4001e9)
Unicode parsing error, some characters were replaced with � (U+FFFD): Invalid unicode codepoint (4001ea)
Unicode parsing error, some characters were replaced with � (U+FFFD): Invalid unicode codepoint (4001eb)
Unicode parsing error, some characters were replaced with � (U+FFFD): Invalid unicode codepoint (4001ec)
Unicode parsing error, some characters were replaced with � (U+FFFD): Invalid unicode codepoint (4001ed)
Unicode parsing error, some characters were replaced with � (U+FFFD): Invalid unicode codepoint (4001ee)
Unicode parsing error, some characters were replaced with � (U+FFFD): Invalid unicode codepoint (4001ef)
Unicode parsing error, some characters were replaced with � (U+FFFD): Invalid unicode codepoint (4001f0)
Unicode parsing error, some characters were replaced with � (U+FFFD): Invalid unicode codepoint (4001f1)
Unicode parsing error, some characters were replaced with � (U+FFFD): Invalid unicode codepoint (4001f2)
Unicode parsing error, some characters were replaced with � (U+FFFD): Invalid unicode codepoint (4001f3)
Unicode parsing error, some characters were replaced with � (U+FFFD): Invalid unicode codepoint (4001f4)
Unicode parsing error, some characters were replaced with � (U+FFFD): Invalid unicode codepoint (4001f5)
Unicode parsing error, some characters were replaced with � (U+FFFD): Invalid unicode codepoint (4001f6)
Unicode parsing error, some characters were replaced with � (U+FFFD): Invalid unicode codepoint (4001f7)
Unicode parsing error, some characters were replaced with � (U+FFFD): Invalid unicode codepoint (4001f8)
Unicode parsing error, some characters were replaced with � (U+FFFD): Invalid unicode codepoint (4001f9)
Unicode parsing error, some characters were replaced with � (U+FFFD): Invalid unicode codepoint (4001fa)
Unicode parsing error, some characters were replaced with � (U+FFFD): Invalid unicode codepoint (4001fb)
Unicode parsing error, some characters were replaced with � (U+FFFD): Invalid unicode codepoint (4001fc)
Unicode parsing error, some characters were replaced with � (U+FFFD): Invalid unicode codepoint (4001fd)
Unicode parsing error, some characters were replaced with � (U+FFFD): Invalid unicode codepoint (4001fe)
Unicode parsing error, some characters were replaced with � (U+FFFD): Invalid unicode codepoint (4001ff)
Unicode parsing error, some characters were replaced with � (U+FFFD): Invalid unicode codepoint (400000)
Unicode parsing error, some characters were replaced with � (U+FFFD): Invalid unicode codepoint (400000)
Unicode parsing error, some characters were replaced with � (U+FFFD): Invalid unicode codepoint (40003f)
Unicode parsing error, some characters were replaced with � (U+FFFD): Invalid unicode codepoint (40003f)
Unicode parsing error, some characters were replaced with � (U+FFFD): Invalid unicode codepoint (400040)
Unicode parsing error, some characters were replaced with � (U+FFFD): Invalid unicode codepoint (400040)
Unicode parsing error, some characters were replaced with � (U+FFFD): Invalid unicode codepoint (400041)
Unicode parsing error, some characters were replaced with � (U+FFFD): Invalid unicode codepoint (400041)
Unicode parsing error, some characters were replaced with � (U+FFFD): Invalid unicode codepoint (400044)
Unicode parsing error, some characters were replaced with � (U+FFFD): Invalid unicode codepoint (400044)
Unicode parsing error, some characters were replaced with � (U+FFFD): Invalid unicode codepoint (400046)
Unicode parsing error, some characters were replaced with � (U+FFFD): Invalid unicode codepoint (400046)
Unicode parsing error, some characters were replaced with � (U+FFFD): Invalid unicode codepoint (400047)
Unicode parsing error, some characters were replaced with � (U+FFFD): Invalid unicode codepoint (400047)
Unicode parsing error, some characters were replaced with � (U+FFFD): Invalid unicode codepoint (40004f)
Unicode parsing error, some characters were replaced with � (U+FFFD): Invalid unicode codepoint (40004f)
Unicode parsing error, some characters were replaced with � (U+FFFD): Invalid unicode codepoint (400050)
Unicode parsing error, some characters were replaced with � (U+FFFD): Invalid unicode codepoint (400050)
Unicode parsing error, some characters were replaced with � (U+FFFD): Invalid unicode codepoint (400051)
Unicode parsing error, some characters were replaced with � (U+FFFD): Invalid unicode codepoint (400051)
Unicode parsing error, some characters were replaced with � (U+FFFD): Invalid unicode codepoint (400052)
Unicode parsing error, some characters were replaced with � (U+FFFD): Invalid unicode codepoint (400052)
Unicode parsing error, some characters were replaced with � (U+FFFD): Invalid unicode codepoint (400053)
Unicode parsing error, some characters were replaced with � (U+FFFD): Invalid unicode codepoint (400053)
Unicode parsing error, some characters were replaced with � (U+FFFD): Invalid unicode codepoint (400074)
Unicode parsing error, some characters were replaced with � (U+FFFD): Invalid unicode codepoint (400074)
Unicode parsing error, some characters were replaced with � (U+FFFD): Invalid unicode codepoint (400075)
Unicode parsing error, some characters were replaced with � (U+FFFD): Invalid unicode codepoint (400075)
Unicode parsing error, some characters were replaced with � (U+FFFD): Invalid unicode codepoint (400076)
Unicode parsing error, some characters were replaced with � (U+FFFD): Invalid unicode codepoint (400076)
Unicode parsing error, some characters were replaced with � (U+FFFD): Invalid unicode codepoint (400077)
Unicode parsing error, some characters were replaced with � (U+FFFD): Invalid unicode codepoint (400077)
Unicode parsing error, some characters were replaced with � (U+FFFD): Invalid unicode codepoint (400078)
Unicode parsing error, some characters were replaced with � (U+FFFD): Invalid unicode codepoint (400078)
Unicode parsing error, some characters were replaced with � (U+FFFD): Invalid unicode codepoint (400079)
Unicode parsing error, some characters were replaced with � (U+FFFD): Invalid unicode codepoint (400079)
Unicode parsing error, some characters were replaced with � (U+FFFD): Invalid unicode codepoint (40007a)
Unicode parsing error, some characters were replaced with � (U+FFFD): Invalid unicode codepoint (40007a)
Unicode parsing error, some characters were replaced with � (U+FFFD): Invalid unicode codepoint (40007b)
Unicode parsing error, some characters were replaced with � (U+FFFD): Invalid unicode codepoint (40007b)
Unicode parsing error, some characters were replaced with � (U+FFFD): Invalid unicode codepoint (40007c)
Unicode parsing error, some characters were replaced with � (U+FFFD): Invalid unicode codepoint (40007c)
Unicode parsing error, some characters were replaced with � (U+FFFD): Invalid unicode codepoint (40007d)
Unicode parsing error, some characters were replaced with � (U+FFFD): Invalid unicode codepoint (40007d)
Unicode parsing error, some characters were replaced with � (U+FFFD): Invalid unicode codepoint (40007e)
Unicode parsing error, some characters were replaced with � (U+FFFD): Invalid unicode codepoint (40007e)
Unicode parsing error, some characters were replaced with � (U+FFFD): Invalid unicode codepoint (40007f)
Unicode parsing error, some characters were replaced with � (U+FFFD): Invalid unicode codepoint (40007f)
Unicode parsing error, some characters were replaced with � (U+FFFD): Invalid unicode codepoint (400080)
Unicode parsing error, some characters were replaced with � (U+FFFD): Invalid unicode codepoint (400080)
Unicode parsing error, some characters were replaced with � (U+FFFD): Invalid unicode codepoint (400090)
Unicode parsing error, some characters were replaced with � (U+FFFD): Invalid unicode codepoint (400090)
Unicode parsing error, some characters were replaced with � (U+FFFD): Invalid unicode codepoint (400091)
Unicode parsing error, some characters were replaced with � (U+FFFD): Invalid unicode codepoint (400091)
Unicode parsing error, some characters were replaced with � (U+FFFD): Invalid unicode codepoint (400092)
Unicode parsing error, some characters were replaced with � (U+FFFD): Invalid unicode codepoint (400092)
Unicode parsing error, some characters were replaced with � (U+FFFD): Invalid unicode codepoint (400093)
Unicode parsing error, some characters were replaced with � (U+FFFD): Invalid unicode codepoint (400093)
Unicode parsing error, some characters were replaced with � (U+FFFD): Invalid unicode codepoint (400094)
Unicode parsing error, some characters were replaced with � (U+FFFD): Invalid unicode codepoint (400094)
Unicode parsing error, some characters were replaced with � (U+FFFD): Invalid unicode codepoint (400095)
Unicode parsing error, some characters were replaced with � (U+FFFD): Invalid unicode codepoint (400095)
Unicode parsing error, some characters were replaced with � (U+FFFD): Invalid unicode codepoint (400096)
Unicode parsing error, some characters were replaced with � (U+FFFD): Invalid unicode codepoint (400096)
Unicode parsing error, some characters were replaced with � (U+FFFD): Invalid unicode codepoint (400097)
Unicode parsing error, some characters were replaced with � (U+FFFD): Invalid unicode codepoint (400097)
Unicode parsing error, some characters were replaced with � (U+FFFD): Invalid unicode codepoint (400098)
Unicode parsing error, some characters were replaced with � (U+FFFD): Invalid unicode codepoint (400098)
Unicode parsing error, some characters were replaced with � (U+FFFD): Invalid unicode codepoint (400099)
Unicode parsing error, some characters were replaced with � (U+FFFD): Invalid unicode codepoint (400099)
Unicode parsing error, some characters were replaced with � (U+FFFD): Invalid unicode codepoint (40009a)
Unicode parsing error, some characters were replaced with � (U+FFFD): Invalid unicode codepoint (40009a)
Unicode parsing error, some characters were replaced with � (U+FFFD): Invalid unicode codepoint (40009b)
Unicode parsing error, some characters were replaced with � (U+FFFD): Invalid unicode codepoint (40009b)
Unicode parsing error, some characters were replaced with � (U+FFFD): Invalid unicode codepoint (40009c)
Unicode parsing error, some characters were replaced with � (U+FFFD): Invalid unicode codepoint (40009c)
Unicode parsing error, some characters were replaced with � (U+FFFD): Invalid unicode codepoint (40009d)
Unicode parsing error, some characters were replaced with � (U+FFFD): Invalid unicode codepoint (40009d)
Unicode parsing error, some characters were replaced with � (U+FFFD): Invalid unicode codepoint (40009e)
Unicode parsing error, some characters were replaced with � (U+FFFD): Invalid unicode codepoint (40009e)
Unicode parsing error, some characters were replaced with � (U+FFFD): Invalid unicode codepoint (40009f)
Unicode parsing error, some characters were replaced with � (U+FFFD): Invalid unicode codepoint (40009f)
Unicode parsing error, some characters were replaced with � (U+FFFD): Invalid unicode codepoint (4000a0)
Unicode parsing error, some characters were replaced with � (U+FFFD): Invalid unicode codepoint (4000a0)
Unicode parsing error, some characters were replaced with � (U+FFFD): Invalid unicode codepoint (4000a1)
Unicode parsing error, some characters were replaced with � (U+FFFD): Invalid unicode codepoint (4000a1)
Unicode parsing error, some characters were replaced with � (U+FFFD): Invalid unicode codepoint (4000a2)
Unicode parsing error, some characters were replaced with � (U+FFFD): Invalid unicode codepoint (4000a2)
Unicode parsing error, some characters were replaced with � (U+FFFD): Invalid unicode codepoint (4000a3)
Unicode parsing error, some characters were replaced with � (U+FFFD): Invalid unicode codepoint (4000a3)
Unicode parsing error, some characters were replaced with � (U+FFFD): Invalid unicode codepoint (4000a4)
Unicode parsing error, some characters were replaced with � (U+FFFD): Invalid unicode codepoint (4000a4)
Unicode parsing error, some characters were replaced with � (U+FFFD): Invalid unicode codepoint (4000a5)
Unicode parsing error, some characters were replaced with � (U+FFFD): Invalid unicode codepoint (4000a5)
Unicode parsing error, some characters were replaced with � (U+FFFD): Invalid unicode codepoint (4000a6)
Unicode parsing error, some characters were replaced with � (U+FFFD): Invalid unicode codepoint (4000a6)
Unicode parsing error, some characters were replaced with � (U+FFFD): Invalid unicode codepoint (4000a7)
Unicode parsing error, some characters were replaced with � (U+FFFD): Invalid unicode codepoint (4000a7)
Unicode parsing error, some characters were replaced with � (U+FFFD): Invalid unicode codepoint (4000a8)
Unicode parsing error, some characters were replaced with � (U+FFFD): Invalid unicode codepoint (4000a8)
Unicode parsing error, some characters were replaced with � (U+FFFD): Invalid unicode codepoint (4000a9)
Unicode parsing error, some characters were replaced with � (U+FFFD): Invalid unicode codepoint (4000a9)
Unicode parsing error, some characters were replaced with � (U+FFFD): Invalid unicode codepoint (4000aa)
Unicode parsing error, some characters were replaced with � (U+FFFD): Invalid unicode codepoint (4000aa)
Unicode parsing error, some characters were replaced with � (U+FFFD): Invalid unicode codepoint (4000ab)
Unicode parsing error, some characters were replaced with � (U+FFFD): Invalid unicode codepoint (4000ab)
Unicode parsing error, some characters were replaced with � (U+FFFD): Invalid unicode codepoint (4000ac)
Unicode parsing error, some characters were replaced with � (U+FFFD): Invalid unicode codepoint (4000ac)
Unicode parsing error, some characters were replaced with � (U+FFFD): Invalid unicode codepoint (4000ad)
Unicode parsing error, some characters were replaced with � (U+FFFD): Invalid unicode codepoint (4000ad)
Unicode parsing error, some characters were replaced with � (U+FFFD): Invalid unicode codepoint (4000ae)
Unicode parsing error, some characters were replaced with � (U+FFFD): Invalid unicode codepoint (4000ae)
Unicode parsing error, some characters were replaced with � (U+FFFD): Invalid unicode codepoint (4000af)
Unicode parsing error, some characters were replaced with � (U+FFFD): Invalid unicode codepoint (4000af)
Unicode parsing error, some characters were replaced with � (U+FFFD): Invalid unicode codepoint (4000b0)
Unicode parsing error, some characters were replaced with � (U+FFFD): Invalid unicode codepoint (4000b0)
Unicode parsing error, some characters were replaced with � (U+FFFD): Invalid unicode codepoint (4000b1)
Unicode parsing error, some characters were replaced with � (U+FFFD): Invalid unicode codepoint (4000b1)
Unicode parsing error, some characters were replaced with � (U+FFFD): Invalid unicode codepoint (4000b2)
Unicode parsing error, some characters were replaced with � (U+FFFD): Invalid unicode codepoint (4000b2)
Unicode parsing error, some characters were replaced with � (U+FFFD): Invalid unicode codepoint (4000b3)
Unicode parsing error, some characters were replaced with � (U+FFFD): Invalid unicode codepoint (4000b3)
Unicode parsing error, some characters were replaced with � (U+FFFD): Invalid unicode codepoint (4000b4)
Unicode parsing error, some characters were replaced with � (U+FFFD): Invalid unicode codepoint (4000b4)
Unicode parsing error, some characters were replaced with � (U+FFFD): Invalid unicode codepoint (4000b5)
Unicode parsing error, some characters were replaced with � (U+FFFD): Invalid unicode codepoint (4000b5)
Unicode parsing error, some characters were replaced with � (U+FFFD): Invalid unicode codepoint (4000b6)
Unicode parsing error, some characters were replaced with � (U+FFFD): Invalid unicode codepoint (4000b6)
Unicode parsing error, some characters were replaced with � (U+FFFD): Invalid unicode codepoint (4000b7)
Unicode parsing error, some characters were replaced with � (U+FFFD): Invalid unicode codepoint (4000b7)
Unicode parsing error, some characters were replaced with � (U+FFFD): Invalid unicode codepoint (4000b8)
Unicode parsing error, some characters were replaced with � (U+FFFD): Invalid unicode codepoint (4000b8)
Unicode parsing error, some characters were replaced with � (U+FFFD): Invalid unicode codepoint (4000b9)
Unicode parsing error, some characters were replaced with � (U+FFFD): Invalid unicode codepoint (4000b9)
Unicode parsing error, some characters were replaced with � (U+FFFD): Invalid unicode codepoint (4000ba)
Unicode parsing error, some characters were replaced with � (U+FFFD): Invalid unicode codepoint (4000ba)
Unicode parsing error, some characters were replaced with � (U+FFFD): Invalid unicode codepoint (4000bb)
Unicode parsing error, some characters were replaced with � (U+FFFD): Invalid unicode codepoint (4000bb)
Unicode parsing error, some characters were replaced with � (U+FFFD): Invalid unicode codepoint (4000bc)
Unicode parsing error, some characters were replaced with � (U+FFFD): Invalid unicode codepoint (4000bc)
Unicode parsing error, some characters were replaced with � (U+FFFD): Invalid unicode codepoint (4000bd)
Unicode parsing error, some characters were replaced with � (U+FFFD): Invalid unicode codepoint (4000bd)
Unicode parsing error, some characters were replaced with � (U+FFFD): Invalid unicode codepoint (4000be)
Unicode parsing error, some characters were replaced with � (U+FFFD): Invalid unicode codepoint (4000be)
Unicode parsing error, some characters were replaced with � (U+FFFD): Invalid unicode codepoint (4000bf)
Unicode parsing error, some characters were replaced with � (U+FFFD): Invalid unicode codepoint (4000bf)
Unicode parsing error, some characters were replaced with � (U+FFFD): Invalid unicode codepoint (4000c0)
Unicode parsing error, some characters were replaced with � (U+FFFD): Invalid unicode codepoint (4000c0)
Unicode parsing error, some characters were replaced with � (U+FFFD): Invalid unicode codepoint (4000c1)
Unicode parsing error, some characters were replaced with � (U+FFFD): Invalid unicode codepoint (4000c1)
Unicode parsing error, some characters were replaced with � (U+FFFD): Invalid unicode codepoint (4000c2)
Unicode parsing error, some characters were replaced with � (U+FFFD): Invalid unicode codepoint (4000c2)
Unicode parsing error, some characters were replaced with � (U+FFFD): Invalid unicode codepoint (4000c3)
Unicode parsing error, some characters were replaced with � (U+FFFD): Invalid unicode codepoint (4000c3)
Unicode parsing error, some characters were replaced with � (U+FFFD): Invalid unicode codepoint (4000c4)
Unicode parsing error, some characters were replaced with � (U+FFFD): Invalid unicode codepoint (4000c4)
Unicode parsing error, some characters were replaced with � (U+FFFD): Invalid unicode codepoint (4000c5)
Unicode parsing error, some characters were replaced with � (U+FFFD): Invalid unicode codepoint (4000c5)
Unicode parsing error, some characters were replaced with � (U+FFFD): Invalid unicode codepoint (4000c6)
Unicode parsing error, some characters were replaced with � (U+FFFD): Invalid unicode codepoint (4000c6)
Unicode parsing error, some characters were replaced with � (U+FFFD): Invalid unicode codepoint (4000c7)
Unicode parsing error, some characters were replaced with � (U+FFFD): Invalid unicode codepoint (4000c7)
Unicode parsing error, some characters were replaced with � (U+FFFD): Invalid unicode codepoint (4000c8)
Unicode parsing error, some characters were replaced with � (U+FFFD): Invalid unicode codepoint (4000c8)
Unicode parsing error, some characters were replaced with � (U+FFFD): Invalid unicode codepoint (4000c9)
Unicode parsing error, some characters were replaced with � (U+FFFD): Invalid unicode codepoint (4000c9)
Unicode parsing error, some characters were replaced with � (U+FFFD): Invalid unicode codepoint (4000ca)
Unicode parsing error, some characters were replaced with � (U+FFFD): Invalid unicode codepoint (4000ca)
Unicode parsing error, some characters were replaced with � (U+FFFD): Invalid unicode codepoint (4000cb)
Unicode parsing error, some characters were replaced with � (U+FFFD): Invalid unicode codepoint (4000cb)
Unicode parsing error, some characters were replaced with � (U+FFFD): Invalid unicode codepoint (4000cc)
Unicode parsing error, some characters were replaced with � (U+FFFD): Invalid unicode codepoint (4000cc)
Unicode parsing error, some characters were replaced with � (U+FFFD): Invalid unicode codepoint (4000cd)
Unicode parsing error, some characters were replaced with � (U+FFFD): Invalid unicode codepoint (4000cd)
Unicode parsing error, some characters were replaced with � (U+FFFD): Invalid unicode codepoint (4000ce)
Unicode parsing error, some characters were replaced with � (U+FFFD): Invalid unicode codepoint (4000ce)
Unicode parsing error, some characters were replaced with � (U+FFFD): Invalid unicode codepoint (4000cf)
Unicode parsing error, some characters were replaced with � (U+FFFD): Invalid unicode codepoint (4000cf)
Unicode parsing error, some characters were replaced with � (U+FFFD): Invalid unicode codepoint (4000d0)
Unicode parsing error, some characters were replaced with � (U+FFFD): Invalid unicode codepoint (4000d0)
Unicode parsing error, some characters were replaced with � (U+FFFD): Invalid unicode codepoint (4000d1)
Unicode parsing error, some characters were replaced with � (U+FFFD): Invalid unicode codepoint (4000d1)
Unicode parsing error, some characters were replaced with � (U+FFFD): Invalid unicode codepoint (4000d2)
Unicode parsing error, some characters were replaced with � (U+FFFD): Invalid unicode codepoint (4000d2)
Unicode parsing error, some characters were replaced with � (U+FFFD): Invalid unicode codepoint (4000d3)
Unicode parsing error, some characters were replaced with � (U+FFFD): Invalid unicode codepoint (4000d3)
Unicode parsing error, some characters were replaced with � (U+FFFD): Invalid unicode codepoint (4000d4)
Unicode parsing error, some characters were replaced with � (U+FFFD): Invalid unicode codepoint (4000d4)
Unicode parsing error, some characters were replaced with � (U+FFFD): Invalid unicode codepoint (4000d5)
Unicode parsing error, some characters were replaced with � (U+FFFD): Invalid unicode codepoint (4000d5)
Unicode parsing error, some characters were replaced with � (U+FFFD): Invalid unicode codepoint (4000d6)
Unicode parsing error, some characters were replaced with � (U+FFFD): Invalid unicode codepoint (4000d6)
Unicode parsing error, some characters were replaced with � (U+FFFD): Invalid unicode codepoint (4000d7)
Unicode parsing error, some characters were replaced with � (U+FFFD): Invalid unicode codepoint (4000d7)
Unicode parsing error, some characters were replaced with � (U+FFFD): Invalid unicode codepoint (4000d8)
Unicode parsing error, some characters were replaced with � (U+FFFD): Invalid unicode codepoint (4000d8)
Unicode parsing error, some characters were replaced with � (U+FFFD): Invalid unicode codepoint (4000d9)
Unicode parsing error, some characters were replaced with � (U+FFFD): Invalid unicode codepoint (4000d9)
Unicode parsing error, some characters were replaced with � (U+FFFD): Invalid unicode codepoint (4000da)
Unicode parsing error, some characters were replaced with � (U+FFFD): Invalid unicode codepoint (4000da)
Unicode parsing error, some characters were replaced with � (U+FFFD): Invalid unicode codepoint (4000db)
Unicode parsing error, some characters were replaced with � (U+FFFD): Invalid unicode codepoint (4000db)
Unicode parsing error, some characters were replaced with � (U+FFFD): Invalid unicode codepoint (4000dc)
Unicode parsing error, some characters were replaced with � (U+FFFD): Invalid unicode codepoint (4000dc)
Unicode parsing error, some characters were replaced with � (U+FFFD): Invalid unicode codepoint (4000dd)
Unicode parsing error, some characters were replaced with � (U+FFFD): Invalid unicode codepoint (4000dd)
Unicode parsing error, some characters were replaced with � (U+FFFD): Invalid unicode codepoint (4000de)
Unicode parsing error, some characters were replaced with � (U+FFFD): Invalid unicode codepoint (4000de)
Unicode parsing error, some characters were replaced with � (U+FFFD): Invalid unicode codepoint (4000df)
Unicode parsing error, some characters were replaced with � (U+FFFD): Invalid unicode codepoint (4000df)
Unicode parsing error, some characters were replaced with � (U+FFFD): Invalid unicode codepoint (4000e0)
Unicode parsing error, some characters were replaced with � (U+FFFD): Invalid unicode codepoint (4000e0)
Unicode parsing error, some characters were replaced with � (U+FFFD): Invalid unicode codepoint (4000e1)
Unicode parsing error, some characters were replaced with � (U+FFFD): Invalid unicode codepoint (4000e1)
Unicode parsing error, some characters were replaced with � (U+FFFD): Invalid unicode codepoint (4000e2)
Unicode parsing error, some characters were replaced with � (U+FFFD): Invalid unicode codepoint (4000e2)
Unicode parsing error, some characters were replaced with � (U+FFFD): Invalid unicode codepoint (4000e3)
Unicode parsing error, some characters were replaced with � (U+FFFD): Invalid unicode codepoint (4000e3)
Unicode parsing error, some characters were replaced with � (U+FFFD): Invalid unicode codepoint (4000e4)
Unicode parsing error, some characters were replaced with � (U+FFFD): Invalid unicode codepoint (4000e4)
Unicode parsing error, some characters were replaced with � (U+FFFD): Invalid unicode codepoint (4000e5)
Unicode parsing error, some characters were replaced with � (U+FFFD): Invalid unicode codepoint (4000e5)
Unicode parsing error, some characters were replaced with � (U+FFFD): Invalid unicode codepoint (4000e6)
Unicode parsing error, some characters were replaced with � (U+FFFD): Invalid unicode codepoint (4000e6)
Unicode parsing error, some characters were replaced with � (U+FFFD): Invalid unicode codepoint (4000e7)
Unicode parsing error, some characters were replaced with � (U+FFFD): Invalid unicode codepoint (4000e7)
Unicode parsing error, some characters were replaced with � (U+FFFD): Invalid unicode codepoint (4000e8)
Unicode parsing error, some characters were replaced with � (U+FFFD): Invalid unicode codepoint (4000e8)
Unicode parsing error, some characters were replaced with � (U+FFFD): Invalid unicode codepoint (4000e9)
Unicode parsing error, some characters were replaced with � (U+FFFD): Invalid unicode codepoint (4000e9)
Unicode parsing error, some characters were replaced with � (U+FFFD): Invalid unicode codepoint (4000ea)
Unicode parsing error, some characters were replaced with � (U+FFFD): Invalid unicode codepoint (4000ea)
Unicode parsing error, some characters were replaced with � (U+FFFD): Invalid unicode codepoint (4000eb)
Unicode parsing error, some characters were replaced with � (U+FFFD): Invalid unicode codepoint (4000eb)
Unicode parsing error, some characters were replaced with � (U+FFFD): Invalid unicode codepoint (4000ec)
Unicode parsing error, some characters were replaced with � (U+FFFD): Invalid unicode codepoint (4000ec)
Unicode parsing error, some characters were replaced with � (U+FFFD): Invalid unicode codepoint (4000ed)
Unicode parsing error, some characters were replaced with � (U+FFFD): Invalid unicode codepoint (4000ed)
Unicode parsing error, some characters were replaced with � (U+FFFD): Invalid unicode codepoint (4000ee)
Unicode parsing error, some characters were replaced with � (U+FFFD): Invalid unicode codepoint (4000ee)
Unicode parsing error, some characters were replaced with � (U+FFFD): Invalid unicode codepoint (4000ef)
Unicode parsing error, some characters were replaced with � (U+FFFD): Invalid unicode codepoint (4000ef)
Unicode parsing error, some characters were replaced with � (U+FFFD): Invalid unicode codepoint (4000f0)
Unicode parsing error, some characters were replaced with � (U+FFFD): Invalid unicode codepoint (4000f0)
Unicode parsing error, some characters were replaced with � (U+FFFD): Invalid unicode codepoint (4000f1)
Unicode parsing error, some characters were replaced with � (U+FFFD): Invalid unicode codepoint (4000f1)
Unicode parsing error, some characters were replaced with � (U+FFFD): Invalid unicode codepoint (4000f2)
Unicode parsing error, some characters were replaced with � (U+FFFD): Invalid unicode codepoint (4000f2)
Unicode parsing error, some characters were replaced with � (U+FFFD): Invalid unicode codepoint (4000f3)
Unicode parsing error, some characters were replaced with � (U+FFFD): Invalid unicode codepoint (4000f3)
Unicode parsing error, some characters were replaced with � (U+FFFD): Invalid unicode codepoint (4000f4)
Unicode parsing error, some characters were replaced with � (U+FFFD): Invalid unicode codepoint (4000f4)
Unicode parsing error, some characters were replaced with � (U+FFFD): Invalid unicode codepoint (4000f5)
Unicode parsing error, some characters were replaced with � (U+FFFD): Invalid unicode codepoint (4000f5)
Unicode parsing error, some characters were replaced with � (U+FFFD): Invalid unicode codepoint (4000f6)
Unicode parsing error, some characters were replaced with � (U+FFFD): Invalid unicode codepoint (4000f6)
Unicode parsing error, some characters were replaced with � (U+FFFD): Invalid unicode codepoint (4000f7)
Unicode parsing error, some characters were replaced with � (U+FFFD): Invalid unicode codepoint (4000f7)
Unicode parsing error, some characters were replaced with � (U+FFFD): Invalid unicode codepoint (4000f8)
Unicode parsing error, some characters were replaced with � (U+FFFD): Invalid unicode codepoint (4000f8)
Unicode parsing error, some characters were replaced with � (U+FFFD): Invalid unicode codepoint (4000f9)
Unicode parsing error, some characters were replaced with � (U+FFFD): Invalid unicode codepoint (4000f9)
Unicode parsing error, some characters were replaced with � (U+FFFD): Invalid unicode codepoint (4000fa)
Unicode parsing error, some characters were replaced with � (U+FFFD): Invalid unicode codepoint (4000fa)
Unicode parsing error, some characters were replaced with � (U+FFFD): Invalid unicode codepoint (4000fb)
Unicode parsing error, some characters were replaced with � (U+FFFD): Invalid unicode codepoint (4000fb)
Unicode parsing error, some characters were replaced with � (U+FFFD): Invalid unicode codepoint (4000fc)
Unicode parsing error, some characters were replaced with � (U+FFFD): Invalid unicode codepoint (4000fc)
Unicode parsing error, some characters were replaced with � (U+FFFD): Invalid unicode codepoint (4000fd)
Unicode parsing error, some characters were replaced with � (U+FFFD): Invalid unicode codepoint (4000fd)
Unicode parsing error, some characters were replaced with � (U+FFFD): Invalid unicode codepoint (4000fe)
Unicode parsing error, some characters were replaced with � (U+FFFD): Invalid unicode codepoint (4000fe)
Unicode parsing error, some characters were replaced with � (U+FFFD): Invalid unicode codepoint (4000ff)
Unicode parsing error, some characters were replaced with � (U+FFFD): Invalid unicode codepoint (4000ff)
Unicode parsing error, some characters were replaced with � (U+FFFD): Invalid unicode codepoint (400100)
Unicode parsing error, some characters were replaced with � (U+FFFD): Invalid unicode codepoint (400100)
Unicode parsing error, some characters were replaced with � (U+FFFD): Invalid unicode codepoint (400101)
Unicode parsing error, some characters were replaced with � (U+FFFD): Invalid unicode codepoint (400101)
Unicode parsing error, some characters were replaced with � (U+FFFD): Invalid unicode codepoint (400102)
Unicode parsing error, some characters were replaced with � (U+FFFD): Invalid unicode codepoint (400102)
Unicode parsing error, some characters were replaced with � (U+FFFD): Invalid unicode codepoint (400103)
Unicode parsing error, some characters were replaced with � (U+FFFD): Invalid unicode codepoint (400103)
Unicode parsing error, some characters were replaced with � (U+FFFD): Invalid unicode codepoint (400104)
Unicode parsing error, some characters were replaced with � (U+FFFD): Invalid unicode codepoint (400104)
Unicode parsing error, some characters were replaced with � (U+FFFD): Invalid unicode codepoint (400105)
Unicode parsing error, some characters were replaced with � (U+FFFD): Invalid unicode codepoint (400105)
Unicode parsing error, some characters were replaced with � (U+FFFD): Invalid unicode codepoint (400106)
Unicode parsing error, some characters were replaced with � (U+FFFD): Invalid unicode codepoint (400106)
Unicode parsing error, some characters were replaced with � (U+FFFD): Invalid unicode codepoint (400107)
Unicode parsing error, some characters were replaced with � (U+FFFD): Invalid unicode codepoint (400107)
Unicode parsing error, some characters were replaced with � (U+FFFD): Invalid unicode codepoint (400108)
Unicode parsing error, some characters were replaced with � (U+FFFD): Invalid unicode codepoint (400108)
Unicode parsing error, some characters were replaced with � (U+FFFD): Invalid unicode codepoint (400109)
Unicode parsing error, some characters were replaced with � (U+FFFD): Invalid unicode codepoint (400109)
Unicode parsing error, some characters were replaced with � (U+FFFD): Invalid unicode codepoint (40010a)
Unicode parsing error, some characters were replaced with � (U+FFFD): Invalid unicode codepoint (40010a)
Unicode parsing error, some characters were replaced with � (U+FFFD): Invalid unicode codepoint (40010b)
Unicode parsing error, some characters were replaced with � (U+FFFD): Invalid unicode codepoint (40010b)
Unicode parsing error, some characters were replaced with � (U+FFFD): Invalid unicode codepoint (40010c)
Unicode parsing error, some characters were replaced with � (U+FFFD): Invalid unicode codepoint (40010c)
Unicode parsing error, some characters were replaced with � (U+FFFD): Invalid unicode codepoint (40010d)
Unicode parsing error, some characters were replaced with � (U+FFFD): Invalid unicode codepoint (40010d)
Unicode parsing error, some characters were replaced with � (U+FFFD): Invalid unicode codepoint (40010e)
Unicode parsing error, some characters were replaced with � (U+FFFD): Invalid unicode codepoint (40010e)
Unicode parsing error, some characters were replaced with � (U+FFFD): Invalid unicode codepoint (40010f)
Unicode parsing error, some characters were replaced with � (U+FFFD): Invalid unicode codepoint (40010f)
Unicode parsing error, some characters were replaced with � (U+FFFD): Invalid unicode codepoint (400110)
Unicode parsing error, some characters were replaced with � (U+FFFD): Invalid unicode codepoint (400110)
Unicode parsing error, some characters were replaced with � (U+FFFD): Invalid unicode codepoint (400111)
Unicode parsing error, some characters were replaced with � (U+FFFD): Invalid unicode codepoint (400111)
Unicode parsing error, some characters were replaced with � (U+FFFD): Invalid unicode codepoint (400112)
Unicode parsing error, some characters were replaced with � (U+FFFD): Invalid unicode codepoint (400112)
Unicode parsing error, some characters were replaced with � (U+FFFD): Invalid unicode codepoint (400113)
Unicode parsing error, some characters were replaced with � (U+FFFD): Invalid unicode codepoint (400113)
Unicode parsing error, some characters were replaced with � (U+FFFD): Invalid unicode codepoint (400114)
Unicode parsing error, some characters were replaced with � (U+FFFD): Invalid unicode codepoint (400114)
Unicode parsing error, some characters were replaced with � (U+FFFD): Invalid unicode codepoint (400115)
Unicode parsing error, some characters were replaced with � (U+FFFD): Invalid unicode codepoint (400115)
Unicode parsing error, some characters were replaced with � (U+FFFD): Invalid unicode codepoint (400116)
Unicode parsing error, some characters were replaced with � (U+FFFD): Invalid unicode codepoint (400116)
Unicode parsing error, some characters were replaced with � (U+FFFD): Invalid unicode codepoint (400117)
Unicode parsing error, some characters were replaced with � (U+FFFD): Invalid unicode codepoint (400117)
Unicode parsing error, some characters were replaced with � (U+FFFD): Invalid unicode codepoint (400118)
Unicode parsing error, some characters were replaced with � (U+FFFD): Invalid unicode codepoint (400118)
Unicode parsing error, some characters were replaced with � (U+FFFD): Invalid unicode codepoint (400119)
Unicode parsing error, some characters were replaced with � (U+FFFD): Invalid unicode codepoint (400119)
Unicode parsing error, some characters were replaced with � (U+FFFD): Invalid unicode codepoint (40011a)
Unicode parsing error, some characters were replaced with � (U+FFFD): Invalid unicode codepoint (40011a)
Unicode parsing error, some characters were replaced with � (U+FFFD): Invalid unicode codepoint (40011b)
Unicode parsing error, some characters were replaced with � (U+FFFD): Invalid unicode codepoint (40011b)
Unicode parsing error, some characters were replaced with � (U+FFFD): Invalid unicode codepoint (40011c)
Unicode parsing error, some characters were replaced with � (U+FFFD): Invalid unicode codepoint (40011c)
Unicode parsing error, some characters were replaced with � (U+FFFD): Invalid unicode codepoint (40011d)
Unicode parsing error, some characters were replaced with � (U+FFFD): Invalid unicode codepoint (40011d)
Unicode parsing error, some characters were replaced with � (U+FFFD): Invalid unicode codepoint (40011e)
Unicode parsing error, some characters were replaced with � (U+FFFD): Invalid unicode codepoint (40011e)
Unicode parsing error, some characters were replaced with � (U+FFFD): Invalid unicode codepoint (40011f)
Unicode parsing error, some characters were replaced with � (U+FFFD): Invalid unicode codepoint (40011f)
Unicode parsing error, some characters were replaced with � (U+FFFD): Invalid unicode codepoint (400120)
Unicode parsing error, some characters were replaced with � (U+FFFD): Invalid unicode codepoint (400120)
Unicode parsing error, some characters were replaced with � (U+FFFD): Invalid unicode codepoint (400121)
Unicode parsing error, some characters were replaced with � (U+FFFD): Invalid unicode codepoint (400121)
Unicode parsing error, some characters were replaced with � (U+FFFD): Invalid unicode codepoint (400122)
Unicode parsing error, some characters were replaced with � (U+FFFD): Invalid unicode codepoint (400122)
Unicode parsing error, some characters were replaced with � (U+FFFD): Invalid unicode codepoint (400123)
Unicode parsing error, some characters were replaced with � (U+FFFD): Invalid unicode codepoint (400123)
Unicode parsing error, some characters were replaced with � (U+FFFD): Invalid unicode codepoint (400124)
Unicode parsing error, some characters were replaced with � (U+FFFD): Invalid unicode codepoint (400124)
Unicode parsing error, some characters were replaced with � (U+FFFD): Invalid unicode codepoint (400125)
Unicode parsing error, some characters were replaced with � (U+FFFD): Invalid unicode codepoint (400125)
Unicode parsing error, some characters were replaced with � (U+FFFD): Invalid unicode codepoint (400126)
Unicode parsing error, some characters were replaced with � (U+FFFD): Invalid unicode codepoint (400126)
Unicode parsing error, some characters were replaced with � (U+FFFD): Invalid unicode codepoint (400127)
Unicode parsing error, some characters were replaced with � (U+FFFD): Invalid unicode codepoint (400127)
Unicode parsing error, some characters were replaced with � (U+FFFD): Invalid unicode codepoint (400128)
Unicode parsing error, some characters were replaced with � (U+FFFD): Invalid unicode codepoint (400128)
Unicode parsing error, some characters were replaced with � (U+FFFD): Invalid unicode codepoint (400129)
Unicode parsing error, some characters were replaced with � (U+FFFD): Invalid unicode codepoint (400129)
Unicode parsing error, some characters were replaced with � (U+FFFD): Invalid unicode codepoint (40012a)
Unicode parsing error, some characters were replaced with � (U+FFFD): Invalid unicode codepoint (40012a)
Unicode parsing error, some characters were replaced with � (U+FFFD): Invalid unicode codepoint (40012b)
Unicode parsing error, some characters were replaced with � (U+FFFD): Invalid unicode codepoint (40012b)
Unicode parsing error, some characters were replaced with � (U+FFFD): Invalid unicode codepoint (40012c)
Unicode parsing error, some characters were replaced with � (U+FFFD): Invalid unicode codepoint (40012c)
Unicode parsing error, some characters were replaced with � (U+FFFD): Invalid unicode codepoint (40012d)
Unicode parsing error, some characters were replaced with � (U+FFFD): Invalid unicode codepoint (40012d)
Unicode parsing error, some characters were replaced with � (U+FFFD): Invalid unicode codepoint (40012e)
Unicode parsing error, some characters were replaced with � (U+FFFD): Invalid unicode codepoint (40012e)
Unicode parsing error, some characters were replaced with � (U+FFFD): Invalid unicode codepoint (40012f)
Unicode parsing error, some characters were replaced with � (U+FFFD): Invalid unicode codepoint (40012f)
Unicode parsing error, some characters were replaced with � (U+FFFD): Invalid unicode codepoint (400130)
Unicode parsing error, some characters were replaced with � (U+FFFD): Invalid unicode codepoint (400130)
Unicode parsing error, some characters were replaced with � (U+FFFD): Invalid unicode codepoint (400131)
Unicode parsing error, some characters were replaced with � (U+FFFD): Invalid unicode codepoint (400131)
Unicode parsing error, some characters were replaced with � (U+FFFD): Invalid unicode codepoint (400132)
Unicode parsing error, some characters were replaced with � (U+FFFD): Invalid unicode codepoint (400132)
Unicode parsing error, some characters were replaced with � (U+FFFD): Invalid unicode codepoint (400133)
Unicode parsing error, some characters were replaced with � (U+FFFD): Invalid unicode codepoint (400133)
Unicode parsing error, some characters were replaced with � (U+FFFD): Invalid unicode codepoint (400134)
Unicode parsing error, some characters were replaced with � (U+FFFD): Invalid unicode codepoint (400134)
Unicode parsing error, some characters were replaced with � (U+FFFD): Invalid unicode codepoint (400135)
Unicode parsing error, some characters were replaced with � (U+FFFD): Invalid unicode codepoint (400135)
Unicode parsing error, some characters were replaced with � (U+FFFD): Invalid unicode codepoint (400136)
Unicode parsing error, some characters were replaced with � (U+FFFD): Invalid unicode codepoint (400136)
Unicode parsing error, some characters were replaced with � (U+FFFD): Invalid unicode codepoint (400137)
Unicode parsing error, some characters were replaced with � (U+FFFD): Invalid unicode codepoint (400137)
Unicode parsing error, some characters were replaced with � (U+FFFD): Invalid unicode codepoint (400138)
Unicode parsing error, some characters were replaced with � (U+FFFD): Invalid unicode codepoint (400138)
Unicode parsing error, some characters were replaced with � (U+FFFD): Invalid unicode codepoint (400139)
Unicode parsing error, some characters were replaced with � (U+FFFD): Invalid unicode codepoint (400139)
Unicode parsing error, some characters were replaced with � (U+FFFD): Invalid unicode codepoint (40013a)
Unicode parsing error, some characters were replaced with � (U+FFFD): Invalid unicode codepoint (40013a)
Unicode parsing error, some characters were replaced with � (U+FFFD): Invalid unicode codepoint (40013b)
Unicode parsing error, some characters were replaced with � (U+FFFD): Invalid unicode codepoint (40013b)
Unicode parsing error, some characters were replaced with � (U+FFFD): Invalid unicode codepoint (40013c)
Unicode parsing error, some characters were replaced with � (U+FFFD): Invalid unicode codepoint (40013c)
Unicode parsing error, some characters were replaced with � (U+FFFD): Invalid unicode codepoint (40013d)
Unicode parsing error, some characters were replaced with � (U+FFFD): Invalid unicode codepoint (40013d)
Unicode parsing error, some characters were replaced with � (U+FFFD): Invalid unicode codepoint (40013e)
Unicode parsing error, some characters were replaced with � (U+FFFD): Invalid unicode codepoint (40013e)
Unicode parsing error, some characters were replaced with � (U+FFFD): Invalid unicode codepoint (40013f)
Unicode parsing error, some characters were replaced with � (U+FFFD): Invalid unicode codepoint (40013f)
Unicode parsing error, some characters were replaced with � (U+FFFD): Invalid unicode codepoint (400140)
Unicode parsing error, some characters were replaced with � (U+FFFD): Invalid unicode codepoint (400140)
Unicode parsing error, some characters were replaced with � (U+FFFD): Invalid unicode codepoint (400141)
Unicode parsing error, some characters were replaced with � (U+FFFD): Invalid unicode codepoint (400141)
Unicode parsing error, some characters were replaced with � (U+FFFD): Invalid unicode codepoint (400142)
Unicode parsing error, some characters were replaced with � (U+FFFD): Invalid unicode codepoint (400142)
Unicode parsing error, some characters were replaced with � (U+FFFD): Invalid unicode codepoint (400143)
Unicode parsing error, some characters were replaced with � (U+FFFD): Invalid unicode codepoint (400143)
Unicode parsing error, some characters were replaced with � (U+FFFD): Invalid unicode codepoint (400144)
Unicode parsing error, some characters were replaced with � (U+FFFD): Invalid unicode codepoint (400144)
Unicode parsing error, some characters were replaced with � (U+FFFD): Invalid unicode codepoint (400145)
Unicode parsing error, some characters were replaced with � (U+FFFD): Invalid unicode codepoint (400145)
Unicode parsing error, some characters were replaced with � (U+FFFD): Invalid unicode codepoint (400146)
Unicode parsing error, some characters were replaced with � (U+FFFD): Invalid unicode codepoint (400146)
Unicode parsing error, some characters were replaced with � (U+FFFD): Invalid unicode codepoint (400147)
Unicode parsing error, some characters were replaced with � (U+FFFD): Invalid unicode codepoint (400147)
Unicode parsing error, some characters were replaced with � (U+FFFD): Invalid unicode codepoint (400148)
Unicode parsing error, some characters were replaced with � (U+FFFD): Invalid unicode codepoint (400148)
Unicode parsing error, some characters were replaced with � (U+FFFD): Invalid unicode codepoint (400149)
Unicode parsing error, some characters were replaced with � (U+FFFD): Invalid unicode codepoint (400149)
Unicode parsing error, some characters were replaced with � (U+FFFD): Invalid unicode codepoint (40014a)
Unicode parsing error, some characters were replaced with � (U+FFFD): Invalid unicode codepoint (40014a)
Unicode parsing error, some characters were replaced with � (U+FFFD): Invalid unicode codepoint (40014b)
Unicode parsing error, some characters were replaced with � (U+FFFD): Invalid unicode codepoint (40014b)
Unicode parsing error, some characters were replaced with � (U+FFFD): Invalid unicode codepoint (40014c)
Unicode parsing error, some characters were replaced with � (U+FFFD): Invalid unicode codepoint (40014c)
Unicode parsing error, some characters were replaced with � (U+FFFD): Invalid unicode codepoint (40014d)
Unicode parsing error, some characters were replaced with � (U+FFFD): Invalid unicode codepoint (40014d)
Unicode parsing error, some characters were replaced with � (U+FFFD): Invalid unicode codepoint (40014e)
Unicode parsing error, some characters were replaced with � (U+FFFD): Invalid unicode codepoint (40014e)
Unicode parsing error, some characters were replaced with � (U+FFFD): Invalid unicode codepoint (40014f)
Unicode parsing error, some characters were replaced with � (U+FFFD): Invalid unicode codepoint (40014f)
Unicode parsing error, some characters were replaced with � (U+FFFD): Invalid unicode codepoint (400150)
Unicode parsing error, some characters were replaced with � (U+FFFD): Invalid unicode codepoint (400150)
Unicode parsing error, some characters were replaced with � (U+FFFD): Invalid unicode codepoint (400151)
Unicode parsing error, some characters were replaced with � (U+FFFD): Invalid unicode codepoint (400151)
Unicode parsing error, some characters were replaced with � (U+FFFD): Invalid unicode codepoint (400152)
Unicode parsing error, some characters were replaced with � (U+FFFD): Invalid unicode codepoint (400152)
Unicode parsing error, some characters were replaced with � (U+FFFD): Invalid unicode codepoint (400153)
Unicode parsing error, some characters were replaced with � (U+FFFD): Invalid unicode codepoint (400153)
Unicode parsing error, some characters were replaced with � (U+FFFD): Invalid unicode codepoint (400154)
Unicode parsing error, some characters were replaced with � (U+FFFD): Invalid unicode codepoint (400154)
Unicode parsing error, some characters were replaced with � (U+FFFD): Invalid unicode codepoint (400155)
Unicode parsing error, some characters were replaced with � (U+FFFD): Invalid unicode codepoint (400155)
Unicode parsing error, some characters were replaced with � (U+FFFD): Invalid unicode codepoint (400156)
Unicode parsing error, some characters were replaced with � (U+FFFD): Invalid unicode codepoint (400156)
Unicode parsing error, some characters were replaced with � (U+FFFD): Invalid unicode codepoint (400157)
Unicode parsing error, some characters were replaced with � (U+FFFD): Invalid unicode codepoint (400157)
Unicode parsing error, some characters were replaced with � (U+FFFD): Invalid unicode codepoint (400158)
Unicode parsing error, some characters were replaced with � (U+FFFD): Invalid unicode codepoint (400158)
Unicode parsing error, some characters were replaced with � (U+FFFD): Invalid unicode codepoint (400159)
Unicode parsing error, some characters were replaced with � (U+FFFD): Invalid unicode codepoint (400159)
Unicode parsing error, some characters were replaced with � (U+FFFD): Invalid unicode codepoint (40015a)
Unicode parsing error, some characters were replaced with � (U+FFFD): Invalid unicode codepoint (40015a)
Unicode parsing error, some characters were replaced with � (U+FFFD): Invalid unicode codepoint (40015b)
Unicode parsing error, some characters were replaced with � (U+FFFD): Invalid unicode codepoint (40015b)
Unicode parsing error, some characters were replaced with � (U+FFFD): Invalid unicode codepoint (40015c)
Unicode parsing error, some characters were replaced with � (U+FFFD): Invalid unicode codepoint (40015c)
Unicode parsing error, some characters were replaced with � (U+FFFD): Invalid unicode codepoint (40015d)
Unicode parsing error, some characters were replaced with � (U+FFFD): Invalid unicode codepoint (40015d)
Unicode parsing error, some characters were replaced with � (U+FFFD): Invalid unicode codepoint (40015e)
Unicode parsing error, some characters were replaced with � (U+FFFD): Invalid unicode codepoint (40015e)
Unicode parsing error, some characters were replaced with � (U+FFFD): Invalid unicode codepoint (40015f)
Unicode parsing error, some characters were replaced with � (U+FFFD): Invalid unicode codepoint (40015f)
Unicode parsing error, some characters were replaced with � (U+FFFD): Invalid unicode codepoint (400160)
Unicode parsing error, some characters were replaced with � (U+FFFD): Invalid unicode codepoint (400160)
Unicode parsing error, some characters were replaced with � (U+FFFD): Invalid unicode codepoint (400161)
Unicode parsing error, some characters were replaced with � (U+FFFD): Invalid unicode codepoint (400161)
Unicode parsing error, some characters were replaced with � (U+FFFD): Invalid unicode codepoint (400162)
Unicode parsing error, some characters were replaced with � (U+FFFD): Invalid unicode codepoint (400162)
Unicode parsing error, some characters were replaced with � (U+FFFD): Invalid unicode codepoint (400163)
Unicode parsing error, some characters were replaced with � (U+FFFD): Invalid unicode codepoint (400163)
Unicode parsing error, some characters were replaced with � (U+FFFD): Invalid unicode codepoint (400164)
Unicode parsing error, some characters were replaced with � (U+FFFD): Invalid unicode codepoint (400164)
Unicode parsing error, some characters were replaced with � (U+FFFD): Invalid unicode codepoint (400165)
Unicode parsing error, some characters were replaced with � (U+FFFD): Invalid unicode codepoint (400165)
Unicode parsing error, some characters were replaced with � (U+FFFD): Invalid unicode codepoint (400166)
Unicode parsing error, some characters were replaced with � (U+FFFD): Invalid unicode codepoint (400166)
Unicode parsing error, some characters were replaced with � (U+FFFD): Invalid unicode codepoint (400167)
Unicode parsing error, some characters were replaced with � (U+FFFD): Invalid unicode codepoint (400167)
Unicode parsing error, some characters were replaced with � (U+FFFD): Invalid unicode codepoint (400168)
Unicode parsing error, some characters were replaced with � (U+FFFD): Invalid unicode codepoint (400168)
Unicode parsing error, some characters were replaced with � (U+FFFD): Invalid unicode codepoint (400169)
Unicode parsing error, some characters were replaced with � (U+FFFD): Invalid unicode codepoint (400169)
Unicode parsing error, some characters were replaced with � (U+FFFD): Invalid unicode codepoint (40016a)
Unicode parsing error, some characters were replaced with � (U+FFFD): Invalid unicode codepoint (40016a)
Unicode parsing error, some characters were replaced with � (U+FFFD): Invalid unicode codepoint (40016b)
Unicode parsing error, some characters were replaced with � (U+FFFD): Invalid unicode codepoint (40016b)
Unicode parsing error, some characters were replaced with � (U+FFFD): Invalid unicode codepoint (40016c)
Unicode parsing error, some characters were replaced with � (U+FFFD): Invalid unicode codepoint (40016c)
Unicode parsing error, some characters were replaced with � (U+FFFD): Invalid unicode codepoint (40016d)
Unicode parsing error, some characters were replaced with � (U+FFFD): Invalid unicode codepoint (40016d)
Unicode parsing error, some characters were replaced with � (U+FFFD): Invalid unicode codepoint (40016e)
Unicode parsing error, some characters were replaced with � (U+FFFD): Invalid unicode codepoint (40016e)
Unicode parsing error, some characters were replaced with � (U+FFFD): Invalid unicode codepoint (40016f)
Unicode parsing error, some characters were replaced with � (U+FFFD): Invalid unicode codepoint (40016f)
Unicode parsing error, some characters were replaced with � (U+FFFD): Invalid unicode codepoint (400170)
Unicode parsing error, some characters were replaced with � (U+FFFD): Invalid unicode codepoint (400170)
Unicode parsing error, some characters were replaced with � (U+FFFD): Invalid unicode codepoint (400171)
Unicode parsing error, some characters were replaced with � (U+FFFD): Invalid unicode codepoint (400171)
Unicode parsing error, some characters were replaced with � (U+FFFD): Invalid unicode codepoint (400172)
Unicode parsing error, some characters were replaced with � (U+FFFD): Invalid unicode codepoint (400172)
Unicode parsing error, some characters were replaced with � (U+FFFD): Invalid unicode codepoint (400173)
Unicode parsing error, some characters were replaced with � (U+FFFD): Invalid unicode codepoint (400173)
Unicode parsing error, some characters were replaced with � (U+FFFD): Invalid unicode codepoint (400174)
Unicode parsing error, some characters were replaced with � (U+FFFD): Invalid unicode codepoint (400174)
Unicode parsing error, some characters were replaced with � (U+FFFD): Invalid unicode codepoint (400175)
Unicode parsing error, some characters were replaced with � (U+FFFD): Invalid unicode codepoint (400175)
Unicode parsing error, some characters were replaced with � (U+FFFD): Invalid unicode codepoint (400176)
Unicode parsing error, some characters were replaced with � (U+FFFD): Invalid unicode codepoint (400176)
Unicode parsing error, some characters were replaced with � (U+FFFD): Invalid unicode codepoint (400177)
Unicode parsing error, some characters were replaced with � (U+FFFD): Invalid unicode codepoint (400177)
Unicode parsing error, some characters were replaced with � (U+FFFD): Invalid unicode codepoint (400178)
Unicode parsing error, some characters were replaced with � (U+FFFD): Invalid unicode codepoint (400178)
Unicode parsing error, some characters were replaced with � (U+FFFD): Invalid unicode codepoint (400179)
Unicode parsing error, some characters were replaced with � (U+FFFD): Invalid unicode codepoint (400179)
Unicode parsing error, some characters were replaced with � (U+FFFD): Invalid unicode codepoint (40017a)
Unicode parsing error, some characters were replaced with � (U+FFFD): Invalid unicode codepoint (40017a)
Unicode parsing error, some characters were replaced with � (U+FFFD): Invalid unicode codepoint (40017b)
Unicode parsing error, some characters were replaced with � (U+FFFD): Invalid unicode codepoint (40017b)
Unicode parsing error, some characters were replaced with � (U+FFFD): Invalid unicode codepoint (40017c)
Unicode parsing error, some characters were replaced with � (U+FFFD): Invalid unicode codepoint (40017c)
Unicode parsing error, some characters were replaced with � (U+FFFD): Invalid unicode codepoint (40017d)
Unicode parsing error, some characters were replaced with � (U+FFFD): Invalid unicode codepoint (40017d)
Unicode parsing error, some characters were replaced with � (U+FFFD): Invalid unicode codepoint (40017e)
Unicode parsing error, some characters were replaced with � (U+FFFD): Invalid unicode codepoint (40017e)
Unicode parsing error, some characters were replaced with � (U+FFFD): Invalid unicode codepoint (40017f)
Unicode parsing error, some characters were replaced with � (U+FFFD): Invalid unicode codepoint (40017f)
Unicode parsing error, some characters were replaced with � (U+FFFD): Invalid unicode codepoint (400180)
Unicode parsing error, some characters were replaced with � (U+FFFD): Invalid unicode codepoint (400180)
Unicode parsing error, some characters were replaced with � (U+FFFD): Invalid unicode codepoint (400181)
Unicode parsing error, some characters were replaced with � (U+FFFD): Invalid unicode codepoint (400181)
Unicode parsing error, some characters were replaced with � (U+FFFD): Invalid unicode codepoint (400182)
Unicode parsing error, some characters were replaced with � (U+FFFD): Invalid unicode codepoint (400182)
Unicode parsing error, some characters were replaced with � (U+FFFD): Invalid unicode codepoint (400183)
Unicode parsing error, some characters were replaced with � (U+FFFD): Invalid unicode codepoint (400183)
Unicode parsing error, some characters were replaced with � (U+FFFD): Invalid unicode codepoint (400184)
Unicode parsing error, some characters were replaced with � (U+FFFD): Invalid unicode codepoint (400184)
Unicode parsing error, some characters were replaced with � (U+FFFD): Invalid unicode codepoint (400185)
Unicode parsing error, some characters were replaced with � (U+FFFD): Invalid unicode codepoint (400185)
Unicode parsing error, some characters were replaced with � (U+FFFD): Invalid unicode codepoint (400186)
Unicode parsing error, some characters were replaced with � (U+FFFD): Invalid unicode codepoint (400186)
Unicode parsing error, some characters were replaced with � (U+FFFD): Invalid unicode codepoint (400187)
Unicode parsing error, some characters were replaced with � (U+FFFD): Invalid unicode codepoint (400187)
Unicode parsing error, some characters were replaced with � (U+FFFD): Invalid unicode codepoint (400188)
Unicode parsing error, some characters were replaced with � (U+FFFD): Invalid unicode codepoint (400188)
Unicode parsing error, some characters were replaced with � (U+FFFD): Invalid unicode codepoint (400189)
Unicode parsing error, some characters were replaced with � (U+FFFD): Invalid unicode codepoint (400189)
Unicode parsing error, some characters were replaced with � (U+FFFD): Invalid unicode codepoint (40018a)
Unicode parsing error, some characters were replaced with � (U+FFFD): Invalid unicode codepoint (40018a)
Unicode parsing error, some characters were replaced with � (U+FFFD): Invalid unicode codepoint (40018b)
Unicode parsing error, some characters were replaced with � (U+FFFD): Invalid unicode codepoint (40018b)
Unicode parsing error, some characters were replaced with � (U+FFFD): Invalid unicode codepoint (40018c)
Unicode parsing error, some characters were replaced with � (U+FFFD): Invalid unicode codepoint (40018c)
Unicode parsing error, some characters were replaced with � (U+FFFD): Invalid unicode codepoint (40018d)
Unicode parsing error, some characters were replaced with � (U+FFFD): Invalid unicode codepoint (40018d)
Unicode parsing error, some characters were replaced with � (U+FFFD): Invalid unicode codepoint (40018e)
Unicode parsing error, some characters were replaced with � (U+FFFD): Invalid unicode codepoint (40018e)
Unicode parsing error, some characters were replaced with � (U+FFFD): Invalid unicode codepoint (40018f)
Unicode parsing error, some characters were replaced with � (U+FFFD): Invalid unicode codepoint (40018f)
Unicode parsing error, some characters were replaced with � (U+FFFD): Invalid unicode codepoint (400190)
Unicode parsing error, some characters were replaced with � (U+FFFD): Invalid unicode codepoint (400190)
Unicode parsing error, some characters were replaced with � (U+FFFD): Invalid unicode codepoint (400191)
Unicode parsing error, some characters were replaced with � (U+FFFD): Invalid unicode codepoint (400191)
Unicode parsing error, some characters were replaced with � (U+FFFD): Invalid unicode codepoint (400192)
Unicode parsing error, some characters were replaced with � (U+FFFD): Invalid unicode codepoint (400192)
Unicode parsing error, some characters were replaced with � (U+FFFD): Invalid unicode codepoint (400193)
Unicode parsing error, some characters were replaced with � (U+FFFD): Invalid unicode codepoint (400193)
Unicode parsing error, some characters were replaced with � (U+FFFD): Invalid unicode codepoint (400194)
Unicode parsing error, some characters were replaced with � (U+FFFD): Invalid unicode codepoint (400194)
Unicode parsing error, some characters were replaced with � (U+FFFD): Invalid unicode codepoint (400195)
Unicode parsing error, some characters were replaced with � (U+FFFD): Invalid unicode codepoint (400195)
Unicode parsing error, some characters were replaced with � (U+FFFD): Invalid unicode codepoint (400196)
Unicode parsing error, some characters were replaced with � (U+FFFD): Invalid unicode codepoint (400196)
Unicode parsing error, some characters were replaced with � (U+FFFD): Invalid unicode codepoint (400197)
Unicode parsing error, some characters were replaced with � (U+FFFD): Invalid unicode codepoint (400197)
Unicode parsing error, some characters were replaced with � (U+FFFD): Invalid unicode codepoint (400198)
Unicode parsing error, some characters were replaced with � (U+FFFD): Invalid unicode codepoint (400198)
Unicode parsing error, some characters were replaced with � (U+FFFD): Invalid unicode codepoint (400199)
Unicode parsing error, some characters were replaced with � (U+FFFD): Invalid unicode codepoint (400199)
Unicode parsing error, some characters were replaced with � (U+FFFD): Invalid unicode codepoint (40019a)
Unicode parsing error, some characters were replaced with � (U+FFFD): Invalid unicode codepoint (40019a)
Unicode parsing error, some characters were replaced with � (U+FFFD): Invalid unicode codepoint (40019b)
Unicode parsing error, some characters were replaced with � (U+FFFD): Invalid unicode codepoint (40019b)
Unicode parsing error, some characters were replaced with � (U+FFFD): Invalid unicode codepoint (40019c)
Unicode parsing error, some characters were replaced with � (U+FFFD): Invalid unicode codepoint (40019c)
Unicode parsing error, some characters were replaced with � (U+FFFD): Invalid unicode codepoint (40019d)
Unicode parsing error, some characters were replaced with � (U+FFFD): Invalid unicode codepoint (40019d)
Unicode parsing error, some characters were replaced with � (U+FFFD): Invalid unicode codepoint (40019e)
Unicode parsing error, some characters were replaced with � (U+FFFD): Invalid unicode codepoint (40019e)
Unicode parsing error, some characters were replaced with � (U+FFFD): Invalid unicode codepoint (40019f)
Unicode parsing error, some characters were replaced with � (U+FFFD): Invalid unicode codepoint (40019f)
Unicode parsing error, some characters were replaced with � (U+FFFD): Invalid unicode codepoint (4001a0)
Unicode parsing error, some characters were replaced with � (U+FFFD): Invalid unicode codepoint (4001a0)
Unicode parsing error, some characters were replaced with � (U+FFFD): Invalid unicode codepoint (4001a1)
Unicode parsing error, some characters were replaced with � (U+FFFD): Invalid unicode codepoint (4001a1)
Unicode parsing error, some characters were replaced with � (U+FFFD): Invalid unicode codepoint (4001a2)
Unicode parsing error, some characters were replaced with � (U+FFFD): Invalid unicode codepoint (4001a2)
Unicode parsing error, some characters were replaced with � (U+FFFD): Invalid unicode codepoint (4001a3)
Unicode parsing error, some characters were replaced with � (U+FFFD): Invalid unicode codepoint (4001a3)
Unicode parsing error, some characters were replaced with � (U+FFFD): Invalid unicode codepoint (4001a4)
Unicode parsing error, some characters were replaced with � (U+FFFD): Invalid unicode codepoint (4001a4)
Unicode parsing error, some characters were replaced with � (U+FFFD): Invalid unicode codepoint (4001a5)
Unicode parsing error, some characters were replaced with � (U+FFFD): Invalid unicode codepoint (4001a5)
Unicode parsing error, some characters were replaced with � (U+FFFD): Invalid unicode codepoint (4001a6)
Unicode parsing error, some characters were replaced with � (U+FFFD): Invalid unicode codepoint (4001a6)
Unicode parsing error, some characters were replaced with � (U+FFFD): Invalid unicode codepoint (4001a7)
Unicode parsing error, some characters were replaced with � (U+FFFD): Invalid unicode codepoint (4001a7)
Unicode parsing error, some characters were replaced with � (U+FFFD): Invalid unicode codepoint (4001a8)
Unicode parsing error, some characters were replaced with � (U+FFFD): Invalid unicode codepoint (4001a8)
Unicode parsing error, some characters were replaced with � (U+FFFD): Invalid unicode codepoint (4001a9)
Unicode parsing error, some characters were replaced with � (U+FFFD): Invalid unicode codepoint (4001a9)
Unicode parsing error, some characters were replaced with � (U+FFFD): Invalid unicode codepoint (4001aa)
Unicode parsing error, some characters were replaced with � (U+FFFD): Invalid unicode codepoint (4001aa)
Unicode parsing error, some characters were replaced with � (U+FFFD): Invalid unicode codepoint (4001ab)
Unicode parsing error, some characters were replaced with � (U+FFFD): Invalid unicode codepoint (4001ab)
Unicode parsing error, some characters were replaced with � (U+FFFD): Invalid unicode codepoint (4001ac)
Unicode parsing error, some characters were replaced with � (U+FFFD): Invalid unicode codepoint (4001ac)
Unicode parsing error, some characters were replaced with � (U+FFFD): Invalid unicode codepoint (4001ad)
Unicode parsing error, some characters were replaced with � (U+FFFD): Invalid unicode codepoint (4001ad)
Unicode parsing error, some characters were replaced with � (U+FFFD): Invalid unicode codepoint (4001ae)
Unicode parsing error, some characters were replaced with � (U+FFFD): Invalid unicode codepoint (4001ae)
Unicode parsing error, some characters were replaced with � (U+FFFD): Invalid unicode codepoint (4001af)
Unicode parsing error, some characters were replaced with � (U+FFFD): Invalid unicode codepoint (4001af)
Unicode parsing error, some characters were replaced with � (U+FFFD): Invalid unicode codepoint (4001b0)
Unicode parsing error, some characters were replaced with � (U+FFFD): Invalid unicode codepoint (4001b0)
Unicode parsing error, some characters were replaced with � (U+FFFD): Invalid unicode codepoint (4001b1)
Unicode parsing error, some characters were replaced with � (U+FFFD): Invalid unicode codepoint (4001b1)
Unicode parsing error, some characters were replaced with � (U+FFFD): Invalid unicode codepoint (4001b2)
Unicode parsing error, some characters were replaced with � (U+FFFD): Invalid unicode codepoint (4001b2)
Unicode parsing error, some characters were replaced with � (U+FFFD): Invalid unicode codepoint (4001b3)
Unicode parsing error, some characters were replaced with � (U+FFFD): Invalid unicode codepoint (4001b3)
Unicode parsing error, some characters were replaced with � (U+FFFD): Invalid unicode codepoint (4001b4)
Unicode parsing error, some characters were replaced with � (U+FFFD): Invalid unicode codepoint (4001b4)
Unicode parsing error, some characters were replaced with � (U+FFFD): Invalid unicode codepoint (4001b5)
Unicode parsing error, some characters were replaced with � (U+FFFD): Invalid unicode codepoint (4001b5)
Unicode parsing error, some characters were replaced with � (U+FFFD): Invalid unicode codepoint (4001b6)
Unicode parsing error, some characters were replaced with � (U+FFFD): Invalid unicode codepoint (4001b6)
Unicode parsing error, some characters were replaced with � (U+FFFD): Invalid unicode codepoint (4001b7)
Unicode parsing error, some characters were replaced with � (U+FFFD): Invalid unicode codepoint (4001b7)
Unicode parsing error, some characters were replaced with � (U+FFFD): Invalid unicode codepoint (4001b8)
Unicode parsing error, some characters were replaced with � (U+FFFD): Invalid unicode codepoint (4001b8)
Unicode parsing error, some characters were replaced with � (U+FFFD): Invalid unicode codepoint (4001b9)
Unicode parsing error, some characters were replaced with � (U+FFFD): Invalid unicode codepoint (4001b9)
Unicode parsing error, some characters were replaced with � (U+FFFD): Invalid unicode codepoint (4001ba)
Unicode parsing error, some characters were replaced with � (U+FFFD): Invalid unicode codepoint (4001ba)
Unicode parsing error, some characters were replaced with � (U+FFFD): Invalid unicode codepoint (4001bb)
Unicode parsing error, some characters were replaced with � (U+FFFD): Invalid unicode codepoint (4001bb)
Unicode parsing error, some characters were replaced with � (U+FFFD): Invalid unicode codepoint (4001bc)
Unicode parsing error, some characters were replaced with � (U+FFFD): Invalid unicode codepoint (4001bc)
Unicode parsing error, some characters were replaced with � (U+FFFD): Invalid unicode codepoint (4001bd)
Unicode parsing error, some characters were replaced with � (U+FFFD): Invalid unicode codepoint (4001bd)
Unicode parsing error, some characters were replaced with � (U+FFFD): Invalid unicode codepoint (4001be)
Unicode parsing error, some characters were replaced with � (U+FFFD): Invalid unicode codepoint (4001be)
Unicode parsing error, some characters were replaced with � (U+FFFD): Invalid unicode codepoint (4001bf)
Unicode parsing error, some characters were replaced with � (U+FFFD): Invalid unicode codepoint (4001bf)
Unicode parsing error, some characters were replaced with � (U+FFFD): Invalid unicode codepoint (4001c0)
Unicode parsing error, some characters were replaced with � (U+FFFD): Invalid unicode codepoint (4001c0)
Unicode parsing error, some characters were replaced with � (U+FFFD): Invalid unicode codepoint (4001c1)
Unicode parsing error, some characters were replaced with � (U+FFFD): Invalid unicode codepoint (4001c1)
Unicode parsing error, some characters were replaced with � (U+FFFD): Invalid unicode codepoint (4001c2)
Unicode parsing error, some characters were replaced with � (U+FFFD): Invalid unicode codepoint (4001c2)
Unicode parsing error, some characters were replaced with � (U+FFFD): Invalid unicode codepoint (4001c3)
Unicode parsing error, some characters were replaced with � (U+FFFD): Invalid unicode codepoint (4001c3)
Unicode parsing error, some characters were replaced with � (U+FFFD): Invalid unicode codepoint (4001c4)
Unicode parsing error, some characters were replaced with � (U+FFFD): Invalid unicode codepoint (4001c4)
Unicode parsing error, some characters were replaced with � (U+FFFD): Invalid unicode codepoint (4001c5)
Unicode parsing error, some characters were replaced with � (U+FFFD): Invalid unicode codepoint (4001c5)
Unicode parsing error, some characters were replaced with � (U+FFFD): Invalid unicode codepoint (4001c6)
Unicode parsing error, some characters were replaced with � (U+FFFD): Invalid unicode codepoint (4001c6)
Unicode parsing error, some characters were replaced with � (U+FFFD): Invalid unicode codepoint (4001c7)
Unicode parsing error, some characters were replaced with � (U+FFFD): Invalid unicode codepoint (4001c7)
Unicode parsing error, some characters were replaced with � (U+FFFD): Invalid unicode codepoint (4001c8)
Unicode parsing error, some characters were replaced with � (U+FFFD): Invalid unicode codepoint (4001c8)
Unicode parsing error, some characters were replaced with � (U+FFFD): Invalid unicode codepoint (4001c9)
Unicode parsing error, some characters were replaced with � (U+FFFD): Invalid unicode codepoint (4001c9)
Unicode parsing error, some characters were replaced with � (U+FFFD): Invalid unicode codepoint (4001ca)
Unicode parsing error, some characters were replaced with � (U+FFFD): Invalid unicode codepoint (4001ca)
Unicode parsing error, some characters were replaced with � (U+FFFD): Invalid unicode codepoint (4001cb)
Unicode parsing error, some characters were replaced with � (U+FFFD): Invalid unicode codepoint (4001cb)
Unicode parsing error, some characters were replaced with � (U+FFFD): Invalid unicode codepoint (4001cc)
Unicode parsing error, some characters were replaced with � (U+FFFD): Invalid unicode codepoint (4001cc)
Unicode parsing error, some characters were replaced with � (U+FFFD): Invalid unicode codepoint (4001cd)
Unicode parsing error, some characters were replaced with � (U+FFFD): Invalid unicode codepoint (4001cd)
Unicode parsing error, some characters were replaced with � (U+FFFD): Invalid unicode codepoint (4001ce)
Unicode parsing error, some characters were replaced with � (U+FFFD): Invalid unicode codepoint (4001ce)
Unicode parsing error, some characters were replaced with � (U+FFFD): Invalid unicode codepoint (4001cf)
Unicode parsing error, some characters were replaced with � (U+FFFD): Invalid unicode codepoint (4001cf)
Unicode parsing error, some characters were replaced with � (U+FFFD): Invalid unicode codepoint (4001d0)
Unicode parsing error, some characters were replaced with � (U+FFFD): Invalid unicode codepoint (4001d0)
Unicode parsing error, some characters were replaced with � (U+FFFD): Invalid unicode codepoint (4001d1)
Unicode parsing error, some characters were replaced with � (U+FFFD): Invalid unicode codepoint (4001d1)
Unicode parsing error, some characters were replaced with � (U+FFFD): Invalid unicode codepoint (4001d2)
Unicode parsing error, some characters were replaced with � (U+FFFD): Invalid unicode codepoint (4001d2)
Unicode parsing error, some characters were replaced with � (U+FFFD): Invalid unicode codepoint (4001d3)
Unicode parsing error, some characters were replaced with � (U+FFFD): Invalid unicode codepoint (4001d3)
Unicode parsing error, some characters were replaced with � (U+FFFD): Invalid unicode codepoint (4001d4)
Unicode parsing error, some characters were replaced with � (U+FFFD): Invalid unicode codepoint (4001d4)
Unicode parsing error, some characters were replaced with � (U+FFFD): Invalid unicode codepoint (4001d5)
Unicode parsing error, some characters were replaced with � (U+FFFD): Invalid unicode codepoint (4001d5)
Unicode parsing error, some characters were replaced with � (U+FFFD): Invalid unicode codepoint (4001d6)
Unicode parsing error, some characters were replaced with � (U+FFFD): Invalid unicode codepoint (4001d6)
Unicode parsing error, some characters were replaced with � (U+FFFD): Invalid unicode codepoint (4001d7)
Unicode parsing error, some characters were replaced with � (U+FFFD): Invalid unicode codepoint (4001d7)
Unicode parsing error, some characters were replaced with � (U+FFFD): Invalid unicode codepoint (4001d8)
Unicode parsing error, some characters were replaced with � (U+FFFD): Invalid unicode codepoint (4001d8)
Unicode parsing error, some characters were replaced with � (U+FFFD): Invalid unicode codepoint (4001d9)
Unicode parsing error, some characters were replaced with � (U+FFFD): Invalid unicode codepoint (4001d9)
Unicode parsing error, some characters were replaced with � (U+FFFD): Invalid unicode codepoint (4001da)
Unicode parsing error, some characters were replaced with � (U+FFFD): Invalid unicode codepoint (4001da)
Unicode parsing error, some characters were replaced with � (U+FFFD): Invalid unicode codepoint (4001db)
Unicode parsing error, some characters were replaced with � (U+FFFD): Invalid unicode codepoint (4001db)
Unicode parsing error, some characters were replaced with � (U+FFFD): Invalid unicode codepoint (4001dc)
Unicode parsing error, some characters were replaced with � (U+FFFD): Invalid unicode codepoint (4001dc)
Unicode parsing error, some characters were replaced with � (U+FFFD): Invalid unicode codepoint (4001dd)
Unicode parsing error, some characters were replaced with � (U+FFFD): Invalid unicode codepoint (4001dd)
Unicode parsing error, some characters were replaced with � (U+FFFD): Invalid unicode codepoint (4001de)
Unicode parsing error, some characters were replaced with � (U+FFFD): Invalid unicode codepoint (4001de)
Unicode parsing error, some characters were replaced with � (U+FFFD): Invalid unicode codepoint (4001df)
Unicode parsing error, some characters were replaced with � (U+FFFD): Invalid unicode codepoint (4001df)
Unicode parsing error, some characters were replaced with � (U+FFFD): Invalid unicode codepoint (4001e0)
Unicode parsing error, some characters were replaced with � (U+FFFD): Invalid unicode codepoint (4001e0)
Unicode parsing error, some characters were replaced with � (U+FFFD): Invalid unicode codepoint (4001e1)
Unicode parsing error, some characters were replaced with � (U+FFFD): Invalid unicode codepoint (4001e1)
Unicode parsing error, some characters were replaced with � (U+FFFD): Invalid unicode codepoint (4001e2)
Unicode parsing error, some characters were replaced with � (U+FFFD): Invalid unicode codepoint (4001e2)
Unicode parsing error, some characters were replaced with � (U+FFFD): Invalid unicode codepoint (4001e3)
Unicode parsing error, some characters were replaced with � (U+FFFD): Invalid unicode codepoint (4001e3)
Unicode parsing error, some characters were replaced with � (U+FFFD): Invalid unicode codepoint (4001e4)
Unicode parsing error, some characters were replaced with � (U+FFFD): Invalid unicode codepoint (4001e4)
Unicode parsing error, some characters were replaced with � (U+FFFD): Invalid unicode codepoint (4001e5)
Unicode parsing error, some characters were replaced with � (U+FFFD): Invalid unicode codepoint (4001e5)
Unicode parsing error, some characters were replaced with � (U+FFFD): Invalid unicode codepoint (4001e6)
Unicode parsing error, some characters were replaced with � (U+FFFD): Invalid unicode codepoint (4001e6)
Unicode parsing error, some characters were replaced with � (U+FFFD): Invalid unicode codepoint (4001e7)
Unicode parsing error, some characters were replaced with � (U+FFFD): Invalid unicode codepoint (4001e7)
Unicode parsing error, some characters were replaced with � (U+FFFD): Invalid unicode codepoint (4001e8)
Unicode parsing error, some characters were replaced with � (U+FFFD): Invalid unicode codepoint (4001e8)
Unicode parsing error, some characters were replaced with � (U+FFFD): Invalid unicode codepoint (4001e9)
Unicode parsing error, some characters were replaced with � (U+FFFD): Invalid unicode codepoint (4001e9)
Unicode parsing error, some characters were replaced with � (U+FFFD): Invalid unicode codepoint (4001ea)
Unicode parsing error, some characters were replaced with � (U+FFFD): Invalid unicode codepoint (4001ea)
Unicode parsing error, some characters were replaced with � (U+FFFD): Invalid unicode codepoint (4001eb)
Unicode parsing error, some characters were replaced with � (U+FFFD): Invalid unicode codepoint (4001eb)
Unicode parsing error, some characters were replaced with � (U+FFFD): Invalid unicode codepoint (4001ec)
Unicode parsing error, some characters were replaced with � (U+FFFD): Invalid unicode codepoint (4001ec)
Unicode parsing error, some characters were replaced with � (U+FFFD): Invalid unicode codepoint (4001ed)
Unicode parsing error, some characters were replaced with � (U+FFFD): Invalid unicode codepoint (4001ed)
Unicode parsing error, some characters were replaced with � (U+FFFD): Invalid unicode codepoint (4001ee)
Unicode parsing error, some characters were replaced with � (U+FFFD): Invalid unicode codepoint (4001ee)
Unicode parsing error, some characters were replaced with � (U+FFFD): Invalid unicode codepoint (4001ef)
Unicode parsing error, some characters were replaced with � (U+FFFD): Invalid unicode codepoint (4001ef)
Unicode parsing error, some characters were replaced with � (U+FFFD): Invalid unicode codepoint (4001f0)
Unicode parsing error, some characters were replaced with � (U+FFFD): Invalid unicode codepoint (4001f0)
Unicode parsing error, some characters were replaced with � (U+FFFD): Invalid unicode codepoint (4001f1)
Unicode parsing error, some characters were replaced with � (U+FFFD): Invalid unicode codepoint (4001f1)
Unicode parsing error, some characters were replaced with � (U+FFFD): Invalid unicode codepoint (4001f2)
Unicode parsing error, some characters were replaced with � (U+FFFD): Invalid unicode codepoint (4001f2)
Unicode parsing error, some characters were replaced with � (U+FFFD): Invalid unicode codepoint (4001f3)
Unicode parsing error, some characters were replaced with � (U+FFFD): Invalid unicode codepoint (4001f3)
Unicode parsing error, some characters were replaced with � (U+FFFD): Invalid unicode codepoint (4001f4)
Unicode parsing error, some characters were replaced with � (U+FFFD): Invalid unicode codepoint (4001f4)
Unicode parsing error, some characters were replaced with � (U+FFFD): Invalid unicode codepoint (4001f5)
Unicode parsing error, some characters were replaced with � (U+FFFD): Invalid unicode codepoint (4001f5)
Unicode parsing error, some characters were replaced with � (U+FFFD): Invalid unicode codepoint (4001f6)
Unicode parsing error, some characters were replaced with � (U+FFFD): Invalid unicode codepoint (4001f6)
Unicode parsing error, some characters were replaced with � (U+FFFD): Invalid unicode codepoint (4001f7)
Unicode parsing error, some characters were replaced with � (U+FFFD): Invalid unicode codepoint (4001f7)
Unicode parsing error, some characters were replaced with � (U+FFFD): Invalid unicode codepoint (4001f8)
Unicode parsing error, some characters were replaced with � (U+FFFD): Invalid unicode codepoint (4001f8)
Unicode parsing error, some characters were replaced with � (U+FFFD): Invalid unicode codepoint (4001f9)
Unicode parsing error, some characters were replaced with � (U+FFFD): Invalid unicode codepoint (4001f9)
Unicode parsing error, some characters were replaced with � (U+FFFD): Invalid unicode codepoint (4001fa)
Unicode parsing error, some characters were replaced with � (U+FFFD): Invalid unicode codepoint (4001fa)
Unicode parsing error, some characters were replaced with � (U+FFFD): Invalid unicode codepoint (4001fb)
Unicode parsing error, some characters were replaced with � (U+FFFD): Invalid unicode codepoint (4001fb)
Unicode parsing error, some characters were replaced with � (U+FFFD): Invalid unicode codepoint (4001fc)
Unicode parsing error, some characters were replaced with � (U+FFFD): Invalid unicode codepoint (4001fc)
Unicode parsing error, some characters were replaced with � (U+FFFD): Invalid unicode codepoint (4001fd)
Unicode parsing error, some characters were replaced with � (U+FFFD): Invalid unicode codepoint (4001fd)
Unicode parsing error, some characters were replaced with � (U+FFFD): Invalid unicode codepoint (4001fe)
Unicode parsing error, some characters were replaced with � (U+FFFD): Invalid unicode codepoint (4001fe)
Unicode parsing error, some characters were replaced with � (U+FFFD): Invalid unicode codepoint (4001ff)
Unicode parsing error, some characters were replaced with � (U+FFFD): Invalid unicode codepoint (4001ff)

============================================================
  plant-tower-defense Unit Tests  (godot-selftest-harness 0.38.0)
============================================================

  [PASS] test_route_covers_every_path_cell_plus_an_entry_and_an_exit (0ms)
  [PASS] test_the_road_is_continuous_and_never_jumps_a_cell (1ms)
  [PASS] test_plants_may_not_stand_on_the_road (0ms)
  [PASS] test_every_grass_cell_has_a_tile_the_kit_actually_ships (0ms)
  [PASS] test_cell_and_world_round_trip (0ms)
  [PASS] test_lane_pressure_paints_a_hatch_and_not_a_fill (0ms)
  [PASS] test_the_lane_hatch_runs_at_one_angle_and_stays_inside_its_own_cell (0ms)
  [PASS] test_the_lane_hatch_lines_up_across_neighbouring_road_cells (0ms)
  [PASS] test_a_bleeding_plant_and_a_regrowing_one_differ_in_more_than_their_colour (0ms)
  [PASS] test_the_health_bar_dividers_stay_inside_the_bar_and_never_merge (0ms)
  [PASS] test_a_live_plants_bar_actually_wears_the_shape_it_is_told_to (1ms)
  [PASS] test_a_damaged_plants_health_bar_does_not_eat_the_click_on_its_cell (178ms)
  [PASS] test_a_pests_health_bar_does_not_eat_the_click_on_the_husk_under_it (172ms)
  [PASS] test_every_world_space_control_in_a_live_game_is_click_transparent (165ms)
  [PASS] test_free_ui_empties_a_group_without_waiting_for_a_frame (1ms)
  [PASS] test_hosting_a_loaded_cob_puts_kernels_in_the_group_before_the_test_acts (15ms)
  [PASS] test_a_host_that_is_never_freed_keeps_its_nodes_in_the_group (27ms)
  [PASS] test_a_hosted_mover_is_never_settled_so_its_position_cannot_be_read_straight_off (55ms)
  [PASS] test_a_hosted_controls_size_settles_and_then_stops_changing (145ms)
  [PASS] test_a_cell_position_for_to_local_is_global_and_board_local_is_not (9ms)
  [PASS] test_select_plant_actually_selects_the_plant_at_that_cell (208ms)
  [PASS] test_select_plant_refuses_an_empty_cell_rather_than_selecting_nothing (197ms)
  [PASS] test_select_plant_refuses_a_call_with_no_cell (165ms)
  [PASS] test_the_bus_can_arm_an_uproot_and_then_cancel_it (204ms)
  [PASS] test_the_road_corpus_actually_spans_the_axes_it_claims_to (215ms)
  [PASS] test_every_road_in_the_corpus_walks_the_length_its_corners_imply (77ms)
  [PASS] test_dead_ground_is_exactly_the_cells_no_road_cell_reaches (103ms)
  [PASS] test_a_sundews_best_patch_is_worth_laying_on_every_road_and_not_the_same_size (83ms)
  [PASS] test_reaches_over_road_matches_what_each_plants_reach_actually_measures (0ms)
  [PASS] test_no_road_in_the_corpus_leaves_a_reaching_plant_with_nothing_to_do (79ms)
  [PASS] test_set_road_refuses_the_roads_that_cannot_be_walked (0ms)
  [PASS] test_a_board_in_the_tree_will_not_change_its_road (12ms)
  [PASS] test_the_pest_ceiling_stays_a_playable_density_on_every_road_in_the_corpus (0ms)
  [PASS] test_a_chomp_holds_a_beetle_far_longer_than_an_aphid (0ms)
  [PASS] test_a_chomp_can_reach_the_lane_it_is_planted_beside (2ms)
  [PASS] test_a_chewing_chomp_holds_the_pest_still (13ms)
  [PASS] test_a_busy_chomp_ignores_everything_else_in_reach (13ms)
  [PASS] test_a_chomp_swallows_its_meal_and_frees_up (14ms)
  [PASS] test_a_pest_shot_out_of_the_mouth_does_not_wedge_the_flower_shut (14ms)
  [PASS] test_the_corn_ladder_gets_strictly_wider_each_level (0ms)
  [PASS] test_upgrading_stops_at_the_top_and_costs_nothing_there (0ms)
  [PASS] test_a_headless_upgrade_does_not_queue_a_flourish_tween (14ms)
  [PASS] test_a_shot_puts_the_declared_number_of_kernels_on_the_board (14ms)
  [PASS] test_kernels_launch_from_the_cob_on_an_offset_layer (12ms)
  [PASS] test_corn_shoots_the_pest_closest_to_escaping (13ms)
  [PASS] test_corn_readiness_fades_out_on_fire_and_recovers_over_the_reload (13ms)
  [PASS] test_every_wave_in_the_table_sends_someone (1ms)
  [PASS] test_the_waves_get_harder (0ms)
  [PASS] test_a_started_wave_schedules_exactly_the_pests_the_table_promises (12ms)
  [PASS] test_a_plain_pest_wears_no_mutation_marker (1ms)
  [PASS] test_each_mutation_wears_a_mark_no_other_mutation_wears (0ms)
  [PASS] test_a_pest_carrying_two_mutations_wears_both_marks (1ms)
  [PASS] test_the_winged_pest_a_chomp_cannot_grab_says_so_with_a_shape (10ms)
  [PASS] test_a_chomp_is_only_puzzling_when_everything_in_reach_flies (0ms)
  [PASS] test_a_chomp_walked_over_by_a_flier_says_so_exactly_once (13ms)
  [PASS] test_a_hungry_pest_wears_jaws_because_a_bed_dies_in_seconds (2ms)
  [PASS] test_every_mutation_the_game_can_roll_has_a_non_colour_cue (4ms)
  [PASS] test_every_sound_the_game_can_play_actually_loads (13ms)
  [PASS] test_every_event_id_the_call_sites_use_is_in_the_table (0ms)
  [PASS] test_the_bed_is_not_a_cue_and_still_loads (1ms)
  [PASS] test_the_bed_loops_rather_than_restarting_with_a_seam (0ms)
  [PASS] test_should_loop_ambience_answers_the_whole_truth_table (0ms)
  [PASS] test_a_mute_silences_the_bed_without_the_board_changing_its_mind (0ms)
  [PASS] test_the_bed_counts_walkers_not_corpses (205ms)
  [PASS] test_playing_an_unknown_event_is_a_silent_no_op (5ms)
  [PASS] test_muting_suppresses_every_event_in_the_table (1ms)
  [PASS] test_the_mute_toggle_is_a_real_switch_and_leaves_no_sound_running (0ms)
  [PASS] test_a_husk_left_to_rot_says_so_instead_of_vanishing (0ms)
  [PASS] test_a_swept_husk_never_reports_itself_as_rotted (0ms)
  [PASS] test_a_grown_payout_shares_the_swept_ones_coins_but_not_its_level (0ms)
  [PASS] test_a_button_press_is_the_quietest_thing_the_game_says (0ms)
  [PASS] test_a_fresh_sunflowers_gauge_is_empty_and_is_brimming_just_before_a_payout (0ms)
  [PASS] test_the_sunflower_gauge_never_runs_backwards_inside_an_interval (0ms)
  [PASS] test_the_sunflower_gauge_is_the_same_clock_as_the_panels_countdown (1ms)
  [PASS] test_a_payout_empties_the_sunflower_gauge_instead_of_leaving_it_full (14ms)
  [PASS] test_the_sunflower_gauge_clears_the_health_bar_the_brackets_and_the_chew_ring (0ms)
  [PASS] test_the_idle_sway_clock_advances_every_physics_frame_even_headless (1ms)
  [PASS] test_the_idle_sway_stays_off_the_pivot_headless (1ms)
  [PASS] test_the_sprite_hangs_off_the_sway_pivot_not_the_plant (1ms)
  [PASS] test_the_breathe_narrows_and_lengthens_around_a_plant_that_stays_its_own_size (0ms)
  [PASS] test_the_idle_sway_phase_differs_between_neighbouring_cells (0ms)
  [PASS] test_a_hungry_pest_eats_a_bed_in_exactly_the_time_it_always_did (10ms)
  [PASS] test_regrowth_could_not_out_heal_a_hungry_pest_even_if_it_were_never_gated (0ms)
  [PASS] test_a_chewed_bed_grows_back_on_its_own_once_nothing_is_biting_it (22ms)
  [PASS] test_regrowth_only_counts_the_part_of_a_step_past_the_delay (0ms)
  [PASS] test_a_wrecked_bed_costs_more_than_one_quiet_gap_between_waves (0ms)
  [PASS] test_a_bed_that_was_eaten_never_grows_back_out_of_the_ground (1ms)
  [PASS] test_a_corn_upgrade_is_never_worse_at_any_range_the_cob_can_shoot (3ms)
  [PASS] test_every_corn_level_fires_through_every_angle_the_level_below_does (0ms)
  [PASS] test_the_corn_spread_still_widens_with_every_level (0ms)
  [PASS] test_a_corn_upgrade_clears_a_cluster_at_least_as_fast_as_the_level_below (1ms)
  [PASS] test_a_real_corn_volley_lands_exactly_what_the_dps_table_promises (31ms)
  [PASS] test_an_endless_wave_never_fills_the_road_past_the_stated_ceiling (13ms)
  [PASS] test_the_spawn_pacing_measures_the_road_the_pests_actually_walk (0ms)
  [PASS] test_endless_still_gets_harder_after_every_per_pest_scale_has_capped (3ms)
  [PASS] test_the_beetle_column_is_the_axis_that_replaced_the_headcount (2ms)
  [PASS] test_the_threat_readout_prices_the_composition_ramp_exactly (2ms)
  [PASS] test_the_fixed_campaign_is_untouched_by_the_road_budget (0ms)
  [PASS] test_a_husk_that_rots_on_the_real_timer_counts_as_compost_the_player_missed (14ms)
  [PASS] test_a_husk_swept_before_it_rots_never_lands_on_the_missed_pile (1ms)
  [PASS] test_the_missed_compost_survives_the_run_and_reaches_the_card (190ms)
  [PASS] test_the_compost_fraction_costs_the_post_mortem_card_no_height (12ms)
  [PASS] test_a_card_with_no_denominator_falls_back_to_the_bare_tally (0ms)
  [PASS] test_the_entrance_rise_agrees_with_the_heading_about_won (28ms)
  [PASS] test_the_run_depth_is_weighted_by_losses_not_by_lit_cells (13ms)
  [PASS] test_a_clean_wave_leaves_both_the_tint_and_the_prep_reading_alone (13ms)
  [PASS] test_the_prep_line_names_which_way_the_front_moved (0ms)
  [PASS] test_the_wave_cleared_line_fits_the_status_row (187ms)
  [PASS] test_the_prep_window_reports_the_run_and_not_only_the_countdown (199ms)
  [PASS] test_a_defended_chokepoint_is_not_reported_as_weak_ground (241ms)
  [PASS] test_escapes_cannot_buy_the_exit_a_chokepoint_it_never_earned (273ms)
  [PASS] test_a_cells_stops_are_its_losses_minus_the_pests_that_walked_out (13ms)
  [PASS] test_a_run_that_stopped_nothing_is_not_congratulated (0ms)
  [PASS] test_no_post_mortem_key_runs_into_its_own_value_column (14ms)
  [PASS] test_the_post_mortem_captions_the_red_road_instead_of_letting_it_read_as_the_row (254ms)
  [PASS] test_the_map_legend_clears_the_card_the_road_and_the_bottom_of_the_screen (12ms)
  [PASS] test_the_caption_appears_only_where_there_is_paint_to_caption (0ms)
  [PASS] test_a_run_that_held_nothing_is_still_told_what_the_red_road_is (242ms)
  [PASS] test_a_leak_through_a_gap_and_a_leak_of_stragglers_no_longer_read_alike (493ms)
  [PASS] test_a_pest_knows_whether_the_garden_ever_reached_it (2ms)
  [PASS] test_the_beds_row_says_only_what_the_run_actually_watched (0ms)
  [PASS] test_the_worst_case_beds_row_still_fits_its_column (9ms)
  [PASS] test_every_plant_that_can_touch_a_pest_is_named_as_one (1ms)
  [PASS] test_the_engagement_flag_can_only_ever_mark_a_prefix_of_the_road (1ms)
  [PASS] test_the_garden_can_say_which_road_it_cannot_reach (181ms)
  [PASS] test_the_coverage_line_is_silent_when_there_is_nothing_to_say (0ms)
  [PASS] test_the_prep_window_names_the_hole_when_the_wave_got_past_it (178ms)
  [PASS] test_the_coverage_note_fits_the_status_row (193ms)
  [PASS] test_the_road_marks_pressured_ground_the_garden_is_not_aimed_at (186ms)
  [PASS] test_the_off_aim_hatch_spends_no_more_ink_than_the_aimed_one (0ms)
  [PASS] test_planting_a_cob_rotates_the_stripes_under_the_ground_it_now_covers (183ms)
  [PASS] test_a_kernel_can_kill_on_ground_the_coverage_map_calls_unaimed (4ms)
  [PASS] test_the_recorded_gardens_still_have_the_property_they_claim (0ms)
  [PASS] test_a_driven_wave_can_be_run_over_a_road_that_is_not_the_shipped_one (71ms)
  [PASS] test_the_coverage_map_keeps_its_promise_to_a_pest_that_never_leaves_covered_ground (2215ms)
  [PASS] test_the_in_reach_and_idle_reading_is_just_as_loud_in_a_wave_the_garden_sweeps (219ms)
  [PASS] test_a_winged_pest_only_outruns_the_map_in_a_garden_with_no_corn_in_it (3389ms)
  [PASS] test_a_pest_killed_headless_is_eventually_freed (227ms)
  [PASS] test_no_two_events_are_the_same_sound (0ms)
  [PASS] test_tuning_a_voice_applies_both_axes_the_table_declares (0ms)
  [PASS] test_the_chew_ring_sweeps_rather_than_shrinking (0ms)
  [PASS] test_every_mutation_pair_states_whether_it_composes (0ms)
  [PASS] test_a_second_mutation_composes_onto_the_first (2ms)
  [PASS] test_an_armoured_pest_refuses_wings_and_keeps_its_chew_time (2ms)
  [PASS] test_a_second_mutation_is_rare_and_late (0ms)
  [PASS] test_a_bitten_plant_flinches_further_than_it_sways (0ms)
  [PASS] test_only_a_real_bite_arms_the_flinch (1ms)
  [PASS] test_a_harder_kill_is_pitched_above_a_plain_one (0ms)
  [PASS] test_every_mutation_makes_a_kill_count_as_hard (7ms)
  [PASS] test_mint_stacks_multiplicatively_and_floors_at_none (0ms)
  [PASS] test_mint_reaches_four_orthogonal_cells_and_no_diagonal (0ms)
  [PASS] test_the_weather_and_a_neighbour_compose_rather_than_overwrite (0ms)
  [PASS] test_the_shield_bugs_plate_is_priced_between_a_corn_kernel_and_a_dandelion_seed (0ms)
  [PASS] test_a_shield_bug_ignores_a_whole_stream_of_kernels_and_then_stops_ignoring_them (2ms)
  [PASS] test_the_plate_costs_a_stream_of_small_shots_everything_and_a_big_shot_only_part (1ms)
  [PASS] test_the_plate_belongs_to_exactly_one_species_and_leaves_the_others_alone (9ms)
  [PASS] test_a_blocked_hit_flashes_dark_where_a_landed_hit_flashes_bright (0ms)
  [PASS] test_a_single_starter_cob_can_still_kill_a_shield_bug_it_just_pays_the_plate_first (2ms)
  [PASS] test_endless_wave_scaling_grows_a_shield_bug_but_never_its_plate (2ms)
  [PASS] test_a_plant_with_no_ladder_answers_every_upgrade_question_without_a_guard (0ms)
  [PASS] test_the_ladder_statics_clamp_at_both_ends_and_price_the_top_at_nothing (0ms)
  [PASS] test_the_cobs_own_spend_static_is_the_generic_one (0ms)
  [PASS] test_exactly_two_plants_in_the_catalogue_grow_and_the_rest_are_born_finished (206ms)
  [PASS] test_the_chomp_ladder_only_ever_reaches_further_and_chews_faster (0ms)
  [PASS] test_a_gaping_chomp_grabs_a_pest_the_bud_lets_walk_past (12ms)
  [PASS] test_a_gaping_chomp_gives_the_lane_back_before_a_bud_would (14ms)
  [PASS] test_a_queen_still_shuts_even_a_gaping_mouth_for_most_of_a_wave (0ms)
  [PASS] test_the_fang_crown_adds_a_pair_per_level_and_never_moves_the_teeth_below (0ms)
  [PASS] test_the_fang_crown_clears_the_sprite_the_chew_ring_and_its_own_cell (0ms)
  [PASS] test_a_chomp_climbs_its_ladder_and_stops_at_the_top (0ms)
  [PASS] test_a_headless_chomp_upgrade_does_not_queue_a_flourish_tween (13ms)
  [PASS] test_a_chomps_lunge_points_at_the_meal_from_every_side (0ms)
  [PASS] test_a_chomps_bite_records_a_lunge_toward_the_meal (15ms)
  [PASS] test_a_headless_chomp_bite_queues_no_lunge_tween (14ms)
  [PASS] test_a_nettle_leans_at_the_side_its_victim_is_on (0ms)
  [PASS] test_a_nettle_spark_fans_away_from_the_plant_that_caused_it (0ms)
  [PASS] test_a_nettle_sting_records_the_direction_it_went (12ms)
  [PASS] test_the_shield_bug_is_actually_in_a_wave_a_player_will_meet (1ms)
  [PASS] test_the_shield_bug_never_lands_before_the_player_can_own_an_answer_to_it (0ms)
  [PASS] test_an_aloe_reaches_its_diagonal_neighbours_and_not_the_cell_beyond (0ms)
  [PASS] test_an_aloe_mends_slower_than_one_pest_eats (0ms)
  [PASS] test_the_shield_bug_was_paid_for_in_beetles_rather_than_out_of_the_finale (1ms)
  [PASS] test_the_nurse_beetles_aura_out_paces_one_starter_cob_and_loses_to_two (0ms)
  [PASS] test_the_auras_reach_sits_under_a_cobs_ring_and_under_the_gap_between_lanes (0ms)
  [PASS] test_the_aura_belongs_to_exactly_one_species_and_leaves_the_others_alone (0ms)
  [PASS] test_healing_never_overshoots_the_bar_and_never_runs_backwards (0ms)
  [PASS] test_a_nurse_tops_up_the_pest_beside_her_and_never_herself (11ms)
  [PASS] test_the_nurse_beetle_is_actually_in_a_wave_a_player_will_meet (0ms)
  [PASS] test_no_wave_sends_two_nurse_beetles_into_each_others_aura (0ms)
  [PASS] test_the_nurse_beetle_lands_late_and_never_shares_a_wave_with_the_queen (0ms)
  [PASS] test_the_nurse_beetle_was_paid_for_in_beetles_rather_than_out_of_the_finale (0ms)
  [PASS] test_wave_carries_boss_sees_every_boss_species_and_not_just_the_queen (0ms)
  [PASS] test_a_leafhopper_crouches_then_leaps_and_never_drifts_off_its_own_average (0ms)
  [PASS] test_a_leafhoppers_effective_speed_actually_changes_with_its_own_clock (12ms)
  [PASS] test_a_lone_locust_is_the_slowest_ordinary_bug_and_gets_no_crowd_bonus (0ms)
  [PASS] test_a_locusts_effective_speed_climbs_with_its_own_kind_and_ignores_everyone_else (14ms)
  [PASS] test_the_leafhopper_and_the_locust_are_both_actually_in_a_wave_a_player_will_meet (0ms)
  [PASS] test_the_locusts_debut_paces_them_close_enough_to_actually_swarm (0ms)
  [PASS] test_a_nettle_thrusts_at_its_victim_in_both_axes (0ms)
  [PASS] test_a_chomp_eats_a_meal_in_discrete_bites (0ms)
  [PASS] test_a_chewed_pest_shrinks_and_its_corpse_stays_shrunk (2ms)
  [PASS] test_a_pest_released_from_a_chomp_is_whole_again (2ms)
  [PASS] test_a_dandelion_skips_a_pest_freed_under_it (11ms)
  [PASS] test_the_second_act_starts_where_it_says_it_does (1ms)
  [PASS] test_the_second_act_never_lets_the_threat_curve_fall (2ms)
  [PASS] test_the_back_half_no_longer_plateaus (0ms)
  [PASS] test_the_second_act_costs_the_seam_bound_nothing (0ms)
  [PASS] test_the_swarm_outgrows_the_plant_the_player_starts_with (2ms)
  [PASS] test_a_kernels_knockback_is_aimed_away_from_the_shot_on_every_side (0ms)
  [PASS] test_a_kernel_kill_shoves_the_corpse_along_the_shot_and_a_plain_kill_does_not (4ms)
  [PASS] test_a_corpse_holds_in_proportion_to_what_the_kill_cost (0ms)
  [PASS] test_two_pests_killed_in_one_frame_leave_at_different_times (13ms)
  [PASS] test_a_cob_points_at_the_pest_it_will_shoot_before_it_shoots_it (14ms)
  [PASS] test_the_fan_and_the_volley_are_pointed_at_the_same_pest (14ms)
  [PASS] test_the_fan_follows_a_walking_pest_without_repainting_every_frame (13ms)
  [PASS] test_an_escaping_pest_says_whether_the_garden_ever_touched_it (12ms)
  [PASS] test_a_hit_the_plate_ate_still_marks_the_pest_it_bounced_off (14ms)
  [PASS] test_a_pest_a_chomp_held_keeps_the_mark_after_it_is_let_go (14ms)
  [PASS] test_the_fought_mark_is_a_broken_ring_clear_of_every_other_mark_on_a_pest (0ms)
  [PASS] test_the_held_over_subject_is_the_same_brackets_with_two_corners_missing (0ms)
  [PASS] test_the_held_over_look_survives_its_colour_being_thrown_away (0ms)
  [PASS] test_the_held_over_demotion_is_what_the_cues_actually_paint (0ms)
  [PASS] test_the_held_over_setters_reach_the_state_they_name (1ms)
  [PASS] test_a_repeated_cue_never_settles_on_one_pitch (8ms)
  [PASS] test_the_wobble_is_the_same_wobble_on_every_machine (1ms)
  [PASS] test_two_events_on_one_file_never_overlap_once_they_wobble (0ms)
  [PASS] test_the_voice_a_play_tunes_actually_carries_the_wobble (1ms)
  [PASS] test_every_wobbled_cue_is_one_the_game_actually_repeats (0ms)
  [PASS] test_a_husks_value_is_carried_by_the_husk_and_not_by_its_sweep (0ms)
  [PASS] test_no_weather_asks_for_something_and_gives_nothing_back (0ms)
  [PASS] test_rain_gives_and_never_takes_which_is_why_no_number_moved (0ms)
  [PASS] test_a_compensation_is_named_where_the_player_can_still_act_on_it (0ms)
  [PASS] test_a_drought_slows_what_the_garden_shoots_and_nothing_else (4ms)
  [PASS] test_the_gait_reference_speed_still_has_species_on_both_sides_of_it (0ms)
  [PASS] test_no_species_walks_close_enough_to_the_gait_reference_to_lose_its_tell (0ms)
  [PASS] test_no_weather_multiplier_has_drifted_into_the_clear_baseline (0ms)
  [PASS] test_no_two_weathers_have_drifted_into_the_same_choice (0ms)
  [PASS] test_the_last_leg_of_a_route_is_the_one_a_pest_escapes_off (3ms)
  [PASS] test_the_pitch_scale_points_the_way_its_grades_say (0ms)
  [PASS] test_every_pitched_event_moved_off_a_base_it_shares_a_file_with (1ms)
  [PASS] test_the_banner_arbitration_ranks_the_wave_beats_above_the_weather (0ms)
  [PASS] test_a_standing_banner_claim_refuses_a_weaker_one_and_yields_once_it_expires (205ms)
  [PASS] test_dropping_the_banner_claim_leaves_no_stale_headline_behind (218ms)
  [PASS] test_the_prep_note_is_where_weather_is_actually_taught (0ms)
  [PASS] test_the_weather_subtitle_reaches_the_player_only_through_a_banner_that_loses (0ms)
  [PASS] test_a_shot_pest_recoils_further_than_it_walks (0ms)
  [PASS] test_the_recoil_clock_outruns_every_gait_clock (0ms)
  [PASS] test_damage_arms_a_pest_recoil_that_then_runs_out (2ms)
  [PASS] test_a_chewing_chomp_champs_further_than_it_breathes (0ms)
  [PASS] test_only_the_chomp_overrides_the_idle_scale_hook (241ms)
  [PASS] test_a_plant_wilts_below_one_second_of_chewing (0ms)
  [PASS] test_the_wilt_is_a_held_lean_that_neighbours_do_not_share (0ms)
  [PASS] test_every_plant_stands_up_until_it_is_in_danger (239ms)
  [PASS] test_a_glancing_cue_shakes_less_than_a_hit_that_landed (0ms)
  [PASS] test_only_the_sundew_calls_the_hit_cue_glancing (16ms)
  [PASS] test_the_hit_cue_applies_the_verdict_it_computes (2ms)
  [PASS] test_a_chomps_catch_is_capped_at_a_fraction_of_the_meal_it_belongs_to (0ms)
  [PASS] test_a_snatched_aphid_and_a_hauled_queen_are_the_same_gesture (0ms)
  [PASS] test_a_chomps_catch_runs_lash_then_haul_then_holds (0ms)
  [PASS] test_a_hauled_bug_starts_on_the_road_and_lands_exactly_in_the_mouth (0ms)
  [PASS] test_every_vine_reaches_from_the_flower_to_the_bug_it_is_holding (0ms)
  [PASS] test_a_pulling_vine_goes_taut_and_a_waiting_one_writhes (0ms)
  [PASS] test_a_bug_eaten_on_top_of_a_chomp_still_stands_on_the_road (5ms)
  [PASS] test_a_bug_swallowed_on_top_of_a_chomp_leaves_its_corpse_up_there (15ms)
  [PASS] test_a_chomp_mid_haul_will_not_start_a_second_bug (12ms)
  [PASS] test_a_carried_pests_body_moves_and_its_place_on_the_road_does_not (13ms)
  [PASS] test_a_chomp_waits_for_a_pest_to_pass_from_every_direction (0ms)
  [PASS] test_the_pass_window_stays_open_for_every_species_at_double_speed (1ms)
  [PASS] test_a_chomp_takes_the_bug_that_has_gone_by_and_leaves_the_one_arriving (15ms)
  [PASS] test_exactly_one_plant_is_unlocked_at_the_start (0ms)
  [PASS] test_the_free_starter_is_free_exactly_once (0ms)
  [PASS] test_a_locked_plant_cannot_be_bought_however_rich_you_are (0ms)
  [PASS] test_a_packet_unlocks_a_locked_plant_and_charges_for_it (0ms)
  [PASS] test_a_packet_you_cannot_afford_changes_nothing (0ms)
  [PASS] test_a_packet_never_hands_back_something_you_already_own (0ms)
  [PASS] test_uprooting_refunds_less_than_it_cost (0ms)
  [PASS] test_a_common_packet_never_rolls_above_its_tier_cap (1ms)
  [PASS] test_a_common_packet_with_nothing_left_in_range_charges_nothing (0ms)
  [PASS] test_the_rare_packet_is_the_route_past_the_common_cap (0ms)
  [PASS] test_draining_the_catalogue_never_repeats_a_plant (0ms)
  [PASS] test_a_campaign_run_cannot_take_the_endless_record (14ms)
  [PASS] test_each_mode_reports_its_own_best (0ms)
  [PASS] test_a_run_counts_what_it_defeated_and_how_long_it_took (216ms)
  [PASS] test_the_uproot_refund_falls_as_the_plant_is_eaten (0ms)
  [PASS] test_uprooting_refunds_less_than_it_cost_at_every_health (1ms)
  [PASS] test_uprooting_a_wreck_still_pays_something_back (0ms)
  [PASS] test_uprooting_and_replanting_a_wreck_costs_more_than_it_returns (0ms)
  [PASS] test_the_uproot_button_reprices_itself_as_the_plant_is_chewed (249ms)
  [PASS] test_planting_and_uprooting_in_a_loop_does_not_move_the_score (500ms)
  [PASS] test_ordinary_income_still_raises_the_recorded_score (215ms)
  [PASS] test_an_upgrade_charge_never_raises_the_score (228ms)
  [PASS] test_a_refund_still_pays_the_player_exactly_what_it_promised (227ms)
  [PASS] test_a_headless_process_never_writes_the_players_save (0ms)
  [PASS] test_a_truncated_save_leaves_the_records_alone (32ms)
  [PASS] test_a_garbage_save_leaves_the_records_alone (55ms)
  [PASS] test_a_save_from_a_newer_build_is_refused_not_reinterpreted (21ms)
  [PASS] test_no_save_at_all_still_means_a_fresh_pair_of_zeros (0ms)
  [PASS] test_a_record_is_kept_per_difficulty_and_not_shared (13ms)
  [PASS] test_the_difficulty_score_line_round_trips_and_refuses_a_bad_count (0ms)
  [PASS] test_a_version_eight_save_reads_its_scores_as_standards (13ms)
  [PASS] test_a_well_formed_save_round_trips_exactly (6ms)
  [PASS] test_a_refused_save_is_not_immediately_overwritten (15ms)
  [PASS] test_a_version_one_save_still_migrates_into_the_endless_slot (10ms)
  [PASS] test_an_interrupted_save_is_recovered_rather_than_read_as_zero (4ms)
  [PASS] test_a_run_with_milestones_round_trips_through_the_save (3ms)
  [PASS] test_a_hint_cannot_be_recorded_through_the_achievement_door (11ms)
  [PASS] test_an_achievement_cannot_be_spent_as_a_hint (9ms)
  [PASS] test_no_id_is_both_a_hint_and_an_achievement (0ms)
  [PASS] test_spending_a_hint_requires_saying_it_was_shown (2ms)
  [PASS] test_filing_a_milestone_twice_is_not_a_second_first_time (5ms)
  [PASS] test_a_version_two_save_migrates_forward_with_an_empty_milestone_set (10ms)
  [PASS] test_a_v3_save_with_a_broken_milestone_line_is_refused_whole (80ms)
  [PASS] test_a_milestone_id_this_build_has_never_heard_of_survives_a_round_trip (12ms)
  [PASS] test_the_colourblind_option_round_trips_through_the_save (8ms)
  [PASS] test_setting_the_option_to_what_it_already_is_does_not_rewrite_the_save (5ms)
  [PASS] test_a_save_with_a_broken_options_line_is_refused_whole (92ms)
  [PASS] test_the_two_mutes_round_trip_through_the_save (18ms)
  [PASS] test_setting_a_mute_to_what_it_already_is_does_not_rewrite_the_save (2ms)
  [PASS] test_a_version_five_save_reads_forward_into_the_current_version (10ms)
  [PASS] test_a_v3_save_is_refused_because_two_builds_each_defined_one (9ms)
  [PASS] test_a_clean_launch_warns_about_no_budget_at_all (550ms)
  [PASS] test_game_budget_number_prints_whole_numbers_whole_and_others_to_one_decimal (0ms)
  [PASS] test_a_budget_resting_on_its_floor_is_reported_without_being_a_regression (372ms)
  [PASS] test_a_budget_pushed_through_its_floor_is_the_only_one_warned_about (386ms)
  [PASS] test_a_budget_above_its_floor_stays_silent_however_tight_it_is_called (400ms)
  [PASS] test_a_declared_budget_that_cannot_be_measured_warns_rather_than_passes (395ms)
  [PASS] test_a_floor_whose_budget_has_vanished_is_warned_about (392ms)
  [PASS] test_every_declared_floor_names_a_budget_this_run_measures (405ms)
  [PASS] test_the_pest_road_ceiling_reports_spent_by_design_not_a_plain_spent (392ms)
  [PASS] test_the_budgets_verb_and_the_startup_check_price_the_same_budgets (772ms)
  [PASS] test_every_path_that_moves_the_purse_announces_the_new_total (0ms)
  [PASS] test_a_refused_purchase_says_nothing_about_the_purse (0ms)
  [PASS] test_the_packet_announces_only_the_plant_it_really_unlocked (0ms)
  [PASS] test_a_kill_announces_the_pest_itself_and_never_an_escape (198ms)
  [PASS] test_a_pest_that_walks_the_whole_road_announces_an_escape_and_never_a_death (219ms)
  [PASS] test_a_listener_killing_the_pest_again_does_not_bank_it_twice (217ms)
  [PASS] test_the_last_escape_is_in_the_card_that_same_escape_builds (286ms)
  [PASS] test_an_upgrade_is_not_refunded_and_the_prompt_says_the_number (234ms)
  [PASS] test_the_flight_hint_is_not_spent_when_the_row_was_too_busy (209ms)
  [PASS] test_the_move_tip_is_spent_only_when_it_is_actually_shown (247ms)
  [PASS] test_the_campaign_finale_fits_under_the_endless_seam (1ms)
  [PASS] test_only_the_campaign_finale_spends_the_whole_road_budget (0ms)
  [PASS] test_no_two_campaign_waves_are_the_same_wave (1ms)
  [PASS] test_the_campaign_droughts_and_rains_are_where_the_table_says (0ms)
  [PASS] test_the_chosen_garden_speed_round_trips_through_the_save (8ms)
  [PASS] test_the_half_speed_step_is_sticky_too (6ms)
  [PASS] test_a_save_written_before_the_speed_field_reads_as_one_x_and_is_rewritten (9ms)
  [PASS] test_a_save_with_a_broken_speed_field_is_refused_whole (62ms)
  [PASS] test_a_saved_speed_step_this_build_has_no_step_for_starts_at_one_x (11ms)
  [PASS] test_store_game_speed_refuses_an_index_this_build_has_no_step_for (9ms)
  [PASS] test_store_game_speed_writes_only_when_the_choice_actually_changes (2ms)
  [PASS] test_restoring_a_saved_speed_still_leaves_the_pause_card_at_one_x (0ms)
  [PASS] test_ending_a_run_resets_the_engine_but_not_the_remembered_choice (3ms)
  [PASS] test_the_dial_reaches_the_voice_and_the_bus_not_only_the_save (0ms)
  [PASS] test_no_level_is_silence_so_the_mute_stays_the_only_way_to_be_quiet (0ms)
  [PASS] test_the_two_levels_round_trip_through_the_save (4ms)
  [PASS] test_a_level_this_build_has_no_step_for_is_refused_by_the_setter_and_kept_from_a_save (9ms)
  [PASS] test_a_level_from_a_later_build_is_read_and_kept_and_falls_back_to_full (3ms)
  [PASS] test_a_save_written_before_the_levels_reads_as_full_and_is_rewritten (11ms)
  [PASS] test_a_save_with_a_broken_level_field_is_refused_whole (66ms)
  [PASS] test_the_options_panel_grows_to_its_rows_and_stays_on_the_screen (0ms)
  [PASS] test_the_dial_cycles_through_every_level_and_wraps (8ms)
  [PASS] test_pressing_a_dial_row_turns_the_volume_down_and_writes_it_down (11ms)
  [PASS] test_the_reach_note_says_covered_is_not_fought_and_is_silent_when_it_is_not_true (0ms)
  [PASS] test_the_reach_note_fits_its_box_and_survives_the_cards_own_entrance (25ms)
  [PASS] test_the_run_summary_is_handed_the_coverage_it_needs_to_name_the_mechanic (239ms)
  [PASS] test_the_reach_par_is_a_real_cover_of_this_road (13ms)
  [PASS] test_the_reach_row_states_reach_alone_and_never_a_plant_count (24ms)
  [PASS] test_the_reach_row_replaced_the_duration_row_and_fits_the_card (10ms)
  [PASS] test_the_catalogue_tells_hurting_apart_from_holding (0ms)
  [PASS] test_the_coverage_map_asks_whether_a_plant_hurts_not_whether_it_engages (0ms)
  [PASS] test_damages_is_read_off_each_plants_own_damage_constant (0ms)
  [PASS] test_a_kill_is_priced_in_one_place_under_every_weather_a_wave_can_arrive_under (196ms)
  [PASS] test_a_poisoned_scratch_save_cannot_reach_the_next_headless_process (12ms)
  [PASS] test_a_named_save_path_survives_the_boot_that_clears_the_scratch_one (2ms)
  [PASS] test_the_discard_throws_away_the_file_and_the_fields_it_had_loaded (2ms)
  [PASS] test_arithmetic_sanity (0ms)
  [PASS] test_boolean_sanity (0ms)
  [PASS] test_ui_layout_resolves_headlessly (1ms)
  [PASS] test_the_mirror_and_the_game_agree_on_one_wave (3107ms)
  [PASS] test_the_first_corn_cobbler_is_free_and_the_second_is_not (202ms)
  [PASS] test_nothing_can_be_planted_on_the_road (176ms)
  [PASS] test_the_ground_names_one_plant_on_road_and_refuses_to_name_one_on_grass (211ms)
  [PASS] test_a_cell_holds_one_plant (205ms)
  [PASS] test_a_locked_plant_cannot_be_placed_even_with_seeds (186ms)
  [PASS] test_a_packet_makes_its_plant_placeable (240ms)
  [PASS] test_a_headless_reveal_names_the_plant_it_actually_unlocked (223ms)
  [PASS] test_the_packet_flourish_lands_on_the_real_pick_after_flashing_candidates (460ms)
  [PASS] test_the_packet_flourish_falls_back_to_the_real_pick_with_an_empty_pool (499ms)
  [PASS] test_uprooting_frees_the_cell_and_returns_some_seeds (213ms)
  [PASS] test_a_plant_eaten_down_to_nothing_still_frees_the_node_headless (197ms)
  [PASS] test_uprooting_plays_its_own_cue_and_still_frees_the_node_headless (203ms)
  [PASS] test_one_uproot_click_only_arms_and_a_second_commits (215ms)
  [PASS] test_an_armed_uproot_disarms_itself_and_leaves_the_plant (215ms)
  [PASS] test_an_armed_prompt_outranks_a_line_that_is_merely_important (219ms)
  [PASS] test_selecting_another_plant_cancels_a_pending_uproot (223ms)
  [PASS] test_a_wave_puts_pests_on_the_board (185ms)
  [PASS] test_each_corn_cobbler_level_draws_a_visibly_different_muzzle_fan (0ms)
  [PASS] test_only_a_single_kernel_level_draws_no_spread_arc (0ms)
  [PASS] test_the_muzzle_fan_is_drawn_on_the_angles_the_kernels_are_fired_on (0ms)
  [PASS] test_the_muzzle_fan_stays_inside_its_cell_at_every_aim (0ms)
  [PASS] test_upgrading_a_planted_cobbler_changes_what_it_draws (223ms)
  [PASS] test_the_real_route_strands_exactly_the_cells_it_was_measured_to_strand (217ms)
  [PASS] test_a_cell_can_be_dead_ground_for_a_chomp_and_good_ground_for_a_corn (194ms)
  [PASS] test_an_illegal_cell_is_never_also_marked_dead_ground (180ms)
  [PASS] test_a_plant_with_no_reach_is_warned_about_but_never_called_dead_ground (183ms)
  [PASS] test_every_catalogue_entry_is_complete_and_orderly (1ms)
  [PASS] test_the_rare_packet_holds_more_than_one_thing_now (0ms)
  [PASS] test_the_sundew_patch_slows_a_pest_and_hands_its_speed_back (186ms)
  [PASS] test_two_overlapping_sundew_patches_slow_a_pest_once_not_twice (194ms)
  [PASS] test_a_sundew_that_leaves_the_board_unsticks_what_it_was_holding (178ms)
  [PASS] test_the_sundew_catches_the_winged_pest_a_chomp_is_forbidden_to_grab (181ms)
  [PASS] test_the_dew_beads_ring_the_patch_and_swell_as_it_fills (0ms)
  [PASS] test_a_sundews_previewed_reach_is_the_patch_it_actually_sticks_to (185ms)
  [PASS] test_the_catalogue_id_for_a_sundew_builds_a_sticky_sundew (230ms)
  [PASS] test_a_second_patch_over_the_same_road_is_worth_exactly_nothing (185ms)
  [PASS] test_two_overlapping_patches_wash_the_ground_they_share_exactly_once (0ms)
  [PASS] test_the_move_tip_is_shown_once_and_the_warning_every_time (198ms)
  [PASS] test_the_uproot_window_leaves_nothing_armed_behind_it (224ms)
  [PASS] test_an_armed_uproot_turns_the_hover_into_a_move_preview (195ms)
  [PASS] test_the_preview_dots_only_the_road_a_purchase_would_newly_defend (179ms)
  [PASS] test_the_preview_warns_about_ground_an_existing_patch_already_covers (176ms)
  [PASS] test_the_redundancy_mark_never_lands_on_top_of_another_cue (192ms)
  [PASS] test_a_patch_walks_only_patches_however_many_pests_are_on_the_board (191ms)
  [PASS] test_a_patch_sees_every_other_patch_and_only_the_other_patches (185ms)
  [PASS] test_a_freed_patch_leaves_no_ghost_in_the_patch_list (194ms)
  [PASS] test_the_patch_list_draws_the_same_wash_the_sibling_scan_drew (198ms)
  [PASS] test_the_patch_list_hands_the_wash_its_neighbours_in_paint_order (192ms)
  [PASS] test_a_husk_never_takes_a_click_that_would_have_planted (234ms)
  [PASS] test_a_husk_on_the_road_is_still_one_click_to_sweep (221ms)
  [PASS] test_a_husk_on_grass_is_swept_by_any_click_that_was_not_going_to_plant (242ms)
  [PASS] test_no_husk_the_game_can_drop_lands_within_a_click_of_buildable_ground (212ms)
  [PASS] test_the_green_brackets_promise_exactly_what_a_click_will_do (216ms)
  [PASS] test_the_title_lawn_shows_every_plant_in_the_catalogue (21ms)
  [PASS] test_the_title_lawn_clears_the_button_column_and_the_horizon (14ms)
  [PASS] test_the_notebook_has_a_page_for_every_plant_in_the_catalogue (1ms)
  [PASS] test_the_notebook_pager_dots_and_wrap_agree_with_the_page_count (578ms)
  [PASS] test_the_notebook_plant_pages_fit_their_card (487ms)
  [PASS] test_board_info_prints_the_husk_click_budget_as_a_subtraction (218ms)
  [PASS] test_the_husk_budget_summary_quotes_the_numbers_it_was_computed_from (190ms)
  [PASS] test_the_husk_budget_never_reports_an_unmeasurable_board_as_clearance (0ms)
  [PASS] test_the_budgets_verb_reports_every_declared_coupling (480ms)
  [PASS] test_the_budgets_verdicts_add_up_to_the_budgets_reported (467ms)
  [PASS] test_the_budgets_husk_entry_is_the_margin_the_gate_asserts_on (504ms)
  [PASS] test_the_budgets_notebook_entry_measures_the_sentence_the_screen_draws (533ms)
  [PASS] test_the_budgets_hud_entries_are_measured_off_the_live_stats_row (472ms)
  [PASS] test_the_budgets_pest_ceiling_is_the_worst_wave_in_its_own_sweep (453ms)
  [PASS] test_the_road_budget_reports_measurements_rather_than_a_made_up_headroom (476ms)
  [PASS] test_the_budgets_verb_filters_by_id_and_refuses_an_unknown_one (643ms)
  [PASS] test_the_budgets_verb_degrades_per_entry_with_no_game_in_the_tree (132ms)
  [PASS] test_every_plant_declares_whether_it_engages (0ms)
  [PASS] test_reach_and_engages_are_not_the_same_question (0ms)
  [PASS] test_the_catalogue_and_the_game_agree_on_who_engages (0ms)
  [PASS] test_the_coverage_sentence_claims_aim_and_not_protection (0ms)
  [PASS] test_the_legend_names_as_many_shapes_as_the_grammar_documents (1ms)
  [PASS] test_every_legend_row_has_a_shape_the_legend_can_draw (1ms)
  [PASS] test_the_legend_swatches_borrow_the_real_cues_constants (0ms)
  [PASS] test_the_legend_fits_the_page_it_is_drawn_on (8ms)
  [PASS] test_every_kind_of_notebook_page_has_a_pane_heading (0ms)
  [PASS] test_the_notebook_opens_where_its_caller_asked (117ms)
  [PASS] test_page_for_kind_survives_the_pages_being_reordered (0ms)
  [PASS] test_a_nettle_stings_a_mutated_pest_and_provably_not_a_plain_one (13ms)
  [PASS] test_the_nettle_stings_every_mutation_the_wave_table_can_roll (13ms)
  [PASS] test_the_nettle_targets_through_the_same_rule_the_cob_uses (14ms)
  [PASS] test_no_notebook_note_hard_codes_a_wave_number_the_game_can_move (0ms)
  [PASS] test_the_nettle_blurb_warns_it_is_dead_weight_before_mutations (0ms)
  [PASS] test_the_nettle_never_out_earns_a_cob_per_seed (0ms)
  [PASS] test_planting_a_nettle_does_not_silently_plant_corn (208ms)
  [PASS] test_the_boards_page_frame_is_cut_from_the_notebooks_own_paper (185ms)
  [PASS] test_the_page_frames_edge_closes_and_keeps_off_the_playable_interior (0ms)
  [PASS] test_nothing_the_board_paints_over_it_is_the_lawns_own_hue (0ms)
  [PASS] test_a_realistic_run_refuses_no_messages_and_evicts_none (319ms)
  [PASS] test_a_damaged_plant_beside_an_aloe_gains_health_as_the_game_runs (238ms)
  [PASS] test_a_click_lands_on_its_cell_wherever_the_board_is_centred (225ms)
  [PASS] test_row_is_quiet_is_what_stops_a_level_triggered_caller_stacking (237ms)
  [PASS] test_only_a_patch_is_ever_marked_redundant_over_covered_road (194ms)
  [PASS] test_no_plant_tween_carries_a_bare_duration_literal (15ms)
  [PASS] test_the_flourish_tier_is_pushed_further_and_held_longer_than_the_twitch (16ms)
  [PASS] test_the_title_lawn_stands_on_the_ground_at_any_viewport_height (0ms)
  [PASS] test_the_title_screen_gives_its_lawn_the_backdrops_own_shift (12ms)
  [PASS] test_no_two_top_bar_readouts_share_a_typographic_treatment (0ms)
  [PASS] test_every_readout_wears_its_declared_size_and_weight_and_still_fits (200ms)
  [PASS] test_a_line_is_stressed_by_its_rung_and_only_while_it_is_up (0ms)
  [PASS] test_an_important_line_is_told_from_an_ambient_one_without_colour (198ms)
  [PASS] test_the_message_mark_is_drawn_outside_the_row_it_marks (213ms)
  [PASS] test_the_uproot_arc_closes_as_the_confirm_window_runs_out (220ms)
  [PASS] test_the_uproot_arc_is_a_third_channel_and_not_a_second_red_mark (231ms)
  [PASS] test_the_uproot_arc_is_actually_painted_and_the_marker_is_its_only_clock (2ms)
  [PASS] test_the_sway_turns_about_the_stem_and_the_base_stays_put (0ms)
  [PASS] test_the_head_swings_further_than_it_did_about_the_waist (0ms)
  [PASS] test_a_plant_standing_still_is_exactly_where_it_always_was (1ms)
  [PASS] test_the_lunge_and_the_sting_land_exactly_where_they_did_before (0ms)
  [PASS] test_the_stem_pivot_is_the_bottom_of_the_art_not_the_bottom_of_the_png (4ms)
  [PASS] test_the_sway_still_carries_the_sprite_and_nothing_else (2ms)
  [PASS] test_the_board_wide_dead_ground_matches_the_hover_cue_plant_by_plant (270ms)
  [PASS] test_the_dead_sets_are_nested_so_the_two_cues_can_never_be_two_marks (343ms)
  [PASS] test_the_resting_cue_shrinks_as_a_longer_reach_unlocks (279ms)
  [PASS] test_the_resting_cue_never_calls_sunflower_ground_scenery (278ms)
  [PASS] test_the_board_mark_and_the_hover_bar_are_one_stroke_not_two (5ms)
  [PASS] test_the_redundant_pair_is_still_told_apart_from_the_dead_lock (0ms)
  [PASS] test_the_dead_lock_fits_inside_the_bracket_box (0ms)
  [PASS] test_remarking_dead_ground_reuses_its_marks_instead_of_growing_the_board (10ms)
  [PASS] test_the_shop_hover_is_wired_to_the_boards_dead_ground (206ms)
  [PASS] test_every_draw_painted_cue_still_issues_its_draw_calls (2ms)
  [PASS] test_the_reach_ring_is_a_real_line2d_carrying_the_radius (0ms)
  [PASS] test_the_dead_lock_mark_carries_dead_lock_points (221ms)
  [PASS] test_the_redundant_bars_carry_redundant_bar_points (197ms)
  [PASS] test_the_spread_arc_is_actually_drawn_with_its_rim (1ms)
  [PASS] test_every_board_mark_clears_the_ground_floor_at_the_alpha_it_is_drawn_at (1ms)
  [PASS] test_the_hints_page_has_room_for_every_hint_the_game_can_spend (0ms)
  [PASS] test_the_hints_progress_line_counts_the_hint_list_and_not_the_save (0ms)
  [PASS] test_the_notebook_hints_page_gives_back_a_hint_that_was_never_shown (121ms)
  [PASS] test_the_legend_page_is_exactly_full (0ms)
  [PASS] test_the_grammar_rows_the_legend_teaches_are_the_recorded_six (1ms)
  [PASS] test_a_hint_id_in_the_save_does_not_reach_the_milestone_shelf (261ms)
  [PASS] test_every_plant_with_a_reach_draws_a_ring_at_that_reach (216ms)
  [PASS] test_a_reach_ring_appears_on_selection_and_not_before (203ms)
  [PASS] test_every_plant_that_paints_more_than_its_reach_still_calls_the_ring (213ms)
  [PASS] test_every_level_taking_static_on_the_cob_is_exercised_across_the_ladder (35ms)
  [PASS] test_the_cobs_kernel_angles_are_symmetric_about_the_aim_at_every_rung (0ms)
  [PASS] test_what_it_costs_to_reach_a_cob_level_is_the_ladder_read_two_ways (0ms)
  [PASS] test_no_mark_is_also_a_key_name (0ms)
  [PASS] test_the_key_name_rows_are_exactly_what_key_bindings_prints (0ms)
  [PASS] test_every_glyph_in_the_source_has_a_row (173ms)
  [PASS] test_every_row_names_a_glyph_the_source_still_contains (171ms)
  [PASS] test_the_witness_files_still_carry_their_glyphs (13ms)
  [PASS] test_the_named_constants_still_carry_the_glyph_the_table_gives_them (0ms)
  [PASS] test_the_live_wave_label_still_draws_the_named_infinity_glyph (211ms)
  [PASS] test_the_only_glyph_that_means_two_things_is_the_one_we_chose (0ms)
  [PASS] test_every_row_is_filled_in_and_uses_a_declared_role (0ms)
  [PASS] test_every_drawn_glyph_can_say_what_it_means (0ms)
  [PASS] test_the_chew_rings_remaining_ink_shrinks_the_way_a_clock_should (0ms)
  [PASS] test_every_mark_a_plant_paints_is_classified_by_the_readout_band (233ms)
  [PASS] test_no_two_radial_marks_on_one_plant_can_share_a_radius (0ms)
  [PASS] test_the_readout_band_is_bounded_by_the_cell_and_not_by_the_reach_rings (1ms)
  [PASS] test_the_readout_bands_derived_inputs_measure_what_they_claim (0ms)
  [PASS] test_the_key_column_is_flush_against_its_phrase_on_both_screens (603ms)
  [PASS] test_the_keys_column_fits_every_name_the_short_name_table_invents (14ms)
  [PASS] test_only_one_of_the_three_teaching_budgets_is_a_ceiling (1ms)
  [PASS] test_mark_road_answer_marks_exactly_the_road_and_drops_grass (0ms)
  [PASS] test_remarking_road_answer_with_the_same_set_reports_no_change (0ms)
  [PASS] test_a_road_only_plant_refused_on_grass_lights_every_road_cell (183ms)
  [PASS] test_the_road_answer_ring_clears_itself_after_its_own_window (224ms)
  [PASS] test_the_grass_direction_shake_still_fires_and_lights_no_ring (235ms)
  [PASS] test_a_short_run_plays_the_waves_it_was_asked_for (422ms)
  [PASS] test_every_record_carries_exactly_the_declared_keys (409ms)
  [PASS] test_the_same_seed_plays_the_same_run_twice (806ms)
  [PASS] test_seeds_lives_and_plants_carry_across_the_wave_boundary (386ms)
  [PASS] test_a_run_that_never_starts_a_wave_says_so_instead_of_returning_clean (0ms)
  [PASS] test_a_wave_that_cannot_clear_fails_naming_the_wave (38ms)
  [PASS] test_an_illegal_road_is_refused_rather_than_played_on_the_shipped_board (1ms)
  [PASS] test_the_difficulty_profile_is_read_rather_than_restated (298ms)
  [PASS] test_the_three_income_sources_are_all_in_the_loop (386ms)
  [PASS] test_a_policy_is_a_parameter_and_a_silent_one_plants_nothing (72ms)
  [PASS] test_the_default_policy_covers_road_it_could_not_reach_before (241ms)
  [PASS] test_a_disposed_run_leaves_nothing_standing_for_the_next_one (500ms)
  [PASS] test_every_policy_is_selectable_by_name_and_an_unknown_one_is_refused (0ms)
  [PASS] test_the_thickening_policy_plants_past_the_point_greedy_stops (743ms)
  [PASS] test_a_yield_never_rounds_a_kill_down_to_nothing_and_is_identity_at_one (0ms)
  [PASS] test_the_seed_yield_takes_the_ratio_the_other_axes_take (1ms)
  [PASS] test_the_run_reads_the_profiles_seed_yield_rather_than_paying_the_standard_rate (284ms)
  [PASS] test_the_three_profiles_end_a_run_differently_and_not_only_start_it_differently (2439ms)
  [PASS] test_fast_every_board_x_difficulty_is_losable_not_trivial_and_the_economy_affords_its_minimum_garden (60312ms)
  [PASS] test_fast_every_board_x_difficulty_is_deterministic_on_repeat (115637ms)
  [PASS] test_fast_a_sample_board_is_actually_winnable_by_a_thickened_garden (53153ms)
  [PASS] test_fast_a_board_that_is_entirely_road_defeats_even_the_thickened_garden (772ms)
  [PASS] test_full_every_board_x_difficulty_clears_with_a_thickened_garden (2ms)
  [PASS] test_a_dropped_husk_can_be_collected_for_its_value (0ms)
  [PASS] test_a_click_far_from_any_husk_collects_nothing (0ms)
  [PASS] test_an_uncollected_husk_rots_away (0ms)
  [PASS] test_a_dead_pest_leaves_a_collectible_husk (183ms)
  [PASS] test_husk_multiplier_is_one_for_a_plain_pest (0ms)
  [PASS] test_each_mutation_has_a_husk_multiplier_above_one (0ms)
  [PASS] test_a_hungry_mutations_husk_is_worth_more_than_armoured_or_winged (0ms)
  [PASS] test_a_mutated_pests_husk_is_worth_more_than_a_plain_ones (247ms)
  [PASS] test_an_armoured_pest_takes_twice_as_long_to_chew (1ms)
  [PASS] test_a_winged_pest_flies_over_a_chomps_reach (1ms)
  [PASS] test_a_hungry_pest_does_not_advance_while_eating_a_plant (14ms)
  [PASS] test_a_hungry_pest_eventually_destroys_the_plant_it_eats (14ms)
  [PASS] test_no_mutations_show_up_before_wave_eight (0ms)
  [PASS] test_mutations_appear_from_wave_eight_on (0ms)
  [PASS] test_mutation_chance_is_flat_through_the_fixed_table (0ms)
  [PASS] test_mutation_chance_climbs_the_further_endless_mode_runs (0ms)
  [PASS] test_mutation_chance_is_capped_so_a_long_run_never_mutates_everything (0ms)
  [PASS] test_endless_waves_mutate_more_often_than_the_flat_baseline (4ms)
  [PASS] test_a_common_packet_never_rolls_above_tier_one_while_one_remains (0ms)
  [PASS] test_a_rare_packet_can_reach_the_tier_two_plant (1ms)
  [PASS] test_an_unknown_packet_tier_is_refused_not_treated_as_common (0ms)
  [PASS] test_a_sunflower_grows_seeds_once_its_interval_elapses (0ms)
  [PASS] test_a_sunflower_does_not_pay_out_early (0ms)
  [PASS] test_a_placed_sunflower_is_wired_to_the_bank (201ms)
  [PASS] test_a_sunflower_payout_carries_the_flower_it_grew_on (227ms)
  [PASS] test_game_removes_a_plant_once_its_health_reaches_zero (189ms)
  [PASS] test_a_chewing_chomp_releases_its_meal_if_the_flower_itself_is_destroyed (4ms)
  [PASS] test_a_chomps_sprite_swaps_while_its_mouth_is_full (14ms)
  [PASS] test_a_beetle_shows_the_late_bite_frame_past_60_percent_chew (14ms)
  [PASS] test_the_late_bite_frame_is_showing_by_the_time_any_chew_finishes (13ms)
  [PASS] test_a_killed_pest_shows_a_dead_sprite_and_lingers_before_freeing (13ms)
  [PASS] test_title_screen_builds_its_buttons_headlessly (14ms)
  [PASS] test_title_screen_is_named_pest_control (14ms)
  [PASS] test_title_screen_backdrop_actually_covers_the_viewport (13ms)
  [PASS] test_notebook_backdrop_actually_covers_the_viewport (102ms)
  [PASS] test_notebook_images_stay_inside_their_box (497ms)
  [PASS] test_run_config_high_score_only_ever_goes_up (15ms)
  [PASS] test_endless_mode_never_runs_out_of_waves (0ms)
  [PASS] test_campaign_mode_still_ends_at_the_fixed_table (0ms)
  [PASS] test_an_endless_wave_past_the_table_still_sends_pests (0ms)
  [PASS] test_notebook_pairs_every_drawing_with_a_sprite_that_exists (3ms)
  [PASS] test_notebook_paging_wraps_in_both_directions (219ms)
  [PASS] test_no_two_notebook_pages_show_the_same_drawing (3ms)
  [PASS] test_notebook_every_page_carries_a_caption_and_a_note (0ms)
  [PASS] test_notebook_content_stays_on_the_paper (103ms)
  [PASS] test_notebook_page_dot_marker_lerps_between_dots (0ms)
  [PASS] test_notebook_page_current_page_moves_the_dot_without_waiting_on_a_tween (12ms)
  [PASS] test_no_two_things_on_the_notebook_spread_sit_on_top_of_each_other (105ms)
  [PASS] test_notebook_arrow_keys_turn_the_page_and_escape_closes_it (302ms)
  [PASS] test_notebook_shows_the_2x_sprite_not_the_64px_board_art (121ms)
  [PASS] test_menu_buttons_are_not_left_on_the_default_theme (12ms)
  [PASS] test_the_pause_heading_names_the_profile_and_still_fits_the_card (0ms)
  [PASS] test_the_title_record_line_names_the_profile_it_is_reporting (0ms)
  [PASS] test_no_difficulty_profile_carries_an_unread_key (0ms)
  [PASS] test_save_status_text_says_what_happened_for_a_refused_or_recovered_load (0ms)
  [PASS] test_a_refused_or_recovered_load_is_visible_on_the_title_screen (40ms)
  [PASS] test_title_high_score_line_never_reads_as_a_zero_record (0ms)
  [PASS] test_title_controls_all_clear_the_scenery (13ms)
  [PASS] test_no_run_ending_button_opens_like_the_one_that_resumes (0ms)
  [PASS] test_the_start_row_names_the_wave_count_the_table_actually_holds (0ms)
  [PASS] test_the_difficulty_labels_fit_the_cells_they_are_drawn_in (0ms)
  [PASS] test_cycling_the_difficulty_visits_every_profile_and_returns (0ms)
  [PASS] test_the_title_menu_has_room_for_the_next_destination (1ms)
  [PASS] test_every_title_menu_size_lays_out_inside_its_band_without_overlap (0ms)
  [PASS] test_title_backdrop_tuft_lean_is_zero_at_rest_and_stays_bounded (0ms)
  [PASS] test_title_backdrop_glow_pulse_is_one_at_rest_and_stays_bounded (0ms)
  [PASS] test_title_backdrop_clouds_stay_inside_their_wrapped_band (0ms)
  [PASS] test_title_backdrop_ambient_motion_is_gated_off_headless (0ms)
  [PASS] test_title_focus_ring_wraps_in_both_directions (11ms)
  [PASS] test_opening_the_notebook_takes_focus_away_from_the_menu_behind_it (127ms)
  [PASS] test_the_keys_screen_is_reachable_from_the_title_and_does_not_stack (14ms)
  [PASS] test_the_keys_screen_lists_every_verb_and_reads_the_live_bindings (13ms)
  [PASS] test_every_overlay_wears_the_same_chrome (138ms)
  [PASS] test_the_overlay_opened_over_a_paused_tree_states_its_process_mode (0ms)
  [PASS] test_the_keys_screen_rebinds_a_verb_and_writes_it_down (20ms)
  [PASS] test_the_reset_asks_before_it_undoes_anything (24ms)
  [PASS] test_the_options_screen_is_reachable_from_the_title_and_does_not_stack (36ms)
  [PASS] test_the_options_screen_shows_and_flips_every_persisted_flag (40ms)
  [PASS] test_a_chomp_flowers_selection_marker_shows_even_though_it_owns_draw (1ms)
  [PASS] test_a_sunflowers_selection_marker_is_shared_from_the_base_plant_class (14ms)
  [PASS] test_selecting_a_plant_never_leaves_the_marker_mid_grow_headlessly (14ms)
  [PASS] test_recording_lane_pressure_lights_up_the_cell_at_full_strength (14ms)
  [PASS] test_recording_lane_pressure_off_the_road_is_ignored (14ms)
  [PASS] test_a_new_lane_pressure_cell_fades_the_previous_one (14ms)
  [PASS] test_lane_pressure_is_committed_even_when_the_last_life_is_lost_mid_wave (232ms)
  [PASS] test_a_richer_husk_draws_bigger_than_a_poorer_one (0ms)
  [PASS] test_husk_radius_is_clamped_at_both_ends (0ms)
  [PASS] test_the_biggest_husk_still_fits_inside_its_own_click_radius (0ms)
  [PASS] test_no_husk_the_game_drops_ever_looks_poorer_than_a_cheaper_one (0ms)
  [PASS] test_the_only_husks_that_look_alike_are_the_ones_the_pip_cap_lumps_together (1ms)
  [PASS] test_seed_glyph_opens_at_the_husks_own_radius_and_flies_to_where_its_told (242ms)
  [PASS] test_fly_seed_glyph_is_a_total_no_op_headless (199ms)
  [PASS] test_collecting_a_real_husk_through_game_reaches_fly_seed_glyph_without_error (229ms)
  [PASS] test_pest_scaling_is_exactly_neutral_through_the_fixed_table (0ms)
  [PASS] test_pest_scaling_climbs_the_further_endless_mode_runs (0ms)
  [PASS] test_pest_scaling_is_capped_so_a_very_long_run_stays_playable (0ms)
  [PASS] test_a_scaled_pest_spawns_at_full_health (2ms)
  [PASS] test_wave_scaling_and_a_mutation_compose_in_either_order (1ms)
  [PASS] test_a_pest_spawned_deep_in_endless_is_tougher_than_a_wave_one_pest (194ms)
  [PASS] test_every_cell_a_wave_lost_a_pest_at_lights_up_together (13ms)
  [PASS] test_a_busier_cell_paints_stronger_than_a_quieter_one (14ms)
  [PASS] test_the_picture_is_the_same_shape_regardless_of_wave_size (28ms)
  [PASS] test_a_single_loss_in_a_huge_wave_is_still_visible (13ms)
  [PASS] test_an_off_road_cell_in_a_batch_does_not_discard_the_rest (14ms)
  [PASS] test_an_escaped_pest_marks_the_exit_cell (223ms)
  [PASS] test_two_pests_killed_at_different_points_both_show_up (209ms)
  [PASS] test_a_new_wave_starts_the_loss_tally_over (208ms)
  [PASS] test_the_placement_preview_is_a_selection_marker (0ms)
  [PASS] test_reach_comes_from_each_plants_own_constant (0ms)
  [PASS] test_hovering_the_road_reads_as_blocked (192ms)
  [PASS] test_a_cell_you_cannot_afford_reads_as_blocked (212ms)
  [PASS] test_no_preview_is_drawn_over_a_cell_that_already_has_a_plant (211ms)
  [PASS] test_switching_the_selected_plant_redraws_the_ring_without_moving_the_mouse (214ms)
  [PASS] test_the_preview_sits_on_the_centre_of_the_cell_it_previews (255ms)
  [PASS] test_the_top_bar_readouts_never_overlap_the_wave_button (226ms)
  [PASS] test_no_two_top_bar_controls_share_pixels (231ms)
  [PASS] test_an_absurdly_long_readout_pushes_rather_than_underlaps (236ms)
  [PASS] test_a_richer_husk_rots_sooner_than_a_poorer_one (0ms)
  [PASS] test_every_husk_lifetime_stays_inside_its_two_bounds (0ms)
  [PASS] test_of_two_husks_dropped_together_the_rich_one_vanishes_first (0ms)
  [PASS] test_the_rot_ring_empties_exactly_as_the_husk_expires (0ms)
  [PASS] test_size_glow_and_urgency_all_agree_about_which_husk_is_rich (0ms)
  [PASS] test_wave_one_is_the_threat_unit (0ms)
  [PASS] test_threat_climbs_across_every_wave_of_the_fixed_table (1ms)
  [PASS] test_threat_keeps_climbing_deep_into_endless (0ms)
  [PASS] test_threat_weighs_a_beetle_heavier_than_an_aphid (0ms)
  [PASS] test_the_scheduler_and_the_threat_readout_read_the_same_wave (0ms)
  [PASS] test_the_escalation_note_is_silent_in_campaign_and_speaks_in_endless (0ms)
  [PASS] test_a_capped_scale_stops_being_announced (0ms)
  [PASS] test_the_stats_row_budget_fits_the_bar (217ms)
  [PASS] test_the_threat_level_stays_a_small_readable_number (0ms)
  [PASS] test_the_threat_level_never_goes_down_and_does_eventually_climb (1ms)
  [PASS] test_the_threat_readout_hides_itself_at_wave_one (216ms)
  [PASS] test_the_run_total_survives_fades_that_clear_the_wave_map (9ms)
  [PASS] test_the_worst_run_cell_is_the_one_that_cost_the_most_overall (13ms)
  [PASS] test_a_flawless_run_names_no_worst_cell (13ms)
  [PASS] test_ending_a_run_repaints_the_board_with_the_whole_runs_damage (14ms)
  [PASS] test_losing_the_run_leaves_the_post_mortem_on_the_board (226ms)
  [PASS] test_no_readout_clips_its_own_worst_case (192ms)
  [PASS] test_road_adjacency_is_orthogonal_and_matches_a_hungry_pests_reach (12ms)
  [PASS] test_a_cell_far_from_the_road_is_not_road_adjacent (13ms)
  [PASS] test_only_a_plant_that_cannot_fight_back_is_flagged_beside_the_road (202ms)
  [PASS] test_a_sunflower_away_from_the_road_is_not_flagged (204ms)
  [PASS] test_an_unusable_cell_is_not_also_warned_about (210ms)
  [PASS] test_an_armed_uproot_button_relabels_and_reddens (247ms)
  [PASS] test_the_selection_panel_reports_a_chewed_plants_health (237ms)
  [PASS] test_the_selection_box_stays_inside_the_side_panel_when_damaged (974ms)
  [PASS] test_project_identity_returns_the_three_key_envelope (1ms)
  [PASS] test_project_identity_root_points_at_a_real_godot_project (1ms)
  [PASS] test_project_identity_reports_a_sha_or_says_it_is_unavailable (1ms)
  [PASS] test_project_identity_is_registered_with_a_literal_name (1ms)
  [PASS] test_the_threat_tint_climbs_from_cream_to_red (0ms)
  [PASS] test_the_wave_readout_actually_wears_the_threat_tint (260ms)
  [PASS] test_the_run_summary_reports_the_numbers_the_run_produced (221ms)
  [PASS] test_the_run_summary_panel_persists_and_names_every_row (241ms)
  [PASS] test_ending_a_run_twice_leaves_exactly_one_summary (255ms)
  [PASS] test_an_important_message_is_not_wiped_by_an_ambient_one (205ms)
  [PASS] test_an_important_message_can_cut_an_ambient_one_short (197ms)
  [PASS] test_a_higher_rung_pre_empts_and_every_other_pair_waits (196ms)
  [PASS] test_show_message_says_whether_the_line_reached_the_row (226ms)
  [PASS] test_the_message_queue_cannot_grow_without_bound (206ms)
  [PASS] test_the_prep_strip_drains_and_hides_itself_once_a_wave_is_live (237ms)
  [PASS] test_the_prep_strip_pulses_in_its_final_seconds (221ms)
  [PASS] test_the_next_wave_button_pulses_once_it_is_pressable (239ms)
  [PASS] test_the_prep_strip_wears_the_next_waves_threat_not_the_last_ones (236ms)
  [PASS] test_a_packet_button_goes_dark_when_its_tier_has_nothing_left (263ms)
  [PASS] test_a_refused_placement_shakes_the_plant_bar_slot (207ms)
  [PASS] test_a_refused_packet_purchase_shakes_the_packet_button (203ms)
  [PASS] test_an_underfunded_upgrade_shakes_the_upgrade_button (204ms)
  [PASS] test_hud_motion_never_leaves_the_panel_invisible_headlessly (225ms)
  [PASS] test_the_threat_tint_still_lands_exactly_when_animation_is_off (238ms)
  [PASS] test_the_wave_banner_fits_its_own_worst_case (228ms)
  [PASS] test_the_wave_banner_shares_no_pixels_with_the_rest_of_the_hud (281ms)
  [PASS] test_the_wave_banner_appears_on_announcement_and_clears_itself (198ms)
  [PASS] test_the_wave_cleared_banner_appears_on_announcement_and_clears_itself (202ms)
  [PASS] test_clearing_a_wave_gets_a_cue_as_loud_as_starting_one (236ms)
  [PASS] test_ending_a_run_takes_the_wave_banner_down (204ms)
  [PASS] test_the_banner_has_no_generic_setter_to_become_a_second_message_row (225ms)
  [PASS] test_the_wave_banner_text_covers_both_escalation_branches (0ms)
  [PASS] test_the_post_mortem_rows_keep_clear_of_its_buttons (233ms)
  [PASS] test_every_scene_in_the_project_actually_instantiates (11ms)
  [PASS] test_every_signal_a_game_script_declares_has_a_listener (240ms)
  [PASS] test_the_catalogue_and_the_plants_agree_about_which_can_grow (197ms)
  [PASS] test_the_packet_tooltip_says_whether_the_plant_grows (0ms)
  [PASS] test_every_upgrade_button_face_fits_the_panel (199ms)
  [PASS] test_the_plant_bar_fits_a_catalogue_larger_than_todays (1ms)
  [PASS] test_the_plant_bar_refuses_rather_than_shrinking_past_a_touch_target (0ms)
  [PASS] test_no_plant_button_overlaps_the_packet_buttons (204ms)
  [PASS] test_pausing_a_run_actually_stops_the_prep_countdown (276ms)
  [PASS] test_autostart_waves_is_off_by_default_and_gates_the_prep_countdown (233ms)
  [PASS] test_the_pause_card_keeps_processing_while_the_game_it_paused_does_not (250ms)
  [PASS] test_no_packet_tooltip_names_a_plant_it_might_stop_being_about (0ms)
  [PASS] test_a_packet_tooltip_counts_what_its_tier_can_actually_reach (1ms)
  [PASS] test_no_two_pause_card_controls_share_pixels (222ms)
  [PASS] test_quitting_a_run_through_pause_still_files_the_score (231ms)
  [PASS] test_the_pause_note_describes_the_moment_it_interrupted (220ms)
  [PASS] test_every_key_the_run_handles_is_named_on_the_pause_card (1ms)
  [PASS] test_every_declared_action_is_registered_with_the_engine (1ms)
  [PASS] test_the_shipped_bindings_are_the_ones_the_run_always_had (0ms)
  [PASS] test_rebinding_a_verb_moves_the_pause_card_legend_with_it (0ms)
  [PASS] test_a_verb_cannot_be_unbound_and_a_clash_is_reported (0ms)
  [PASS] test_a_verb_arrives_as_an_action_event_as_well_as_a_key_event (452ms)
  [PASS] test_the_binding_table_answers_about_itself (0ms)
  [PASS] test_rebound_keys_survive_a_save_and_load (9ms)
  [PASS] test_a_malformed_binding_block_is_refused_like_any_other_bad_save (71ms)
  [PASS] test_pause_screen_play_exit_marks_itself_closing_and_is_idempotent (233ms)
  [PASS] test_the_pause_card_lists_the_keys_and_still_fits_its_paper (242ms)
  [PASS] test_no_pause_card_legend_row_draws_past_the_paper (235ms)
  [PASS] test_the_pause_legend_survives_the_longest_key_a_player_can_bind (840ms)
  [PASS] test_the_pause_card_is_tall_enough_for_whatever_it_holds (1ms)
  [PASS] test_a_record_set_by_quitting_is_announced_on_the_title_screen (11ms)
  [PASS] test_no_colour_value_is_declared_twice_across_the_palettes (145ms)
  [PASS] test_the_huds_semantic_colour_names_survive_the_merge (0ms)
  [PASS] test_the_hud_still_refuses_the_shared_theme (228ms)
  [PASS] test_the_notebook_opens_from_the_pause_card_and_the_run_stays_held (261ms)
  [PASS] test_closing_the_notebook_gives_the_pause_card_back_still_paused (238ms)
  [PASS] test_escape_in_the_notebook_closes_it_without_unpausing_the_run (275ms)
  [PASS] test_the_notebook_over_a_pause_is_not_frozen_by_the_pause_that_owns_it (261ms)
  [PASS] test_the_keys_screen_opens_from_the_pause_card_and_the_run_stays_held (256ms)
  [PASS] test_escape_in_the_keys_screen_closes_it_without_unpausing_the_run (284ms)
  [PASS] test_the_options_screen_opens_from_the_pause_card_and_the_run_stays_held (301ms)
  [PASS] test_escape_in_the_options_screen_closes_it_without_unpausing_the_run (310ms)
  [PASS] test_flipping_the_colourblind_bars_mid_run_repaints_the_board_on_resume (309ms)
  [PASS] test_rebinding_from_the_pause_card_redraws_the_legend_under_it (306ms)
  [PASS] test_the_pause_card_centres_itself_and_fits_a_real_viewport (1ms)
  [PASS] test_the_notebook_subheading_stays_narrower_than_the_paper (102ms)
  [PASS] test_the_road_still_has_the_length_and_cell_count_the_constants_were_measured_against (12ms)
  [PASS] test_the_road_dependent_constants_are_the_ones_that_read_the_road (1ms)
  [PASS] test_the_husk_margin_reads_the_road_but_does_not_depend_on_it (19ms)
  [PASS] test_the_placement_brackets_come_from_the_palette_and_still_look_the_same (0ms)
  [PASS] test_every_game_class_is_at_least_named_somewhere_in_the_test_suite (555ms)
  [PASS] test_the_suite_reach_baseline_lists_only_symbols_the_game_still_declares (13ms)
  [PASS] test_the_suite_reach_baseline_lists_only_symbols_no_test_names (675ms)
  [PASS] test_the_reach_corpus_blanker_drops_string_bodies_and_keeps_code (0ms)
  [PASS] test_the_suite_reach_checker_still_declares_its_house_contract (1ms)
  [PASS] test_the_wash_order_counter_resets_once_the_last_patch_on_the_board_is_gone (2ms)
  [PASS] test_hit_flash_color_boosts_channels_but_leaves_alpha_alone (0ms)
  [PASS] test_flash_hit_is_a_no_op_on_a_pest_that_is_already_dead (13ms)
  [PASS] test_a_kernel_that_connects_but_does_not_kill_flashes_the_pest_it_hit (21ms)
  [PASS] test_a_kernel_that_kills_its_pest_leaves_it_dead (2ms)
  [PASS] test_music_should_play_respects_mute_and_headless (0ms)
  [PASS] test_music_track_for_scene_maps_title_and_game (0ms)
  [PASS] test_every_music_track_actually_loads_and_loops (6ms)
  [PASS] test_music_play_for_scene_updates_current_track_headlessly (0ms)
  [PASS] test_music_refresh_mute_and_stop_all_do_not_touch_track_selection (0ms)
  [PASS] test_music_mute_is_independent_of_sfx_mute (0ms)
  [PASS] test_the_wave_button_reaches_the_cue_handler_and_still_starts_the_wave (315ms)
  [PASS] test_a_dull_run_earns_no_milestone_at_all (0ms)
  [PASS] test_each_milestone_fires_on_the_number_it_names_and_not_before (0ms)
  [PASS] test_an_endless_run_that_never_ends_cannot_earn_the_campaign_clear (0ms)
  [PASS] test_a_run_that_swept_nothing_because_nothing_dropped_is_not_a_clean_sweep (0ms)
  [PASS] test_every_milestone_id_has_a_rule_and_a_title (1ms)
  [PASS] test_the_milestone_ribbon_clears_the_card_and_the_map_legend (0ms)
  [PASS] test_the_post_mortem_lists_the_milestones_the_run_just_earned (5ms)
  [PASS] test_a_run_with_no_new_milestones_draws_no_ribbon (14ms)
  [PASS] test_the_flag_actually_picks_a_different_ramp_for_both_bars (0ms)
  [PASS] test_the_safe_ramp_separates_its_ends_in_more_than_the_red_green_channel (0ms)
  [PASS] test_the_two_bars_agree_about_which_ramp_is_on (0ms)
  [PASS] test_the_threat_ramp_still_climbs_without_going_backwards_on_the_safe_palette (0ms)
  [PASS] test_toggling_the_option_is_persisted_and_reversible (7ms)
  [PASS] test_the_health_bar_the_hud_draws_goes_through_the_switch (391ms)
  [PASS] test_the_notebook_has_exactly_one_shelf_page (0ms)
  [PASS] test_the_milestone_shelf_lists_every_milestone_earned_or_not (122ms)
  [PASS] test_the_shelf_tells_earned_from_unearned_without_using_colour (116ms)
  [PASS] test_the_shelf_progress_line_counts_the_table_and_not_the_save (123ms)
  [PASS] test_the_milestone_shelf_fits_the_page (123ms)
  [PASS] test_the_in_world_plant_bar_reads_the_same_ramp_the_hud_does (0ms)
  [PASS] test_toggling_the_option_repaints_the_bars_already_on_the_board (269ms)
  [PASS] test_no_test_persists_through_the_players_own_save (40ms)
  [PASS] test_update_facing_maps_every_cardinal_to_the_art_up_screen_convention (0ms)
  [PASS] test_the_gait_offsets_the_facing_rotation_rather_than_replacing_it (13ms)
  [PASS] test_with_animations_off_a_pest_holds_its_bare_facing_and_scale (13ms)
  [PASS] test_pests_spawned_in_a_column_walk_on_different_phases (0ms)
  [PASS] test_each_mutation_gets_its_own_gait (0ms)
  [PASS] test_a_hungry_pest_lunges_rather_than_scuttling_harder (0ms)
  [PASS] test_gait_compute_composes_swing_rate_yaw_and_stretch_from_its_own_pure_pieces (0ms)
  [PASS] test_the_gait_rate_follows_speed_but_is_clamped_at_both_ends (0ms)
  [PASS] test_the_overlay_grammar_holds_where_it_is_mechanical (1ms)
  [PASS] test_a_corpse_lies_differently_depending_on_what_killed_it (12ms)
  [PASS] test_a_pest_killed_mid_stride_leaves_a_straight_corpse (14ms)
  [PASS] test_only_a_boss_answers_the_split_question_at_all (0ms)
  [PASS] test_the_queens_sprite_counts_out_the_brood_it_bursts_into (1ms)
  [PASS] test_the_boss_is_a_species_and_not_a_fourth_mutation (3ms)
  [PASS] test_a_queen_is_a_boss_sized_pest_on_every_axis_that_matters (0ms)
  [PASS] test_a_queen_survives_one_maxed_corn_cobbler_and_falls_to_four (1ms)
  [PASS] test_a_queen_bursts_into_her_brood_where_she_fell (197ms)
  [PASS] test_a_queen_that_reaches_the_exit_leaves_no_brood_at_all (241ms)
  [PASS] test_enter_road_at_drops_a_pest_onto_the_leg_it_is_told_and_clamps_the_rest (0ms)
  [PASS] test_the_road_budget_counts_the_bodies_a_boss_becomes (0ms)
  [PASS] test_every_campaign_wave_stays_inside_the_road_budget_brood_included (0ms)
  [PASS] test_the_campaign_builds_to_its_boss_rather_than_opening_with_one (0ms)
  [PASS] test_a_queen_floats_her_health_bar_clear_of_her_own_sprite (0ms)
  [PASS] test_the_dandelion_has_one_drawn_frame_for_every_seed_it_can_hold (0ms)
  [PASS] test_a_volley_opens_at_two_seeds_and_stays_open_until_the_head_is_bald (0ms)
  [PASS] test_a_dandelion_empties_its_head_seed_by_seed_and_grows_it_back (1ms)
  [PASS] test_the_dandelions_drawn_head_follows_its_seed_count (236ms)
  [PASS] test_a_seed_bomb_arcs_to_a_point_instead_of_travelling_a_direction (2ms)
  [PASS] test_a_seed_bomb_hits_everything_in_its_blast_and_nothing_outside_it (14ms)
  [PASS] test_the_dandelion_aims_at_the_crowd_rather_than_the_leader (14ms)
  [PASS] test_the_dandelion_is_priced_against_the_four_plants_it_stands_beside (0ms)
  [PASS] test_only_an_epic_packet_can_hand_over_the_dandelion (0ms)
  [PASS] test_the_packet_tiers_are_listed_cheapest_first_and_none_is_missing (0ms)
  [PASS] test_the_packet_rack_fits_between_the_plant_bar_and_the_selection_box (279ms)
  [PASS] test_the_overlay_base_builds_each_piece_of_its_chrome_where_it_is_told (11ms)
  [PASS] test_the_overlay_footer_is_derived_from_the_paper_and_measured_against_the_rows (13ms)
  [PASS] test_the_back_button_the_overlay_base_builds_answers_through_back_requested (14ms)
  [PASS] test_the_title_menu_pairs_its_secondary_destinations_two_to_a_row (0ms)
  [PASS] test_the_title_menu_row_heights_follow_the_primary_count (0ms)
  [PASS] test_the_cards_own_measurement_agrees_with_the_labels_it_builds (209ms)
  [PASS] test_rebinding_while_the_card_is_open_keeps_the_legend_on_the_card (805ms)
  [PASS] test_the_keys_screen_shows_a_long_key_in_full (594ms)
  [PASS] test_weather_follows_a_rule_and_not_a_hand_typed_column (0ms)
  [PASS] test_weather_reaches_the_plants (220ms)
  [PASS] test_every_weather_has_a_headline_and_a_note (0ms)
  [PASS] test_a_cob_quotes_the_rate_it_will_actually_fire_at (241ms)
  [PASS] test_the_record_rolls_up_from_the_one_it_beat (16ms)
  [PASS] test_the_prep_note_says_what_the_next_wave_is_worth (196ms)
  [PASS] test_the_prep_note_yields_to_a_message_and_comes_back (267ms)
  [PASS] test_a_message_that_reads_like_the_note_is_not_mistaken_for_it (284ms)
  [PASS] test_the_last_wave_says_that_it_is_the_last (285ms)
  [PASS] test_every_player_message_names_a_verb_or_says_why_not (0ms)
  [PASS] test_a_refusal_is_shown_as_a_sentence_and_says_what_to_do (0ms)
  [PASS] test_the_message_corpus_covers_every_catalogue_producer (0ms)
  [PASS] test_no_message_clips_for_any_plant_in_the_catalogue (195ms)
  [PASS] test_the_armed_reset_marks_the_rows_it_will_take_back (585ms)
  [PASS] test_the_hud_is_inert_while_an_overlay_is_open (246ms)
  [PASS] test_an_armed_uproot_marks_the_bed_it_will_remove (222ms)
  [PASS] test_a_drought_pays_more_and_says_so (219ms)
  [PASS] test_every_row_limited_surface_is_exactly_full (0ms)
  [PASS] test_rows_that_fit_counts_the_last_row_that_actually_lands (0ms)
  [PASS] test_every_devtools_entry_point_names_a_method_that_exists (2ms)
  [PASS] test_the_weather_overlay_scatters_marks_across_the_whole_board (0ms)
  [PASS] test_the_weather_overlay_is_silent_when_the_weather_is_clear (0ms)
  [PASS] test_drought_and_rain_are_different_textures_before_they_are_different_colours (0ms)
  [PASS] test_a_full_message_queue_refuses_a_tie_and_evicts_a_loser (0ms)
  [PASS] test_the_hud_counts_the_lines_it_never_showed (214ms)
  [PASS] test_arming_an_uproot_defers_the_loss_notice_rather_than_erasing_it (213ms)
  [PASS] test_the_loss_notice_is_lost_only_in_a_state_real_play_does_not_reach (251ms)
  [PASS] test_a_line_the_player_has_had_time_to_read_is_not_brought_back (0ms)
  [PASS] test_a_read_line_is_retired_and_an_unread_one_resumes (228ms)
  [PASS] test_a_plant_button_says_the_price_and_nothing_else (5ms)
  [PASS] test_the_nettle_sting_carries_a_row_in_all_four_sfx_tables (0ms)
  [PASS] test_the_sting_is_told_apart_from_everything_sharing_its_file (0ms)
  [PASS] test_the_gains_read_as_a_scale (0ms)
  [PASS] test_a_bank_of_nettles_cannot_machine_gun_the_sting (0ms)
  [PASS] test_the_sting_reaches_a_voice_carrying_its_own_numbers (0ms)
  [PASS] test_the_rain_phase_advances_with_delta (0ms)
  [PASS] test_a_falling_rain_mark_scrolls_along_the_slant_and_stays_on_the_board (1ms)
  [PASS] test_only_rain_moves_and_only_when_motion_is_allowed (0ms)
  [PASS] test_the_top_bar_wears_the_notebooks_page_rules (229ms)
  [PASS] test_a_spent_packet_button_says_so_on_its_face_not_only_in_its_tooltip (311ms)
  [PASS] test_every_packet_tier_has_a_spent_label_distinct_from_its_priced_one (0ms)
  [PASS] test_hovering_a_packet_lights_exactly_the_locked_plants_it_can_hand_over (249ms)
  [PASS] test_the_wave_button_wears_the_paper_look_without_a_theme (226ms)
  [PASS] test_the_wave_buttons_text_fits_its_budgeted_slot (212ms)
  [PASS] test_every_colour_the_top_bar_writes_in_reads_on_the_bar (0ms)
  [PASS] test_the_packet_a_locked_plant_points_at_is_derived_from_the_pools (1ms)
  [PASS] test_the_speed_toggle_walks_its_table_and_lands_on_the_engine (0ms)
  [PASS] test_the_speed_table_goes_both_faster_and_slower_than_normal (0ms)
  [PASS] test_a_paused_run_reads_at_1x_and_comes_back_at_the_speed_it_was_held_at (201ms)
  [PASS] test_leaving_a_run_puts_the_engine_clock_back (184ms)
  [PASS] test_a_run_that_ends_drops_back_to_1x (229ms)
  [PASS] test_cycling_behind_the_pause_card_cannot_speed_the_card_up (0ms)
  [PASS] test_the_speed_verb_is_bound_and_listed_where_a_player_can_find_it (12ms)
  [PASS] test_the_keys_panel_holds_every_verb_and_stays_on_the_screen (15ms)
  [PASS] test_the_speed_button_is_wide_enough_for_every_label_it_can_show (0ms)
  [PASS] test_the_hud_carries_the_speed_button (237ms)
  [PASS] test_the_run_state_carries_the_speed_the_hud_has_to_draw (190ms)
  [PASS] test_the_speed_button_reports_the_press_and_owns_no_clock (270ms)
  [PASS] test_a_hinted_plant_lights_up_and_names_the_packet_that_holds_it (0ms)
  [PASS] test_an_unaffordable_plant_tints_differently_from_a_locked_one (1ms)
  [PASS] test_the_seeds_readout_flash_differs_between_a_spend_and_a_gain (0ms)
  [PASS] test_the_cheapest_upgrade_skips_a_plant_with_no_rung_left (2ms)
  [PASS] test_the_upgrade_tip_waits_until_the_player_can_afford_it_and_fires_once (243ms)
  [PASS] test_a_placement_and_an_upgrade_each_land_on_the_run_s_own_spend (220ms)
  [PASS] test_the_run_summary_says_where_the_seeds_went_without_grading_it (3ms)
  [PASS] test_the_devtools_bridge_stays_out_of_a_players_build (3ms)
  [PASS] test_the_spend_row_fits_its_column_at_endless_magnitudes (10ms)
  [PASS] test_the_hud_lays_itself_out_against_the_live_viewport_not_the_setting (864ms)
  [PASS] test_the_hud_relays_itself_out_when_the_viewport_changes_shape (225ms)
  [PASS] test_the_top_row_fits_the_narrowest_viewport_the_stretch_mode_can_produce (193ms)
  [PASS] test_a_canvas_too_narrow_for_the_top_row_reports_the_shortfall (206ms)
  [PASS] test_no_two_hud_controls_share_pixels_at_any_viewport_shape (1005ms)
  [PASS] test_only_the_named_files_still_read_the_viewport_setting (17ms)
  [PASS] test_screen_metrics_answers_design_and_live_as_separate_questions (0ms)
  [PASS] test_every_full_screen_surface_covers_a_wider_than_design_canvas (154ms)
  [PASS] test_a_resize_moves_the_covering_layer_and_leaves_the_composition (28ms)
  [PASS] test_the_overlay_papers_centre_on_the_live_canvas (133ms)
  [PASS] test_the_row_budgets_do_not_follow_the_window (39ms)
  [PASS] test_the_title_button_column_reports_the_column_that_is_drawn (13ms)
  [PASS] test_every_positional_devtools_verb_refuses_a_call_with_no_position (0ms)
  [PASS] test_spawn_pest_answers_a_bad_mutations_argument_instead_of_dying_in_its_reply (0ms)
  [PASS] test_the_uproot_clock_is_never_written_without_the_arming (11ms)
  [PASS] test_the_stats_row_is_described_by_one_table (0ms)
  [PASS] test_the_wave_readouts_finite_branch_fits_its_slot (173ms)
  [PASS] test_the_uproot_button_prints_the_net_of_the_trade (0ms)
  [PASS] test_the_uproot_buttons_worst_case_fits_the_selection_box (219ms)
  [PASS] test_the_resting_uproot_button_prices_the_replant_off_the_live_bank (238ms)
  [PASS] test_the_seeds_roll_counts_the_whole_way_in_both_directions (0ms)
  [PASS] test_a_small_seed_change_snaps_and_every_real_price_rolls (0ms)
  [PASS] test_a_seed_change_leaves_the_readout_holding_the_final_total (268ms)
  [PASS] test_the_page_frames_corners_turn_more_cleanly_than_its_own_wobble (0ms)
  [PASS] test_every_hint_has_a_notebook_card (0ms)
  [PASS] test_every_hint_card_claim_still_holds (24ms)
  [PASS] test_a_hint_card_reads_in_full_whether_or_not_the_game_has_shown_it (0ms)
  [PASS] test_the_hint_cards_agree_with_the_tips_the_message_row_posts (0ms)
  [PASS] test_the_post_mortem_score_line_names_the_profile_in_every_branch (0ms)
  [PASS] test_a_first_record_does_not_read_as_a_new_best (0ms)
  [PASS] test_an_absent_previous_best_is_not_read_as_a_first_record (0ms)
  [PASS] test_a_first_record_earns_a_row_on_the_ribbon_of_firsts (6ms)
  [PASS] test_the_widest_ribbon_this_game_can_draw_still_clears_the_rise (0ms)
  [PASS] test_the_cleared_line_carries_the_forecast_rather_than_hiding_it (0ms)
  [PASS] test_a_drought_is_never_a_quieter_cue_than_rain (0ms)
  [PASS] test_the_seed_sink_is_finite_while_the_seed_income_is_not (0ms)
  [PASS] test_the_pause_door_opens_the_legend_and_says_so_before_you_press_it (24ms)
  [PASS] test_no_plant_selection_could_have_produced_the_page_the_pause_door_opens (0ms)
  [PASS] test_two_of_the_catalogues_plants_have_no_spec_page_to_send_a_player_to (0ms)
  [PASS] test_the_legend_is_never_one_press_from_a_plants_page (207ms)
  [PASS] test_the_selection_corpus_is_derived_from_the_catalogue_and_both_ladders (4ms)
  [PASS] test_hud_selection_producers_agree_with_hud_own_forwarding_wrappers (0ms)
  [PASS] test_every_selection_detail_producer_is_priced_by_the_corpus (0ms)
  [PASS] test_the_selection_stack_arithmetic_matches_what_hud_wrote_down (0ms)
  [PASS] test_no_selection_line_pushes_the_panel_buttons_out_through_its_foot (205ms)
  [PASS] test_a_deliberately_worsened_selection_line_falls_through_its_floor (387ms)
  [PASS] test_the_wrapped_row_count_agrees_with_a_real_label (242ms)
  [PASS] test_the_run_prices_the_selection_panel_among_its_budgets (370ms)
  [PASS] test_the_run_summarys_widest_value_fits_its_column (23ms)
  [PASS] test_every_corpus_state_moves_every_row_off_its_default (10ms)
  [PASS] test_a_worsened_run_summary_value_falls_through_its_floor (8ms)
  [PASS] test_the_packet_rack_label_fits_the_button_it_is_drawn_in (0ms)
  [PASS] test_a_long_named_packet_tier_falls_through_the_racks_floor (0ms)
  [PASS] test_a_seeded_wave_is_reproducible_and_one_extra_draw_reshuffles_it (0ms)
  [PASS] test_a_bramble_stops_an_ordinary_pest_and_it_walks_on_once_the_wall_is_gone (1ms)
  [PASS] test_a_winged_pest_walks_straight_past_a_bramble (14ms)
  [PASS] test_a_bramble_is_chewed_at_a_quarter_speed_and_holds_four_times_as_long (2ms)
  [PASS] test_only_the_bramble_stands_on_the_road_and_it_stands_nowhere_else (249ms)
  [PASS] test_a_husk_on_the_road_is_swept_rather_than_planted_over (199ms)
  [PASS] test_a_resisting_plant_takes_exactly_the_fraction_it_declares (3ms)
  [PASS] test_only_a_plant_that_resists_gets_the_holds_line (330ms)
  [PASS] test_the_holds_line_is_priced_by_the_selection_budget (0ms)
  [PASS] test_every_overlay_makes_everything_under_it_unfocusable (284ms)
  [PASS] test_a_bramble_wears_a_worse_frame_the_further_it_is_chewed (0ms)
  [PASS] test_the_wall_sprite_follows_the_damage_in_both_directions (7ms)
  [PASS] test_every_bramble_frame_is_the_same_plant_standing_in_the_same_place (3ms)
  [PASS] test_the_brambles_ladder_buys_time_and_makes_every_heal_worth_more (0ms)
  [PASS] test_every_shop_blurb_is_true_of_the_code_that_makes_it_true (9ms)
  [PASS] test_a_touch_plants_where_the_finger_lifts_not_where_it_landed (285ms)
  [PASS] test_the_placement_ghost_wears_the_selected_plants_own_art (218ms)
  [PASS] test_the_snap_radius_cannot_reach_past_the_ring_it_searches (0ms)
  [PASS] test_a_dragging_finger_snaps_to_a_cell_that_would_take_the_plant (340ms)
  [PASS] test_a_tap_is_never_snapped_so_a_finger_can_still_select_a_plant (261ms)
  [PASS] test_the_drag_cue_and_the_drag_commit_choose_the_same_cell (18394ms)
  [PASS] test_a_binding_that_did_not_reach_disk_says_so (9ms)
  [PASS] test_the_chomps_shop_line_is_true_of_the_chew_table (6ms)
  [PASS] test_the_rot_floor_is_a_floor_and_the_curve_still_sorts_below_it (0ms)
  [PASS] test_the_road_rule_is_told_once_and_only_for_a_plant_that_goes_there (414ms)
  [PASS] test_a_packet_that_hands_over_a_road_plant_tells_the_rule_too (227ms)
  [PASS] test_no_plant_that_cannot_touch_a_pest_claims_to_be_waiting_for_one (950ms)
  [PASS] test_an_armed_move_never_shows_green_over_a_cell_the_moved_plant_cannot_stand_on (374ms)
  [PASS] test_a_wall_is_chewed_through_and_a_bed_is_eaten_by_something_hungry (1ms)
  [PASS] test_the_legend_note_counts_the_rows_the_legend_actually_has (0ms)
  [PASS] test_count_word_falls_back_to_a_digit_past_its_table (0ms)
  [PASS] test_a_refused_message_records_which_line_was_dropped (229ms)
  [PASS] test_the_refused_log_is_capped_and_keeps_the_newest (215ms)
  [PASS] test_the_message_row_reports_its_own_live_state (217ms)
  [PASS] test_weather_is_taught_on_screen_which_is_why_the_notebook_has_no_page_for_it (0ms)
  [PASS] test_two_packets_opened_at_once_both_get_their_reveal (209ms)
  [PASS] test_a_queued_packet_keeps_its_own_tier (218ms)
  [PASS] test_a_flourish_waits_for_a_reveal_that_is_still_being_read (235ms)
  [PASS] test_a_milestone_id_that_cannot_round_trip_is_refused_at_the_door (0ms)
  [PASS] test_every_recordable_milestone_survives_the_parser (0ms)
  [PASS] test_uproot_press_accepted_enumerates_the_successes_not_the_failures (0ms)
  [PASS] test_the_arming_click_is_a_success_and_leaves_the_plant_in_the_ground (255ms)
  [PASS] test_a_build_that_merely_inherits_its_floors_says_nothing (0ms)
  [PASS] test_a_build_that_spends_a_rows_last_pixel_says_so (0ms)
  [PASS] test_an_accepted_row_that_lifted_reports_the_list_as_stale (0ms)
  [PASS] test_every_accepted_floor_id_is_a_real_budget (0ms)
  [PASS] test_this_build_warns_about_no_new_floor_at_startup (430ms)
  [PASS] test_every_overlay_screen_declares_a_node_name_and_they_are_distinct (1ms)
  [PASS] test_the_pause_card_hands_back_the_overlay_that_is_actually_up (277ms)
  [PASS] test_the_second_act_costs_what_its_comment_says_it_costs (0ms)
  [PASS] test_the_campaign_ramp_spends_the_endless_ceiling_without_reordering_it (0ms)
  [PASS] test_the_static_measurement_agrees_with_a_real_label_at_every_size_it_is_priced_at (8ms)
  [PASS] test_every_budget_measures_at_the_size_its_own_widget_resolves (245ms)
  [PASS] test_the_static_measurement_takes_the_widest_line_the_way_a_label_does (12ms)
  [PASS] test_the_message_duration_bands_are_ordered_by_what_the_player_must_do (0ms)
  [PASS] test_no_message_duration_is_derivable_from_the_length_of_its_own_text (0ms)
  [PASS] test_the_two_overridden_message_durations_stay_pinned_to_their_own_clocks (0ms)
  [PASS] test_the_default_message_duration_is_the_ambient_band (233ms)
  [PASS] test_an_overlay_makes_what_it_covers_inert_without_being_asked (40ms)
  [PASS] test_an_overlay_hands_the_surface_back_even_when_nobody_closes_it (40ms)
  [PASS] test_holding_a_control_twice_still_remembers_what_it_was (27ms)
  [PASS] test_the_glyph_rule_covers_exactly_the_printable_keys_the_engine_names_badly (1ms)
  [PASS] test_glyph_for_answers_only_inside_the_printable_block (0ms)
  [PASS] test_short_names_is_exactly_the_keys_the_glyph_rule_cannot_reach (624ms)
  [PASS] test_widening_the_short_names_did_not_raise_the_widest_key_label (1187ms)
  [PASS] test_the_dead_ground_hint_waits_for_a_hovered_packet (283ms)
  [PASS] test_the_dead_ground_hint_is_spent_only_once (245ms)
  [PASS] test_the_standard_profile_is_derived_from_the_constants_it_replaces (0ms)
  [PASS] test_a_difficulty_profile_shapes_the_run_it_starts (229ms)
  [PASS] test_an_unknown_difficulty_falls_back_to_standard_rather_than_crashing (207ms)
  [PASS] test_the_post_mortem_counts_beds_against_the_beds_the_run_started_with (225ms)
  [PASS] test_every_prep_relative_claim_survives_the_tightest_profile (0ms)
  [PASS] test_moving_a_plant_keeps_the_same_plant_at_the_new_cell (300ms)
  [PASS] test_a_move_always_costs_something_and_always_beats_uprooting (270ms)
  [PASS] test_a_refused_move_costs_nothing_and_leaves_the_plant_where_it_was (290ms)
  [PASS] test_the_move_window_holds_while_a_destination_is_hovered (279ms)
  [PASS] test_a_click_just_after_the_window_lapses_does_not_buy_a_plant (297ms)
  [PASS] test_the_armed_panel_says_the_move_and_its_price (301ms)
  [PASS] test_the_armed_move_hint_fits_the_panel_it_is_drawn_in (373ms)
  [PASS] test_every_plant_has_a_sport_and_every_sport_is_strictly_better (1ms)
  [PASS] test_no_sport_name_is_wider_than_the_catalogue_already_is (0ms)
  [PASS] test_a_sport_is_never_a_parent (214ms)
  [PASS] test_the_pair_scan_finds_each_edge_once_and_only_between_matching_kinds (0ms)
  [PASS] test_a_sport_only_lands_where_that_kind_could_have_been_planted (226ms)
  [PASS] test_a_boxed_in_pair_never_spends_a_tick (234ms)
  [PASS] test_a_sport_is_rare_enough_to_stay_an_event (0ms)
  [PASS] test_a_quiet_tick_draws_once_so_a_seed_reproduces_a_garden (222ms)
  [PASS] test_every_sport_reads_its_own_buff_through_its_own_plant (221ms)
  [PASS] test_a_sport_wears_its_own_art_and_its_mark_and_an_ordinary_plant_wears_neither (229ms)
  [PASS] test_every_frame_a_plant_can_wear_has_a_sport_twin_that_actually_loads (30ms)
  [PASS] test_the_sport_path_resolver_is_stable_and_asks_the_plant_not_the_kind (0ms)
  [PASS] test_the_sport_suffix_agrees_with_the_sprite_gate (11ms)
  [PASS] test_the_sport_message_names_the_plant_and_what_it_does (0ms)
  [PASS] test_the_sport_badge_stays_clear_of_the_health_bar_and_never_pulses_away (1ms)
  [PASS] test_the_hardest_patch_sets_the_speed_whichever_one_caught_the_pest_first (249ms)
  [PASS] test_a_sport_is_refused_the_road_unless_it_is_the_plant_that_belongs_there (227ms)
  [PASS] test_two_games_on_one_seed_throw_the_same_sports_in_the_same_cells (823ms)
  [PASS] test_every_stream_a_run_owns_is_reachable_from_one_seeder (225ms)
  [PASS] test_a_right_click_clears_the_selected_plant (253ms)
  [PASS] test_a_right_click_cancels_an_armed_uproot (296ms)
  [PASS] test_a_right_click_with_nothing_selected_is_left_alone (221ms)
  [PASS] test_holding_a_plant_button_reveals_its_tooltip_and_blocks_the_purchase (230ms)
  [PASS] test_a_quick_tap_still_buys_the_plant_it_taps (202ms)
  [PASS] test_hud_long_press_watch_and_consume_suppressed_are_named_directly (6ms)
  [PASS] test_web_audio_playback_type_is_stream_not_sample (0ms)
  [PASS] test_only_the_two_documented_buses_are_created_at_runtime (0ms)
  [PASS] test_the_walked_route_is_the_2112_px_the_cutworm_was_sized_against (1ms)
  [PASS] test_the_fillet_shortens_the_spine_and_so_is_not_what_the_walk_is_measured_on (0ms)
  [PASS] test_a_zero_fillet_returns_the_road_unrounded (0ms)
  [PASS] test_no_part_of_the_cutworms_body_ever_leaves_the_dirt (130ms)
  [PASS] test_the_peristaltic_swing_is_whatever_the_lane_has_left_after_the_girth (0ms)
  [PASS] test_the_species_hooks_are_the_identity_for_every_whole_body_pest (10ms)
  [PASS] test_the_cutworms_zones_are_where_the_body_says_they_are (0ms)
  [PASS] test_an_untracked_hit_on_the_cutworm_is_worth_the_hide (1ms)
  [PASS] test_the_cutworm_is_still_on_the_board_after_its_head_has_left (2ms)
  [FAIL] test_a_chomp_refuses_the_cutworm_and_still_takes_everything_else (14ms)
         aphid is still a meal the mouth will take: Expected true but got false
  [PASS] test_a_sundews_slow_is_untouched_for_everything_but_the_cutworm (0ms)
  [PASS] test_the_cutworms_pulse_is_one_wave_both_readers_share (0ms)
  [PASS] test_the_cutworms_weak_band_rides_a_fixed_distance_behind_the_head (0ms)
  [PASS] test_the_cutworms_head_distance_is_the_number_progress_reports (1ms)
  [PASS] test_the_fillet_handles_the_roads_it_is_not_walking_today (0ms)
  [PASS] test_the_cutworms_body_sweep_produces_quads_a_triangulator_would_refuse (0ms)
  [PASS] test_the_cutworms_frame_cost_stays_inside_its_budget (1ms)
  [PASS] test_the_cutworm_costs_nothing_to_draw_before_it_has_emerged (0ms)
  [PASS] test_only_the_armed_plant_wears_the_bar_ring (544ms)
  [PASS] test_the_armed_ring_does_not_swallow_the_button_underneath_it (199ms)
  [PASS] test_the_ghost_lifts_clear_of_a_finger_and_never_of_a_cursor (0ms)
  [PASS] test_a_lifted_ghost_still_promises_the_cell_the_brackets_are_on (237ms)
  [PASS] test_nothing_armed_buys_nothing_and_shows_no_promise (230ms)
  [PASS] test_planting_disarms_and_a_refusal_leaves_the_pick_alone (320ms)
  [PASS] test_right_click_clears_the_whole_selection (367ms)
  [PASS] test_a_finger_leaving_the_board_disarms_the_pick (297ms)
  [PASS] test_a_bee_enters_off_the_board_crosses_it_and_leaves_off_it_again (6ms)
  [PASS] test_the_bee_path_never_tears_between_two_frames (35ms)
  [PASS] test_a_bout_flies_the_same_way_twice_and_two_bouts_do_not (0ms)
  [PASS] test_the_bee_schedule_stays_inside_the_ranges_it_was_tuned_to (1ms)
  [PASS] test_a_bee_leaves_by_a_different_edge_than_it_came_in_by (1ms)
  [PASS] test_bees_sit_out_the_rain_and_only_the_rain (0ms)
  [PASS] test_the_two_airborne_shadows_in_this_game_are_the_same_shadow (0ms)
  [PASS] test_a_bees_two_wings_beat_against_each_other (0ms)
  [PASS] test_the_bee_hash_spreads_and_its_edge_points_land_on_the_side_they_name (1ms)
  [PASS] test_a_bee_points_the_way_it_is_travelling (1ms)
  [PASS] test_the_bee_layer_reports_what_it_is_doing_while_it_does_it (0ms)
  [PASS] test_every_plant_and_every_pest_gets_exactly_one_skins_row (0ms)
  [PASS] test_plant_ids_and_has_family_answer_directly (0ms)
  [PASS] test_pest_targets_are_derived_from_pest_species_not_a_list (0ms)
  [PASS] test_the_default_skin_is_always_unlocked_and_white (0ms)
  [PASS] test_a_milestone_gated_skin_locks_until_its_milestone_is_earned (0ms)
  [PASS] test_an_unknown_skin_id_is_locked_and_untinted (0ms)
  [PASS] test_unlocked_families_grows_exactly_with_earned_milestones (0ms)
  [PASS] test_next_unlocked_cycles_the_unlocked_set_and_wraps (0ms)
  [PASS] test_set_skin_refuses_an_unknown_target (0ms)
  [PASS] test_set_skin_refuses_a_skin_not_yet_unlocked (0ms)
  [PASS] test_set_skin_persists_once_the_milestone_is_earned (14ms)
  [PASS] test_selected_skin_falls_back_to_default_if_its_milestone_is_no_longer_earned (2ms)
  [PASS] test_compose_and_parse_skins_line_round_trip (0ms)
  [PASS] test_compose_skins_line_drops_default_selections (0ms)
  [PASS] test_parse_skins_line_refuses_malformed_lines (0ms)
  [PASS] test_a_v9_save_loads_forward_with_no_skins_selected (8ms)
  [PASS] test_a_placed_plant_wears_its_chosen_skins_tint (10ms)
  [PASS] test_a_spawned_pest_wears_its_chosen_skins_tint_until_a_mutation_lands (8ms)
  [PASS] test_set_pest_skin_applies_and_reapplies_the_tint_directly (0ms)
  [PASS] test_the_skins_screen_declares_a_distinct_node_name (0ms)
  [PASS] test_page_capacity_is_positive_and_matches_the_built_rows (6ms)
  [PASS] test_the_skins_screen_pages_through_every_target_exactly_once (14ms)
  [PASS] test_pressing_a_row_button_advances_the_selection_and_persists_it (15ms)
  [PASS] test_the_hud_button_emits_skins_requested (239ms)
  [PASS] test_the_hud_button_opens_skins_over_a_paused_run_and_the_pause_card_goes_inert (236ms)
  [PASS] test_every_sprite_declared_by_the_contract_exists (18ms)
  [PASS] test_sprites_are_square_and_kit_sized (29ms)
  [PASS] test_retina_is_exactly_double (39ms)
  [PASS] test_sprites_actually_drew_something (27ms)
  [PASS] test_content_is_bilaterally_centred (29ms)
  [PASS] test_content_stays_inside_the_canvas (25ms)
  [PASS] test_rendered_png_matches_its_svg_source_size (150ms)
  [PASS] test_expected_size_agrees_with_the_authored_svg_canvas (34ms)
  [PASS] test_every_svg_source_is_declared (14ms)
  [PASS] test_no_rendered_png_is_an_orphan (1ms)
  [PASS] test_every_colour_is_kit_palette_or_a_blend_of_two (1121ms)

------------------------------------------------------------
  Total: 1177  |  Passed: 1176  |  Failed: 1  |  Skipped: 0
  Selected: 1177 of 1177 discovered  (no selector)
  Autoloads: 2 of 2 ready
  Assertions: 26171 executed
  Suite: 11 test script(s) in res://test/unit
------------------------------------------------------------
  SOME TESTS FAILED

ERROR: 2 RID allocations of type 'PN13RendererDummy14TextureStorage12DummyTextureE' were leaked at exit.
WARNING: 13 RIDs of type "CanvasItem" were leaked.
   at: _free_rids (servers/rendering/renderer_canvas_cull.cpp:2735)
WARNING: 77 ObjectDB instances were leaked at exit (run with `--verbose` for details).
   at: cleanup (core/object/object.cpp:2536)
ERROR: 9 resources still in use at exit (run with --verbose for details).
   at: clear (core/io/resource.cpp:822)
Engine errors: 5 ERROR: line(s) emitted (advisory - some are legitimate for a test exercising a failure path; watch this number MOVE):
  tests.log:13: ERROR: Attempted to set an invalid (previously freed?) object instance into a 'TypedArray'.
      at: _internal_validate_object (./core/variant/container_type_validate.h:97)
  tests.log:22: ERROR: Condition "!_p->typed.validate(value, "set")" is true.
      at: set (core/variant/array.cpp:520)
  tests.log:2798: ERROR: String formatting error: not all arguments converted during string formatting.
      at: validated_evaluate (core/variant/variant_op.h:829)
  tests.log:5257: ERROR: 2 RID allocations of type 'PN13RendererDummy14TextureStorage12DummyTextureE' were leaked at exit.
  tests.log:5262: ERROR: 9 resources still in use at exit (run with --verbose for details).
      at: clear (core/io/resource.cpp:822)
user:// on entry: 5 pre-existing file(s) in C:\Users\gotmi\AppData\Roaming\Godot\app_userdata\plant-tower-defense -- devtools_log.jsonl, devtools_owner.json, findings_last.json, highscore.save, highscore.save.bak. A suite result can depend on these; they are read at autoload time and a run that inherits one looks identical in the writes line below (advisory)
user:// writes: 0 file(s) changed by the suite (C:\Users\gotmi\AppData\Roaming\Godot\app_userdata\plant-tower-defense)
Declared: 6376 assertion call site(s) across 11 test file(s); 26171 executed (loops or helpers run some sites more than once)
